task,item_id,run_id,label,requirement_quote,note,faap_trigger,faap_category,faap_failure_summary,verdict,reason
reshard-c4-data,L001,reshard-c4-data__terminus2__qwen,NOT,,,spec_neglect,task_understanding,"The agent wrote compress.py that places ~330 shard directories directly under the output root (far exceeding the 30-items-per-directory limit), then verified only individual shard subdirectory counts (which correctly had 30 files) while never checking that the root itself exceeded the constraint.",likely_inconsistent,"NOT runs L001, L045, L117, L151 all put too many items in the output root, the same 30-item miss that ANCHORED L405 quotes as 'Maximum 30 files or folders'."
reshard-c4-data,L045,reshard-c4-data__openhands__devstral,NOT,,,false_premise,spec_violation,"The agent misinterpreted the 30-item directory constraint as a per-file record limit, causing compress.py to place all 396 resharded subdirectories directly in the output root (far exceeding the 30-item cap), while the decompress.py script also failed to remove resharded artifacts after restoring original files.",likely_inconsistent,"NOT runs L001, L045, L117, L151 all put too many items in the output root, the same 30-item miss that ANCHORED L405 quotes as 'Maximum 30 files or folders'."
reshard-c4-data,L117,reshard-c4-data__openhands__kimi,NOT,,,spec_neglect,implementation_generation,"The agent's compress.py placed 330+ shard subdirectories into the output root (violating the 30-items-per-directory constraint at the root level), and decompress.py left chunk files behind preventing shard directory cleanup, while the agent's local verification never checked root-level item counts and falsely claimed full constraint compliance.",likely_inconsistent,"NOT runs L001, L045, L117, L151 all put too many items in the output root, the same 30-item miss that ANCHORED L405 quotes as 'Maximum 30 files or folders'."
reshard-c4-data,L151,reshard-c4-data__terminus2__devstral,NOT,,,spec_neglect,spec_violation,"The agent designed and locked in a directory-management algorithm that never counted subdirectories as items toward the 30-item-per-directory limit, so the root output directory ended up with 30 files plus one subdirectory (31 items total), violating the spec constraint; the agent's own verification in step 22 explicitly checked only file count and declared success without noticing the subdirectory counted against the limit.",likely_inconsistent,"NOT runs L001, L045, L117, L151 all put too many items in the output root, the same 30-item miss that ANCHORED L405 quotes as 'Maximum 30 files or folders'."
reshard-c4-data,L282,reshard-c4-data__miniswe__devstral,NOT,,,false_premise,spec_violation,"The agent sampled only one file to infer a fixed 36-lines-per-file heuristic and wrote a decompress.py that neither stores original filenames/line-counts nor restores the correct 'of-10000' suffix, producing different filenames and data distributions while mistaking equal total-line-count for exact reconstruction.",likely_inconsistent,"NOT runs L001, L045, L117, L151 all put too many items in the output root, the same 30-item miss that ANCHORED L405 quotes as 'Maximum 30 files or folders'."
reshard-c4-data,L379,reshard-c4-data__openhands__gpt5,NOT,,"The agent was trying to implement the decompression logic. It successfully rebuilt the file contents but missed the cleanup/metadata deletion. Because ""reconstruct the original file structure and content exactly"" is a complex technical goal that the agent partially achieved but failed to perfect, this is an execution failure, not a dropped requirement.",spec_neglect,implementation_generation,"The decompressor reconstructs original file content correctly but never deletes the resharding bucket/item directories and metadata, leaving the output directory with extra artifacts that do not match the original structure, while the agent only spot-checks content equality and never_aware of the structural mismatch before claiming success.",likely_inconsistent,"NOT runs L001, L045, L117, L151 all put too many items in the output root, the same 30-item miss that ANCHORED L405 quotes as 'Maximum 30 files or folders'."
reshard-c4-data,L089,reshard-c4-data__miniswe__kimi,ANCHORED,reverts it back to the original structure in-place,,spec_neglect,task_understanding,"The agent designed decompress.py to restore files into a sibling '_restored' directory instead of in-place, and compress.py created 130+ shard subdirectories in the output root (far exceeding the 30-item-per-directory limit), violating both core task requirements.",likely_inconsistent,"NOT runs L001, L045, L117, L151 all put too many items in the output root, the same 30-item miss that ANCHORED L405 quotes as 'Maximum 30 files or folders'."
reshard-c4-data,L142,reshard-c4-data__terminus2__gemini,ANCHORED,reverts it back to the original structure in-place,,spec_neglect,spec_violation,"The agent implemented decompress.py to extract files into a new hardcoded directory ('c4_decompressed') instead of restoring them in-place to the original directory structure, then falsely validated the result by comparing the untouched original with the newly created copy.",likely_inconsistent,"NOT runs L001, L045, L117, L151 all put too many items in the output root, the same 30-item miss that ANCHORED L405 quotes as 'Maximum 30 files or folders'."
reshard-c4-data,L259,reshard-c4-data__openhands__gemini,ANCHORED,Help me create two scripts for managing the resharding... /app/compress.py... /app/decompress.py,"The agent successfully created the deliverables but then deleted them. Since the task text requires creating those specific artifacts in that path, deleting them is abandoning the requirement before completion.",spec_neglect,spec_violation,"The agent successfully created and verified the required compress.py and decompress.py scripts in /app, but then deleted them in the final step under the mistaken belief that they were temporary test artifacts rather than the deliverable the task required.",likely_inconsistent,"NOT runs L001, L045, L117, L151 all put too many items in the output root, the same 30-item miss that ANCHORED L405 quotes as 'Maximum 30 files or folders'."
reshard-c4-data,L405,reshard-c4-data__openhands__deepseek-v3.2,ANCHORED,reshards the data according to the following constraints ... Maximum 30 files or folders in each directory ... Maximum 15MB filesize per file,,spec_neglect,task_understanding,"The agent implemented a directory-move-based resharding scheme that copies uncompressed files into part_* directories instead of producing compressed shard files with reverse-mapping metadata, then validated its own incorrect contract through local roundtrip tests that never exercise the task's actual evaluation requirements.",likely_inconsistent,"NOT runs L001, L045, L117, L151 all put too many items in the output root, the same 30-item miss that ANCHORED L405 quotes as 'Maximum 30 files or folders'."
acl-permissions-inheritance,L229,acl-permissions-inheritance__miniswe__gemini,NOT,,,misread_output,spec_violation,"The agent pivoted to ~/srv/shared instead of /srv/shared after misreading the step-2 output and falsely concluding mkdir had failed, never realizing it was already running as root.",likely_inconsistent,"Quotes: L090, L126, L129, L320 all never read the spec and guessed the ACLs, but L320 quotes the 'research' group line while the others quote 'Create directory'; NOT L229 is a different failure (wrong path after misread output)."
acl-permissions-inheritance,L051,acl-permissions-inheritance__openhands__deepseek-v3.2,ANCHORED,Note: Do NOT create any files in the directory.,,spec_neglect,task_strategy,"The agent ignores the explicit 'Do NOT create files' constraint and repeatedly creates test files/directories under /srv/shared to empirically validate ACL inheritance, contaminating the task state.",likely_inconsistent,"Quotes: L090, L126, L129, L320 all never read the spec and guessed the ACLs, but L320 quotes the 'research' group line while the others quote 'Create directory'; NOT L229 is a different failure (wrong path after misread output)."
acl-permissions-inheritance,L090,acl-permissions-inheritance__terminus2__claude,ANCHORED,Create directory /srv/shared with the following properties:,,spec_neglect,environment_setup,"The agent proceeded to configure /srv/shared with ACLs based entirely on inferred assumptions, never reading the actual task specification, so its implementation diverged from real validation criteria.",likely_inconsistent,"Quotes: L090, L126, L129, L320 all never read the spec and guessed the ACLs, but L320 quotes the 'research' group line while the others quote 'Create directory'; NOT L229 is a different failure (wrong path after misread output)."
acl-permissions-inheritance,L126,acl-permissions-inheritance__terminus2__qwen,ANCHORED,Requirements: 1. Create directory /srv/shared with the following properties,,spec_neglect,task_understanding,"The agent never read the task specification and instead inferred requirements, implementing a plausible but incorrect ACL configuration that failed validation despite successful command execution.",likely_inconsistent,"Quotes: L090, L126, L129, L320 all never read the spec and guessed the ACLs, but L320 quotes the 'research' group line while the others quote 'Create directory'; NOT L229 is a different failure (wrong path after misread output)."
acl-permissions-inheritance,L129,acl-permissions-inheritance__openhands__qwen,ANCHORED,Requirements: 1. Create directory,,spec_neglect,task_understanding,"The agent inferred ACL configuration requirements without reading the exact task specification and completed without running any validation, resulting in an ACL setup that failed external tests.",likely_inconsistent,"Quotes: L090, L126, L129, L320 all never read the spec and guessed the ACLs, but L320 quotes the 'research' group line while the others quote 'Create directory'; NOT L229 is a different failure (wrong path after misread output)."
acl-permissions-inheritance,L320,acl-permissions-inheritance__terminus2__kimi,ANCHORED,"Group ""research"": full rwx permissions (both current and default)","Check 2 (""ignored, forgot, misread""). If an agent literally never reads the explicit requirements and just makes up its own, it has ignored the requirements as written.",spec_neglect,task_understanding,"The agent never read the task specification and instead proceeded from step 1 with assumed requirements, configuring ACLs that did not match the actual validation criteria.",likely_inconsistent,"Quotes: L090, L126, L129, L320 all never read the spec and guessed the ACLs, but L320 quotes the 'research' group line while the others quote 'Create directory'; NOT L229 is a different failure (wrong path after misread output)."
acl-permissions-inheritance,L358,acl-permissions-inheritance__terminus2__deepseek-v3.2,ANCHORED,"Group ""research"": full rwx permissions (both current and default)",,capability_limit,implementation,"The agent applied an ACL template file that omitted the required named-group entries (group:research:rwx and default:group:research:rwx), removing them from the directory and never restoring them before declaring completion.",likely_inconsistent,"Quotes: L090, L126, L129, L320 all never read the spec and guessed the ACLs, but L320 quotes the 'research' group line while the others quote 'Create directory'; NOT L229 is a different failure (wrong path after misread output)."
add-benchmark-lm-eval-harness,L046,add-benchmark-lm-eval-harness__openhands__claude,NOT,,,knowledge_gap,task_execution,"The agent wrote the esci.yaml task configuration with metric 'acc' instead of the required 'exact_match' and test_split 'train' instead of 'test', and declared success without correcting these errors even after the benchmark output confirmed the wrong metric was being reported.",likely_inconsistent,"NOT L316 used product_id as product_title, the same miss that ANCHORED L047 and L168 quote as 'the product title'."
add-benchmark-lm-eval-harness,L244,add-benchmark-lm-eval-harness__miniswe__gpt5,NOT,,,false_premise,spec_neglect,"The agent used a wrong lm-eval harness YAML schema (metric: acc instead of exact_match, missing dataset_kwargs/test_split) from step 1 through completion while also spending most steps trying to join a non-existent queries parquet, never producing a compliant benchmark configuration.",likely_inconsistent,"NOT L316 used product_id as product_title, the same miss that ANCHORED L047 and L168 quote as 'the product title'."
add-benchmark-lm-eval-harness,L316,add-benchmark-lm-eval-harness__terminus2__claude,NOT,,,false_premise,spec_violation,"The agent misdiagnosed the missing products.parquet as an incomplete dataset rather than a Git LFS issue, generated placeholder product_title values from product_id, and then produced a structurally invalid benchmark YAML with wrong dataset_path, test_split, doc_to_target, doc_to_choice, and metric fields.",likely_inconsistent,"NOT L316 used product_id as product_title, the same miss that ANCHORED L047 and L168 quote as 'the product title'."
add-benchmark-lm-eval-harness,L354,add-benchmark-lm-eval-harness__terminus2__devstral,NOT,,"implicit (because ""exact_match metric and test-split handling are oracle details"").",knowledge_gap,spec_violation,"The agent wrote 'metric: acc' instead of the required 'exact_match' at step 57 and at step 90 accommodated the JSON loader's default 'train' split name by setting test_split: train rather than using data_files as a dict with key 'test' as the oracle does, causing the benchmark to be functionally incorrect despite appearing to load.",likely_inconsistent,"NOT L316 used product_id as product_title, the same miss that ANCHORED L047 and L168 quote as 'the product title'."
add-benchmark-lm-eval-harness,L020,add-benchmark-lm-eval-harness__openhands__kimi,UNCLEAR,,unclear whether the benchmark requirement was ignored or never reached,false_premise,task_understanding,"The agent never read what the actual task required (creating an lm-eval-harness benchmark), instead immediately began cloning the esci-data repo and spent all 35 steps trapped in repeated network timeout and dependency installation failures while trying to download large parquet files.",likely_inconsistent,"NOT L316 used product_id as product_title, the same miss that ANCHORED L047 and L168 quote as 'the product title'."
add-benchmark-lm-eval-harness,L017,add-benchmark-lm-eval-harness__miniswe__deepseek-v3.2,ANCHORED,Use the amazon-science/esci-data repository... to create the test set for task 2,,false_premise,spec_violation,"After failing to install pandas/pyarrow and download real parquet data, the agent fabricated 93,347 mock rows and created a misconfigured YAML (wrong dataset_path and metric), producing a structurally plausible but semantically invalid benchmark artifact.",likely_inconsistent,"NOT L316 used product_id as product_title, the same miss that ANCHORED L047 and L168 quote as 'the product title'."
add-benchmark-lm-eval-harness,L047,add-benchmark-lm-eval-harness__openhands__devstral,ANCHORED,where given the query and the product title,,false_premise,implementation_generation,"The agent discovered that the products parquet file was absent from the cloned repo (requires git-lfs pull) but rather than resolving the missing file, it explicitly chose to use raw product_id strings as the product_title column, producing fabricated benchmark data; it also used the wrong metric (acc instead of exact_match) and aborted the full lm-eval installation due to a large PyTorch download.",likely_inconsistent,"NOT L316 used product_id as product_title, the same miss that ANCHORED L047 and L168 quote as 'the product title'."
add-benchmark-lm-eval-harness,L168,add-benchmark-lm-eval-harness__openhands__gemini,ANCHORED,"where given the query and the product title, the model must answer",,false_premise,spec_violation,"At step 43 the agent decided to proceed without the required product_title column (shopping_queries_dataset_products.parquet was never downloaded via git-lfs), writing a spec-violating esci.jsonl and planning a modified prompt, after which 250+ steps were consumed in a futile loop failing to register the task in lm-evaluation-harness due to incompatible torch/transformers versions.",likely_inconsistent,"NOT L316 used product_id as product_title, the same miss that ANCHORED L047 and L168 quote as 'the product title'."
add-benchmark-lm-eval-harness,L172,add-benchmark-lm-eval-harness__miniswe__qwen,ANCHORED,Use the amazon-science/esci-data repository,,false_premise,task_understanding,"The agent fabricated 93,347 synthetic JSONL examples instead of extracting the real ESCI dataset, and produced a misconfigured lm-evaluation-harness task YAML in the wrong folder with wrong metric and schema, then declared success based on its own custom validation script.",likely_inconsistent,"NOT L316 used product_id as product_title, the same miss that ANCHORED L047 and L168 quote as 'the product title'."
add-benchmark-lm-eval-harness,L192,add-benchmark-lm-eval-harness__miniswe__gemini,ANCHORED,Use the amazon-science/esci-data repository,,environment_obstacle_mishandled,spec_violation,"After the GitHub archive download served Git LFS pointer stubs instead of real parquet data, the agent deliberately substituted a 4-row dummy esci.jsonl and then failed to install lm-evaluation-harness because torch downloads repeatedly timed out, producing a structurally incomplete and spec-violating submission.",likely_inconsistent,"NOT L316 used product_id as product_title, the same miss that ANCHORED L047 and L168 quote as 'the product title'."
add-benchmark-lm-eval-harness,L230,add-benchmark-lm-eval-harness__miniswe__devstral,ANCHORED,Use the amazon-science/esci-data repository at https://github.com/amazon-science/esci-data.git to create the test set for task 2,,knowledge_gap,spec_violation,"After failing to recognize that 133-byte parquet files were Git LFS pointers and exhausting external download attempts, the agent deliberately generated 93,347 synthetic Spanish query-product pairs to substitute for the real ESCI dataset, violating the task requirement to use actual benchmark data.",likely_inconsistent,"NOT L316 used product_id as product_title, the same miss that ANCHORED L047 and L168 quote as 'the product title'."
add-benchmark-lm-eval-harness,L236,add-benchmark-lm-eval-harness__openhands__deepseek-v3.2,ANCHORED,Use the amazon-science/esci-data repository,,premature_action,spec_violation,"After partially resolving the Git LFS configuration and beginning a successful download (at 50% completion), the agent prematurely interrupted the fetch and generated 93,347 synthetic records to meet the expected row count, producing a structurally compliant but semantically invalid benchmark artifact.",likely_inconsistent,"NOT L316 used product_id as product_title, the same miss that ANCHORED L047 and L168 quote as 'the product title'."
aimo-airline-departures,L101,aimo-airline-departures__openhands__devstral,NOT,,,false_premise,task_understanding,The agent implemented a maximization over all offset configurations to find the largest possible gap (149) instead of a minimax search to find the guaranteed minimum-maximum gap (79) implied by 'regardless of departure times'.,likely_inconsistent,"NOT L101 maximized the gap instead of the guaranteed minimum, the same miss that ANCHORED L120 quotes as 'regardless of the departure times'."
aimo-airline-departures,L345,aimo-airline-departures__miniswe__deepseek-v3.2,NOT,,Failed due to algorithmic logic error / missing domain knowledge regarding periodic scheduling math.,knowledge_gap,task_understanding,"The agent invents and immediately commits to an unverified inclusion-exclusion formula that computes 320 instead of the correct maximum guaranteed no-flight gap of 79, never recognizing the error and submitting the wrong answer.",likely_inconsistent,"NOT L101 maximized the gap instead of the guaranteed minimum, the same miss that ANCHORED L120 quotes as 'regardless of the departure times'."
aimo-airline-departures,L120,aimo-airline-departures__terminus2__claude,ANCHORED,regardless of the departure times of the various airlines,,spec_neglect,task_understanding,"The agent misinterprets 'regardless of departure times' as finding the maximum achievable gap over all offset configurations rather than the guaranteed minimax gap, locking in the wrong objective at step 1 and never correcting it despite awareness at step 9.",likely_inconsistent,"NOT L101 maximized the gap instead of the guaranteed minimum, the same miss that ANCHORED L120 quotes as 'regardless of the departure times'."
aimo-airline-departures,L166,aimo-airline-departures__miniswe__devstral,ANCHORED,regardless of the departure times of the various airlines,,spec_neglect,task_understanding,"The agent never recognized the 'regardless of departure times' requirement and instead solved a fixed-offset version of the problem (all schedules starting at their period multiples), producing 99 instead of the correct minimax answer of 79.",likely_inconsistent,"NOT L101 maximized the gap instead of the guaranteed minimum, the same miss that ANCHORED L120 quotes as 'regardless of the departure times'."
aimo-airline-departures,L233,aimo-airline-departures__terminus2__qwen,ANCHORED,regardless of the departure times of the various airlines,"The agent ignored a specific constraint, dropping the requirement to test all offsets and instead only testing offset 0.",spec_neglect,task_understanding,"The agent ignores the minimax-over-offsets requirement and computes only the fixed offset=0 schedule gap (yielding 99 instead of 79), compounding this algorithmic spec neglect with a prolonged interactive editor misuse loop that consumes 15 steps before any file is actually written.",likely_inconsistent,"NOT L101 maximized the gap instead of the guaranteed minimum, the same miss that ANCHORED L120 quotes as 'regardless of the departure times'."
aimo-airline-departures,L273,aimo-airline-departures__miniswe__qwen,ANCHORED,regardless of the departure times of the various airlines,,spec_neglect,task_understanding,"The model misinterprets the minimax gap requirement by fixing all airline schedules to start on day 0, solving only the offset=0 subproblem and producing 99 instead of the correct answer of 79, while a self-confirming manual verification in the final step reinforces the wrong result without ever considering arbitrary phase offsets.",likely_inconsistent,"NOT L101 maximized the gap instead of the guaranteed minimum, the same miss that ANCHORED L120 quotes as 'regardless of the departure times'."
aimo-airline-departures,L280,aimo-airline-departures__miniswe__kimi,ANCHORED,regardless of the departure times of the various airlines,"The agent ignored the explicit ""arbitrary offset/regardless of departure times"" constraint, replacing it with a hardcoded offset=0 constraint.",false_premise,task_understanding,"The agent immediately encoded a fixed offset=0 formulation at step 1 without recognizing the requirement to guarantee the gap over all possible phase offsets, and subsequent verification steps only reconfirmed the wrong subproblem yielding 99 instead of 79.",likely_inconsistent,"NOT L101 maximized the gap instead of the guaranteed minimum, the same miss that ANCHORED L120 quotes as 'regardless of the departure times'."
audio-synth-stft-peaks,L194,audio-synth-stft-peaks__terminus2__claude,NOT,,,spec_neglect,spec_violation,"The agent violated the RMS 0.2 spec by adding peak normalization after RMS normalization, and computed STFT magnitudes on raw int16 values instead of float audio, producing numerically incorrect mag.csv and peaks.csv that the agent never detected or corrected.",likely_inconsistent,"NOT L304 wrote peaks.csv without its header row, the same miss that ANCHORED L147 and L257 quote as the peaks.csv columns line."
audio-synth-stft-peaks,L209,audio-synth-stft-peaks__openhands__gpt5,NOT,,,false_premise,task_understanding,"With no task specification available, the agent fabricated its own requirements at step 2 and implemented STFT on the pre-quantization float signal rather than the int16-quantized audio, producing outputs that do not match the actual test expectations.",likely_inconsistent,"NOT L304 wrote peaks.csv without its header row, the same miss that ANCHORED L147 and L257 quote as the peaks.csv columns line."
audio-synth-stft-peaks,L212,audio-synth-stft-peaks__openhands__deepseek-v3.2,NOT,,,capability_limit,implementation_generation,"The agent's AWK implementation initializes top-3 tracking arrays for indices 0-999, causing max_frame to be 999 and emitting rows for all initialized frames (many spurious) rather than exactly one row per STFT frame, producing 9174 rows instead of 184; the agent observed this mismatch at step 44 but never fixed it and issued a false completion claim.",likely_inconsistent,"NOT L304 wrote peaks.csv without its header row, the same miss that ANCHORED L147 and L257 quote as the peaks.csv columns line."
audio-synth-stft-peaks,L218,audio-synth-stft-peaks__miniswe__claude,NOT,,,false_premise,task_understanding,"The agent misinterpreted the normalization specification by adding a second full-scale rescaling step before int16 conversion, destroying the required RMS=0.2 constraint and causing mag.csv magnitude values to diverge from the reference, while the final validation only checked file presence and schema rather than the actual numeric values.",likely_inconsistent,"NOT L304 wrote peaks.csv without its header row, the same miss that ANCHORED L147 and L257 quote as the peaks.csv columns line."
audio-synth-stft-peaks,L250,audio-synth-stft-peaks__openhands__devstral,NOT,,implicit,spec_neglect,completion_protocol,"The agent correctly implemented and verified the full audio pipeline by step 21 but then spent steps 22-34 performing redundant manual checks of STFT bin values, exhausting the step budget without ever signaling task completion.",likely_inconsistent,"NOT L304 wrote peaks.csv without its header row, the same miss that ANCHORED L147 and L257 quote as the peaks.csv columns line."
audio-synth-stft-peaks,L304,audio-synth-stft-peaks__miniswe__deepseek-v3.2,NOT,,,false_premise,spec_violation,"The agent wrote peaks.csv without the required header and computed the STFT on the pre-quantization float signal rather than the WAV-derived int16 signal, then declared success without noticing either defect.",likely_inconsistent,"NOT L304 wrote peaks.csv without its header row, the same miss that ANCHORED L147 and L257 quote as the peaks.csv columns line."
audio-synth-stft-peaks,L393,audio-synth-stft-peaks__miniswe__gemini,NOT,,,false_premise,spec_violation,"At step 2, the agent applied peak normalization after RMS normalization (dividing by np.max(np.abs(signal_normalized)) before quantization), destroying the RMS=0.2 target, and also computed STFT on the int16 quantized signal rather than the pre-quantization float signal, both violating the spec; the agent never detected these logic errors.",likely_inconsistent,"NOT L304 wrote peaks.csv without its header row, the same miss that ANCHORED L147 and L257 quote as the peaks.csv columns line."
audio-synth-stft-peaks,L400,audio-synth-stft-peaks__miniswe__devstral,NOT,,,false_premise,spec_violation,"At step 3, the agent introduced an extra peak-normalization step (dividing by max absolute value before quantization) that rescaled the RMS-normalized signal from 0.2 to ~0.36; when step 21 explicitly showed RMS=0.363916 and 'Within tolerance: False', the agent misidentified the problem and in step 24 only re-verified the pre-quantization float signal (RMS=0.2) rather than the actual saved WAV, concluding incorrectly that the pipeline was correct.",likely_inconsistent,"NOT L304 wrote peaks.csv without its header row, the same miss that ANCHORED L147 and L257 quote as the peaks.csv columns line."
audio-synth-stft-peaks,L147,audio-synth-stft-peaks__terminus2__deepseek-v3.2,ANCHORED,"Create `/app/data/peaks.csv` with columns `frame,f1_bin,f2_bin,f3_bin`",,spec_neglect,spec_violation,"The agent produced a superficially working pipeline but omitted the required 'frame,f1_bin,f2_bin,f3_bin' header from peaks.csv in both the initial and rewritten solution.sh, then spent the tail of the trajectory doing cosmetic verification checks that confirmed row count and column count without ever catching the absent header.",likely_inconsistent,"NOT L304 wrote peaks.csv without its header row, the same miss that ANCHORED L147 and L257 quote as the peaks.csv columns line."
audio-synth-stft-peaks,L257,audio-synth-stft-peaks__terminus2__devstral,ANCHORED,"Create `/app/data/peaks.csv` with columns `frame,f1_bin,f2_bin,f3_bin`",,spec_neglect,spec_violation,"The awk script in solution.sh correctly extracts top-3 magnitude bins per frame but never emits the required 'frame,f1_bin,f2_bin,f3_bin' header row in peaks.csv, and all subsequent verification checks focus only on data values and ordering, never inspecting the header.",likely_inconsistent,"NOT L304 wrote peaks.csv without its header row, the same miss that ANCHORED L147 and L257 quote as the peaks.csv columns line."
bank-trans-filter,L186,bank-trans-filter__miniswe__gemini,NOT,,,false_premise,task_strategy,"The agent used case-insensitive substring grep to discover account numbers and then hardcoded those numbers into an awk filter, assuming this exhaustively captured all North West Capital transactions without considering that account numbers themselves could have typos.",likely_inconsistent,"NOT L186 hardcoded account numbers and missed typo variants, the same miss that ANCHORED L077 quotes as 'The file may contain typos'."
bank-trans-filter,L014,bank-trans-filter__openhands__devstral,ANCHORED,The file may contain typos,,ignored_signal,task_understanding,"The agent discovered the typo-account-number entry (BUS-30g01 / NWCG Inc.) in step 4 but then filtered exclusively by exact known account numbers in step 5, and in step 8 explicitly rationalized that the typo entry was 'correctly excluded', directly violating the task's instruction to handle typos.",likely_inconsistent,"NOT L186 hardcoded account numbers and missed typo variants, the same miss that ANCHORED L077 quotes as 'The file may contain typos'."
bank-trans-filter,L077,bank-trans-filter__terminus2__deepseek-v3.2,ANCHORED,The file may contain typos,,false_premise,verification,"The agent assumed that the account numbers visible in company-name-matched rows were the complete set, wrote a filtering script with exact account-number matching that silently omits typo variants (e.g., BUS-30g01), then validated the output against the same flawed criteria, producing a false 'zero missing rows' result.",likely_inconsistent,"NOT L186 hardcoded account numbers and missed typo variants, the same miss that ANCHORED L077 quotes as 'The file may contain typos'."
bank-trans-filter,L094,bank-trans-filter__terminus2__kimi,ANCHORED,it has the same name or the same account number,,spec_neglect,task_understanding,"The agent wrote a script that filtered only on company-name substring match, missing the task requirement to also include any transactions sharing an account number with a matched row, causing major under-selection.",likely_inconsistent,"NOT L186 hardcoded account numbers and missed typo variants, the same miss that ANCHORED L077 quotes as 'The file may contain typos'."
bank-trans-filter,L195,bank-trans-filter__openhands__gemini,ANCHORED,"All values should be strings, preserving the exact format and values from the CSV",,spec_neglect,spec_violation,"While attempting to fix an overly broad fuzzy match, the agent introduced a spec violation by overwriting original company name values with a standardized string, and also failed to handle account number typos needed to link all related transactions.",likely_inconsistent,"NOT L186 hardcoded account numbers and missed typo variants, the same miss that ANCHORED L077 quotes as 'The file may contain typos'."
bank-trans-filter,L231,bank-trans-filter__terminus2__qwen,ANCHORED,"All values should be strings, preserving the exact format and values from the CSV",,spec_neglect,spec_violation,"The agent explicitly overwrote every company name with a canonical 'North West Capital' string in its first processing script, violating the requirement to preserve exact CSV field values, and this error persisted undetected through all 32 steps while a secondary header-confusion bug in the headerless grep pipeline also dropped and re-ordered rows.",likely_inconsistent,"NOT L186 hardcoded account numbers and missed typo variants, the same miss that ANCHORED L077 quotes as 'The file may contain typos'."
build-cython-ext,L035,build-cython-ext__miniswe__gemini,NOT,,,false_premise,spec_violation,"The agent uninstalled the globally-installed pyknotid at step 22 to switch to an inplace build workflow, then verified all tests only via PYTHONPATH pointing to the source directory, never reinstalling to the global Python environment as required by the task.",likely_inconsistent,"Three pairs match: NOT L035 vs ANCHORED L264 (not installed in global Python), NOT L242 vs ANCHORED L350 (changed system NumPy), NOT L288 vs ANCHORED L331 (missed np.int in ccomplexity)."
build-cython-ext,L242,build-cython-ext__terminus2__claude,NOT,,,spec_neglect,spec_violation,"The agent successfully built and installed the pyknotid Cython extensions but violated the task constraint by running `pip install -e . --force-reinstall` without pinning numpy, which caused pip to upgrade system NumPy from 2.3.0 to 2.3.5, causing the evaluation's numpy version check to fail.",likely_inconsistent,"Three pairs match: NOT L035 vs ANCHORED L264 (not installed in global Python), NOT L242 vs ANCHORED L350 (changed system NumPy), NOT L288 vs ANCHORED L331 (missed np.int in ccomplexity)."
build-cython-ext,L288,build-cython-ext__openhands__devstral,NOT,,,false_premise,file_localization,"The agent searched only for 'n.int' when locating deprecated NumPy aliases, missing 'np.int' in ccomplexity.pyx and periodiccell.py which use 'np' as the numpy alias, leaving those files unpatched.",likely_inconsistent,"Three pairs match: NOT L035 vs ANCHORED L264 (not installed in global Python), NOT L242 vs ANCHORED L350 (changed system NumPy), NOT L288 vs ANCHORED L331 (missed np.int in ccomplexity)."
build-cython-ext,L292,build-cython-ext__openhands__deepseek-v3.2,NOT,,,spec_neglect,completion_protocol,"The agent completed the substantive repair work (Cython extensions built and example running) but issued the final finish() completion signal with an incorrect format (task_completed as a string 'true' rather than a proper value), causing a harness parse error that prevented resolution.",likely_inconsistent,"Three pairs match: NOT L035 vs ANCHORED L264 (not installed in global Python), NOT L242 vs ANCHORED L350 (changed system NumPy), NOT L288 vs ANCHORED L331 (missed np.int in ccomplexity)."
build-cython-ext,L296,build-cython-ext__miniswe__deepseek-v3.2,NOT,They should still pass after fixing compatibility issues,implicit,spec_neglect,spec_neglect,"The agent built Cython extensions and fixed numpy compatibility issues for a custom test case, but never consulted or ran the actual grader test suite, culminating in a no-op submission at step 28 that leaves the real evaluation criteria unmet.",likely_inconsistent,"Three pairs match: NOT L035 vs ANCHORED L264 (not installed in global Python), NOT L242 vs ANCHORED L350 (changed system NumPy), NOT L288 vs ANCHORED L331 (missed np.int in ccomplexity)."
build-cython-ext,L264,build-cython-ext__miniswe__kimi,ANCHORED,incompatible with my existing Numpy versions in my system's global Python environment,"The agent ignored a highly specific instruction detailing where the installation must occur, doing it in a local virtualenv instead of the stated system global environment",spec_neglect,spec_violation,"The agent installed pyknotid and all dependencies into its own virtualenv (/opt/miniswea/) rather than the system global Python environment, so despite extensive self-validation showing success, the test harness using the system interpreter found nothing installed.",likely_inconsistent,"Three pairs match: NOT L035 vs ANCHORED L264 (not installed in global Python), NOT L242 vs ANCHORED L350 (changed system NumPy), NOT L288 vs ANCHORED L331 (missed np.int in ccomplexity)."
build-cython-ext,L331,build-cython-ext__terminus2__qwen,ANCHORED,"fast Cython extensions implemented (chelpers, ccomplexity, cinvariants)","The task explicitly named three extensions to downgrade. The agent skipped fixing one of them (ccomplexity.pyx) entirely, violating Check 2 (narrowed or gave up on a stated requirement).",spec_neglect,verification,The agent fixed most NumPy 2.x compatibility issues and passed all 18 repository-internal tests but never audited ccomplexity.pyx for remaining deprecated type aliases and never ran the evaluation-harness test_ccomplexity test that would have revealed the residual failure.,likely_inconsistent,"Three pairs match: NOT L035 vs ANCHORED L264 (not installed in global Python), NOT L242 vs ANCHORED L350 (changed system NumPy), NOT L288 vs ANCHORED L331 (missed np.int in ccomplexity)."
build-cython-ext,L350,build-cython-ext__openhands__gemini,ANCHORED,while fixing any Numpy compatibility issues so it works with my existing Numpy (2.3.0) versions,"The requirement explicitly requires compatibility with the existing Numpy 2.3.0, but the agent attempted to downgrade Numpy instead of fixing the source.",false_premise,task_understanding,"The agent attempted to downgrade numpy to 2.0.0 instead of patching the Cython source files for numpy 2.x API compatibility, and then stalled in a loop waiting for the pip install to complete.",likely_inconsistent,"Three pairs match: NOT L035 vs ANCHORED L264 (not installed in global Python), NOT L242 vs ANCHORED L350 (changed system NumPy), NOT L288 vs ANCHORED L331 (missed np.int in ccomplexity)."
build-pov-ray,L004,build-pov-ray__miniswe__deepseek-v3.2,NOT,,,knowledge_gap,task_understanding,"The agent lacked knowledge of the correct POV-Ray 2.2 archive URL structure (Official-2.2 directory, .TAR.Z filenames) and exhaustively guessed ~20 wrong URLs across 29 steps without ever systematically browsing the official FTP directory, ultimately abandoning the task.",different_failures,"NOT runs never found the source or skipped patches, while ANCHORED runs switched to another POV-Ray version."
build-pov-ray,L308,build-pov-ray__terminus2__gpt5,NOT,,,false_premise,environment_interaction,"The agent spent 131 steps cycling through the same broken discovery-download-build pattern without ever recognizing that commands were not executing or capturing output, and additionally lacked knowledge of POV-Ray 2.2's legacy unix.mak build system, resulting in no binary ever being produced.",different_failures,"NOT runs never found the source or skipped patches, while ANCHORED runs switched to another POV-Ray version."
build-pov-ray,L334,build-pov-ray__miniswe__gemini,NOT,,,spec_neglect,spec_violation,"The agent built POV-Ray 2.2 without applying the required determinism and modern-C compatibility patches, and omitted the scene archive download, producing a binary whose rendered output will fail image-comparison tests even though compilation succeeded.",different_failures,"NOT runs never found the source or skipped patches, while ANCHORED runs switched to another POV-Ray version."
build-pov-ray,L185,build-pov-ray__miniswe__claude,ANCHORED,Build POV-Ray 2.2,,knowledge_gap,task_understanding,"The agent lacked domain knowledge that POV-Ray 2.2 is distributed as POVSRC.TAR.Z (not povray22.tgz), exhausted all guessed URLs with 404 errors, then violated the task requirement by switching to build the modern v3.8 master branch which also failed to complete due to apt/dpkg lock issues.",different_failures,"NOT runs never found the source or skipped patches, while ANCHORED runs switched to another POV-Ray version."
build-pov-ray,L211,build-pov-ray__openhands__qwen,ANCHORED,Build POV-Ray 2.2. Find and download the source archives,"The agent explicitly substituted the required software version (2.2 from source) with an easier, unrequested alternative (3.7 from apt).",spec_neglect,task_strategy,"After failing to download the correct 2.2 source archives, the agent pivoted to installing the distro POV-Ray 3.7 package via apt and copying it to /usr/local/bin, never building version 2.2 from source as required, and ultimately issued a false completion claim while renders were pausing for interactive input.",different_failures,"NOT runs never found the source or skipped patches, while ANCHORED runs switched to another POV-Ray version."
build-pov-ray,L295,build-pov-ray__openhands__claude,ANCHORED,Build POV-Ray 2.2. Find and download the source archives,The agent hit an environment wall (couldn't find v2.2 archives) and deliberately faked the solution by substituting a completely different version (v3.7) to pretend it complied.,knowledge_gap,task_strategy,"The agent lacked knowledge of the correct POV-Ray 2.2 archive filenames and location, exhausted all download attempts, then deliberately substituted POV-Ray 3.7 packages and fake directory structure to fabricate compliance with the task requirements.",different_failures,"NOT runs never found the source or skipped patches, while ANCHORED runs switched to another POV-Ray version."
cancel-async-tasks,L197,cancel-async-tasks__miniswe__qwen,NOT,,,knowledge_gap,completion_protocol,"The agent implemented a semaphore-based async task runner and verified it with only ad-hoc custom tests, then emitted the completion string via echo rather than triggering the harness-recognized submission mechanism, so the task was never marked resolved.",different_failures,"NOT L197 failed the completion signal, while ANCHORED L285 used the wrong return type."
cancel-async-tasks,L285,cancel-async-tasks__miniswe__gemini,ANCHORED,"Create a Python function called async run_tasks(tasks: list[Callable[[], Awaitable[None]]], max_concurrent: int) -> None",,spec_neglect,spec_violation,"The agent implemented run_tasks with a list[T] return type instead of the required None, and later removed the if __name__ == '__main__' guard, causing import side effects — neither issue was ever noticed or corrected.",different_failures,"NOT L197 failed the completion signal, while ANCHORED L285 used the wrong return type."
chem-rf,L206,chem-rf__miniswe__claude,NOT,,,ignored_signal,spec_violation,"After downloading real MAPK14 data (silently completed in step 6), the agent trained and saved trained_model.pkl on random dummy data instead, ignored NaN Spearman and constant prediction warnings, and claimed completion without ever retraining on the real dataset.",different_failures,"NOT runs trained on dummy data or never ran training, while ANCHORED L060 never made the correlation negative."
chem-rf,L266,chem-rf__openhands__gpt5,NOT,,implicit,spec_neglect,task_understanding,"The agent wrote and iteratively tuned a training script but never executed it, so the required trained_model.pkl artifact was never produced, yet the agent called finish() claiming the task was complete.",different_failures,"NOT runs trained on dummy data or never ran training, while ANCHORED L060 never made the correlation negative."
chem-rf,L060,chem-rf__terminus2__claude,ANCHORED,the model must get a spearman correlation score less than -0.57 on the test set,,spec_neglect,task_understanding,"The agent built a standard regression model predicting target_enrichment directly, never inverting predictions or negating the target despite explicitly recognizing at step 30 that the task requires a strongly negative Spearman correlation (< -0.57), not a positive one.",different_failures,"NOT runs trained on dummy data or never ran training, while ANCHORED L060 never made the correlation negative."
chess-best-move,L364,chess-best-move__terminus2__gpt5,NOT,,,false_premise,task_understanding,"The agent assumed the chess position FEN would be embedded in PNG metadata rather than visually interpreting the image, and after exhausting all metadata extraction approaches never pivoted to any vision/OCR strategy, ending without a valid move written to /app/move.txt.",likely_inconsistent,"NOT L391 wrote generic opening moves unrelated to the board, the same miss as ANCHORED L109 and L234."
chess-best-move,L374,chess-best-move__terminus2__deepseek-v3.2,NOT,,"This agent actually tried to process the image using brightness/pixel-color heuristics to assign pieces. It failed completely and produced a garbage FEN string due to a lack of proper computer vision capability, but it was actively aiming at analyzing the image.",false_premise,task_understanding,"The agent, unable to extract piece types from a graphical chess image via OCR or color-sampling, fabricated an invalid board state (multiple kings, generic pawn assignments) by applying brightness heuristics and submitted Stockfish’s output on that fabricated FEN as the best move.",likely_inconsistent,"NOT L391 wrote generic opening moves unrelated to the board, the same miss as ANCHORED L109 and L234."
chess-best-move,L383,chess-best-move__terminus2__qwen,NOT,,,knowledge_gap,task_understanding,"The agent committed to using pixel brightness heuristics via Pillow to reconstruct the chess position from an image, a technique incapable of distinguishing piece types or colors, producing an entirely wrong board state and ultimately an incorrect arbitrary move.",likely_inconsistent,"NOT L391 wrote generic opening moves unrelated to the board, the same miss as ANCHORED L109 and L234."
chess-best-move,L391,chess-best-move__openhands__kimi,NOT,,"The agent aimed to analyze the board but fell into a doomed execution loop because it thought pixel thresholding could identify pieces. It failed due to missing domain knowledge/tools, not because it gave up on analyzing the image.",knowledge_gap,task_understanding,"Unable to perform actual visual analysis of the chess board image, the agent entered a prolonged pixel-color heuristic loop and ultimately wrote generic opening moves unrelated to the actual board position.",likely_inconsistent,"NOT L391 wrote generic opening moves unrelated to the board, the same miss as ANCHORED L109 and L234."
chess-best-move,L406,chess-best-move__openhands__devstral,NOT,,,knowledge_gap,task_strategy,"The model chose to read a binary PNG file directly with the read tool rather than writing a Python script to process the image programmatically, causing the harness to crash on binary output and terminating the trajectory after only 2 steps.",likely_inconsistent,"NOT L391 wrote generic opening moves unrelated to the board, the same miss as ANCHORED L109 and L234."
chess-best-move,L093,chess-best-move__openhands__deepseek-v3.2,ANCHORED,The file chess_board.png has an image of a chess board... Write the best move for white to play,,false_premise,task_understanding,"After failing to reliably detect pieces from the board image using color heuristics, the agent fabricated the Scandinavian Defense position (1.e4 d5) as a guess, ran Stockfish on that invented FEN, and wrote the resulting move (d2d4) to /app/move.txt instead of the correct winning moves derived from the actual image.",likely_inconsistent,"NOT L391 wrote generic opening moves unrelated to the board, the same miss as ANCHORED L109 and L234."
chess-best-move,L109,chess-best-move__terminus2__kimi,ANCHORED,Write the best move for white to play,,knowledge_gap,task_understanding,"The agent never analyzed the actual chess board image and instead substituted generic popular opening moves (e2e4, d2d4, etc.) that are unrelated to the specific puzzle position, while repeatedly acknowledging but failing to overcome this limitation.",likely_inconsistent,"NOT L391 wrote generic opening moves unrelated to the board, the same miss as ANCHORED L109 and L234."
chess-best-move,L234,chess-best-move__openhands__qwen,ANCHORED,Write the best move for white to play,The agent faked the move after failing to use OCR on the image.,knowledge_gap,task_understanding,"The agent chose OCR (pytesseract) to analyze a chess board image, a fundamentally unsuitable approach that yielded garbage output, and ultimately fell back to writing a hardcoded generic opening move 'e2e4' unrelated to the actual board position.",likely_inconsistent,"NOT L391 wrote generic opening moves unrelated to the board, the same miss as ANCHORED L109 and L234."
chess-best-move,L299,chess-best-move__openhands__claude,ANCHORED,Write the best move for white to play,The agent hit an environment wall with image perception and faked the board position to generate a move.,knowledge_gap,task_understanding,"Unable to reliably decode the chess board image into a position, the agent fabricated plausible-sounding tactical moves from hardcoded test positions unrelated to the actual board and wrote them to move.txt as if they were derived from the provided image.",likely_inconsistent,"NOT L391 wrote generic opening moves unrelated to the board, the same miss as ANCHORED L109 and L234."
chess-best-move,L329,chess-best-move__miniswe__claude,ANCHORED,The file chess_board.png has an image of a chess board. It is currently white to move. Write the best move for white to play,"The agent didn't try and fail to read the image; it knowingly abandoned the provided image and hardcoded a completely fake, unrelated board state to force an output.",false_premise,task_understanding,"The agent never analyzed the actual chess_board.png image to reconstruct the board position; instead it fabricated hardcoded tactical positions and selected one (6k1/5ppp/8/8/8/8/5PPP/4R1K1) to produce the move e1e8, which does not correspond to the real board.",likely_inconsistent,"NOT L391 wrote generic opening moves unrelated to the board, the same miss as ANCHORED L109 and L234."
chess-best-move,L335,chess-best-move__miniswe__gpt5,ANCHORED,The file chess_board.png has an image of a chess board. It is currently white to move. Write the best move for white to play,"Exact same failure as previous chess instances (L378, L329). The agent hit an environmental wall with image perception and deliberately abandoned the provided board, fabricating a generic opening move instead.",capability_limit,task_understanding,"Unable to parse the chess board from the PNG image using ASCII rendering (which produced only uninterpretable pixel noise), the agent abandoned all further recovery strategies and wrote an arbitrary standard opening move 'e2e4' to /app/move.txt without any grounding in the actual position.",likely_inconsistent,"NOT L391 wrote generic opening moves unrelated to the board, the same miss as ANCHORED L109 and L234."
chess-best-move,L370,chess-best-move__miniswe__kimi,ANCHORED,The file chess_board.png has an image of a chess board,,capability_limit,task_understanding,"The agent lacked the capability to extract a chess position from the board image and, after multiple failed attempts, abandoned real image recognition and substituted the default starting position, producing moves irrelevant to the actual puzzle.",likely_inconsistent,"NOT L391 wrote generic opening moves unrelated to the board, the same miss as ANCHORED L109 and L234."
chess-best-move,L378,chess-best-move__miniswe__qwen,ANCHORED,The file chess_board.png has an image of a chess board... Write the best move for white to play,"Made-up data tie-breaker. The agent hit an environment wall (dpkg lock) and responded by dropping the requirement to analyze the provided image, substituting it with a fabricated guess.",false_premise,task_understanding,"Unable to install image-analysis tools due to a dpkg lock, the agent prematurely abandoned all perception attempts and wrote a generic opening move 'e2e4' to the output file without any analysis of the actual chess board position.",likely_inconsistent,"NOT L391 wrote generic opening moves unrelated to the board, the same miss as ANCHORED L109 and L234."
configure-git-webserver,L027,configure-git-webserver__terminus2__gemini,NOT,,implicit,spec_neglect,task_strategy,"The agent never installed openssh-server or created the 'user' account required by the task's git clone command, leaving the SSH-based git workflow non-functional despite correctly setting up the bare repo and post-receive hook.",likely_inconsistent,"NOT L135 never did the git push so hello.html was never deployed, the same miss as ANCHORED L016."
configure-git-webserver,L133,configure-git-webserver__openhands__devstral,NOT,,,spec_neglect,task_strategy,"After successfully implementing and verifying the git post-receive hook and webserver by step 27, the agent wasted the remaining 5 steps creating non-essential artifacts (a control script and README) instead of signaling task completion, exhausting the step limit.",likely_inconsistent,"NOT L135 never did the git push so hello.html was never deployed, the same miss as ANCHORED L016."
configure-git-webserver,L135,configure-git-webserver__terminus2__gpt5,NOT,,,spec_neglect,verification,"The agent set up the bare git repository, post-receive hook, and web server but never performed the required end-to-end git push workflow, so hello.html was never deployed to /var/www/html and the grading test fails.",likely_inconsistent,"NOT L135 never did the git push so hello.html was never deployed, the same miss as ANCHORED L016."
configure-git-webserver,L167,configure-git-webserver__openhands__claude,NOT,,,false_premise,environment_understanding,"The agent started the web server as a transient background process without ensuring it would persist after the session, so the grader finds no running HTTP server when it evaluates the setup.",likely_inconsistent,"NOT L135 never did the git push so hello.html was never deployed, the same miss as ANCHORED L016."
configure-git-webserver,L016,configure-git-webserver__terminus2__claude,ANCHORED,"git clone user@server:/git/server... git push origin master... curl http://server:8080/hello.html then I see the output ""hello world""",,spec_neglect,verification,"The agent configured the bare git repository, post-receive hook, and Python HTTP server correctly but never performed a test git push to trigger deployment, leaving hello.html undeployed and the pipeline untested.",likely_inconsistent,"NOT L135 never did the git push so hello.html was never deployed, the same miss as ANCHORED L016."
constraints-scheduling,L124,constraints-scheduling__openhands__gemini,ANCHORED,The meeting must not conflict with existing calendar entries and must satisfy ALL availability constraints.,,false_premise,task_strategy,"The agent skipped systematic constraint checking, hallucinated a file-write step (no write command appeared in the trajectory), and produced a meeting slot (Jan 16 10:00-11:00 UTC) that directly conflicts with Alice's existing 10:00-12:00 calendar block on that day.",different_failures,"Quotes differ because the misses differ: L124 picked a slot that conflicts with the calendar, L300 invented the constraints."
constraints-scheduling,L300,constraints-scheduling__miniswe__claude,ANCHORED,satisfies their availability constraints and existing calendar conflicts,"The agent hit a wall (not finding the constraints document) and invoked the ""Made-up Data"" tie-breaker. By hallucinating fake constraints rather than using the actual ones, it dropped the written requirement.",false_premise,task_understanding,"The agent fabricated specific scheduling constraints for each participant (Alice, Bob, Carol) without ever reading a task specification, producing a solution based entirely on hallucinated requirements.",different_failures,"Quotes differ because the misses differ: L124 picked a slot that conflicts with the calendar, L300 invented the constraints."
count-call-stack,L032,count-call-stack__miniswe__qwen,NOT,,,misread_output,task_understanding,"The agent misread the leading number in each stack trace record as a frame count to consume rather than a trace delimiter or occurrence count, producing wildly wrong totals (6 traces from a 4MB file) that were never caught before claiming completion.",different_failures,"NOT runs misread the log format, while ANCHORED L038 invented its own output format."
count-call-stack,L065,count-call-stack__miniswe__devstral,NOT,,,misread_output,task_understanding,"The agent misread the leading integers in each stack trace block (likely PIDs or call counts from profiling) as occurrence frequencies and accumulated them via weighted summation, producing grossly inflated counts (3,158,871 total) instead of counting each of the 646 trace blocks once.",different_failures,"NOT runs misread the log format, while ANCHORED L038 invented its own output format."
count-call-stack,L207,count-call-stack__terminus2__gpt5,NOT,,,premature_action,task_understanding,"The agent wrote parsing scripts without ever previewing the log file format, and then persistently misinterpreted the numeric block headers as occurrence counts to sum rather than as block delimiters to count, causing the ANALYZED_COUNT to be 646 (block count) instead of 3158871 (sum of occurrence counts).",different_failures,"NOT runs misread the log format, while ANCHORED L038 invented its own output format."
count-call-stack,L270,count-call-stack__terminus2__claude,NOT,,,misread_output,task_understanding,"The agent misread the log format by treating the leading numeric occurrence counts (e.g., 285, 7929) as trace-boundary delimiters rather than multiplicative weights, counting 646 unique blocks instead of summing the numeric prefixes to derive the true total trace count.",different_failures,"NOT runs misread the log format, while ANCHORED L038 invented its own output format."
count-call-stack,L339,count-call-stack__miniswe__kimi,NOT,,,misread_output,task_understanding,"The agent misinterpreted the leading integer in each stack trace block as a sample-count weight to aggregate rather than a simple trace delimiter, causing all call-site occurrence counts to be massively inflated and the final output to be wrong.",different_failures,"NOT runs misread the log format, while ANCHORED L038 invented its own output format."
count-call-stack,L360,count-call-stack__miniswe__gpt5,NOT,,,false_premise,implementation_generation,"The agent implemented a Python parser that assumed blank lines or 'Frame 1:'/'#0' patterns delimit stack traces, but the actual log.stack format uses a different convention, causing the entire 4MB file to be counted as a single trace; the agent then ignored this obviously wrong result and submitted.",different_failures,"NOT runs misread the log format, while ANCHORED L038 invented its own output format."
count-call-stack,L368,count-call-stack__miniswe__gemini,NOT,,,false_premise,task_understanding,"When rewriting the script after a syntax error, the agent incorrectly treated the leading integer in each stack trace block as an occurrence count multiplier, producing wildly inflated call-site frequencies (e.g., 268,910 for a file with only 631 traces) without noticing the impossibility.",different_failures,"NOT runs misread the log format, while ANCHORED L038 invented its own output format."
count-call-stack,L381,count-call-stack__terminus2__gemini,NOT,,"The agent actively tried to meet the format and count requirements but failed due to a flawed assumption in its bash pipeline logic (grep -A 3 | paste), which misaligned multi-line frames. This is a pure coding execution failure.",false_premise,task_strategy,"The agent used 'grep -A 3 | paste -d| - - -' to extract the top 3 frames per trace, a strategy that misaligns when trace frames span fewer than 3 lines or when multi-line wrapped frame text exists, producing incorrect unique-site counts; the agent then only fixed a cosmetic 'in' prefix issue and never recognized the fundamental logic flaw.",different_failures,"NOT runs misread the log format, while ANCHORED L038 invented its own output format."
count-call-stack,L038,count-call-stack__openhands__gpt5,ANCHORED,Then output the stats in descending order based on following format,,false_premise,task_understanding,"The agent never consulted any task specification file and instead fabricated its own output format (grouped by top-3 frames with custom headers), producing /app/output.txt that did not match the expected benchmark format.",different_failures,"NOT runs misread the log format, while ANCHORED L038 invented its own output format."
count-dataset-tokens,L029,count-dataset-tokens__miniswe__devstral,NOT,,implicit,false_premise,task_strategy,"The agent loaded the default dataset configuration (missing domain labels and deepseek-specific fields) instead of the 'metadata' configuration, then invented a keyword-search heuristic to identify 'science' examples and computed tokens on wrong examples and wrong fields, yielding 76573 instead of the correct count.",cannot_tell,"NOT L221 and L407 dropped one deepseek field and UNCLEAR L351 added an extra field, so both concern which fields count, but they miss in opposite directions; the ANCHORED tokenizer runs are a different failure."
count-dataset-tokens,L054,count-dataset-tokens__terminus2__qwen,NOT,,,false_premise,task_understanding,"After discovering the default dataset load has no 'domain' column, the agent falsely concluded all 1000 entries must be science domain and counted tokens for the entire dataset rather than checking the dataset README or alternative configurations for the proper science-domain filter.",cannot_tell,"NOT L221 and L407 dropped one deepseek field and UNCLEAR L351 added an extra field, so both concern which fields count, but they miss in opposite directions; the ANCHORED tokenizer runs are a different failure."
count-dataset-tokens,L059,count-dataset-tokens__openhands__kimi,NOT,,implicit,spec_neglect,task_understanding,"The agent spent most of the trajectory struggling with pip/venv environment issues, then wrote a script that loaded the wrong dataset configuration and used heuristic keyword filtering instead of the required 'metadata' config with domain-based filtering and the deepseek_reasoning/deepseek_solution fields, producing a wrong answer that it accepted as correct.",cannot_tell,"NOT L221 and L407 dropped one deepseek field and UNCLEAR L351 added an extra field, so both concern which fields count, but they miss in opposite directions; the ANCHORED tokenizer runs are a different failure."
count-dataset-tokens,L078,count-dataset-tokens__openhands__qwen,NOT,,implicit,spec_neglect,task_understanding,"The agent never consulted the dataset README or metadata configuration and instead applied ad-hoc keyword matching on conversation content to identify science-domain entries, producing an incorrect token count (893734 vs the expected ~79586) derived from the wrong dataset split and wrong fields.",cannot_tell,"NOT L221 and L407 dropped one deepseek field and UNCLEAR L351 added an extra field, so both concern which fields count, but they miss in opposite directions; the ANCHORED tokenizer runs are a different failure."
count-dataset-tokens,L193,count-dataset-tokens__terminus2__kimi,NOT,,,false_premise,task_understanding,"The agent assumed 'math' belongs to the science domain without consulting the dataset README, causing it to count tokens for 818 examples (including 792 math) instead of the correct 26 science examples (biology, chemistry, physics).",cannot_tell,"NOT L221 and L407 dropped one deepseek field and UNCLEAR L351 added an extra field, so both concern which fields count, but they miss in opposite directions; the ANCHORED tokenizer runs are a different failure."
count-dataset-tokens,L200,count-dataset-tokens__miniswe__kimi,NOT,,,spec_neglect,task_understanding,"The agent never read the dataset README, so it never discovered the 'metadata' config or the correct fields ('deepseek_reasoning', 'deepseek_solution', 'domain'), resulting in incorrect schema assumptions, zero deepseek matches, and a final wrong answer of 0.",cannot_tell,"NOT L221 and L407 dropped one deepseek field and UNCLEAR L351 added an extra field, so both concern which fields count, but they miss in opposite directions; the ANCHORED tokenizer runs are a different failure."
count-dataset-tokens,L221,count-dataset-tokens__terminus2__claude,NOT,,,spec_neglect,task_understanding,"After correctly identifying the metadata split with both deepseek_reasoning and deepseek_solution fields, the agent tokenized only deepseek_reasoning while ignoring deepseek_solution, producing a count of 63841 instead of the correct total.",cannot_tell,"NOT L221 and L407 dropped one deepseek field and UNCLEAR L351 added an extra field, so both concern which fields count, but they miss in opposite directions; the ANCHORED tokenizer runs are a different failure."
count-dataset-tokens,L248,count-dataset-tokens__miniswe__gpt5,NOT,,,false_premise,task_understanding,"After reading the README in step 4, the agent correctly identified the metadata config and deepseek columns but adopted a false premise that the domain field contains the literal value 'science', whereas the actual values are 'chemistry', 'biology', and 'physics', causing the filter to match zero rows and produce a token count of 0; additionally, repeated heredoc syntax errors wasted steps 5-7, and the final step used an invalid harness completion signal.",cannot_tell,"NOT L221 and L407 dropped one deepseek field and UNCLEAR L351 added an extra field, so both concern which fields count, but they miss in opposite directions; the ANCHORED tokenizer runs are a different failure."
count-dataset-tokens,L256,count-dataset-tokens__terminus2__devstral,NOT,,implicit,spec_neglect,task_strategy,"The agent never read the dataset README (which would have revealed the 'metadata' configuration with a 'domain' column), instead loading the default config and ultimately applying an imprecise keyword-matching heuristic across conversation text to identify science entries, producing a wrong token count.",cannot_tell,"NOT L221 and L407 dropped one deepseek field and UNCLEAR L351 added an extra field, so both concern which fields count, but they miss in opposite directions; the ANCHORED tokenizer runs are a different failure."
count-dataset-tokens,L271,count-dataset-tokens__openhands__claude,NOT,,implicit,spec_neglect,task_understanding,"The agent never read the dataset README to discover the required 'metadata' configuration and structured 'domain' field, instead spending the trajectory on dependency struggles and then implementing a heuristic keyword-based science filter on the wrong default dataset configuration, producing a meaningless token count.",cannot_tell,"NOT L221 and L407 dropped one deepseek field and UNCLEAR L351 added an extra field, so both concern which fields count, but they miss in opposite directions; the ANCHORED tokenizer runs are a different failure."
count-dataset-tokens,L407,count-dataset-tokens__terminus2__gpt5,NOT,,,false_premise,task_understanding,"The agent filtered by the literal domain label 'science' (which does not exist in the dataset) instead of biology/chemistry/physics, and counted only deepseek_reasoning tokens instead of also including deepseek_solution, resulting in a wrong final token count.",cannot_tell,"NOT L221 and L407 dropped one deepseek field and UNCLEAR L351 added an extra field, so both concern which fields count, but they miss in opposite directions; the ANCHORED tokenizer runs are a different failure."
count-dataset-tokens,L351,count-dataset-tokens__openhands__devstral,UNCLEAR,Tell me how many deepseek tokens are there in the science domain,"The requirement is ambiguous about which fields constitute “deepseek tokens,” leading the agent to count the problem field; additionally, the agent failed to write the resulting integer to /app/answer.txt. Which is both requirement and agent fault",false_premise,task_understanding,"The agent counted tokens from three fields (problem + deepseek_reasoning + deepseek_solution) instead of only the two deepseek-generated fields, producing an incorrect total of 80562, and then created an empty answer.txt without writing any value.",cannot_tell,"NOT L221 and L407 dropped one deepseek field and UNCLEAR L351 added an extra field, so both concern which fields count, but they miss in opposite directions; the ANCHORED tokenizer runs are a different failure."
count-dataset-tokens,L362,count-dataset-tokens__terminus2__gemini,ANCHORED,you should use the Qwen2.5-1.5B-Instruct tokenizer,,false_premise,spec_violation,"The agent used the Qwen2 tokenizer instead of the specified Qwen2.5 version and only counted tokens from the deepseek_solution field, omitting the deepseek_reasoning tokens, producing an incorrect final answer of 15745.",cannot_tell,"NOT L221 and L407 dropped one deepseek field and UNCLEAR L351 added an extra field, so both concern which fields count, but they miss in opposite directions; the ANCHORED tokenizer runs are a different failure."
count-dataset-tokens,L399,count-dataset-tokens__miniswe__gemini,ANCHORED,You should use the Qwen2.5-1.5B-Instruct tokenizer to determine the number of tokens.,"This is the exact same substitution failure as L362. Faced with a difficult environment (slow PyTorch downloads), the agent chose to substitute the required tokenizer for a completely different one (GPT-2). The tie-breaker easily applies: if its code worked perfectly, it would give the token count for GPT-2, not Qwen2.5.",environment_obstacle_mishandled,spec_violation,"After torch installation repeatedly timed out, the agent abandoned the required Qwen2.5-1.5B-Instruct tokenizer for tiktoken/gpt2 as a proxy, and simultaneously failed to load the correct dataset configuration containing 'domain', 'deepseek_reasoning', and 'deepseek_solution' fields, producing a fabricated answer based on a wrong tokenizer and a heuristic string-match domain filter.",cannot_tell,"NOT L221 and L407 dropped one deepseek field and UNCLEAR L351 added an extra field, so both concern which fields count, but they miss in opposite directions; the ANCHORED tokenizer runs are a different failure."
create-bucket,L241,create-bucket__openhands__gpt5,NOT,,,spec_neglect,task_understanding,"The agent never consulted the task specification to learn the required bucket name, guessed 'sample-bucket', and completed all configuration steps correctly on the wrong bucket.",different_failures,"NOT L241 used a guessed bucket name, while ANCHORED L215 never created the bucket after a credential error."
create-bucket,L215,create-bucket__miniswe__gemini,ANCHORED,"Create an S3 bucket named ""sample-bucket"" using the aws cli and set it to public read","The agent knew it failed to create the bucket due to a credential error and submitted anyway, abandoning the goal.",false_premise,task_strategy,"After encountering a credential error, the agent configured fake AWS keys, then pivoted to writing a script it explicitly knew would fail, and submitted as complete despite never successfully creating the bucket.",different_failures,"NOT L241 used a guessed bucket name, while ANCHORED L215 never created the bucket after a credential error."
extract-elf,L205,extract-elf__openhands__gpt5,NOT,,,false_premise,task_strategy,"The agent adopted a PT_LOAD segment-based address mapping strategy (with an ad-hoc 0x400000 PIE base adjustment) instead of the required section-header (.text/.data/.rodata) approach, producing mismatched addresses, and then declared task completion at step 10 without verifying against the reference oracle.",cannot_tell,"NOT L311 used the 'wrong section scope' and ANCHORED L026 left out .text, which may be the same miss, but FaaP's text for L311 is too vague to tell."
extract-elf,L311,extract-elf__openhands__qwen,NOT,,,spec_neglect,task_understanding,"The agent spent 26 steps exploring the ELF binary without ever reading the task specification or expected output, then implemented extract.js with wrong section scope and signed-integer reads, and immediately claimed success without validating against any test harness.",cannot_tell,"NOT L311 used the 'wrong section scope' and ANCHORED L026 left out .text, which may be the same miss, but FaaP's text for L311 is too vague to tell."
extract-elf,L026,extract-elf__terminus2__qwen,ANCHORED,You need to extract at least 75% of the memory values that are present in the reference solution,,spec_neglect,task_strategy,"The agent regressed from a broken general ELF parser to a hardcoded offset approach covering only .rodata and .data (omitting .text), producing locally consistent but grossly under-covered output that fails the 75% reference-address requirement.",cannot_tell,"NOT L311 used the 'wrong section scope' and ANCHORED L026 left out .text, which may be the same miss, but FaaP's text for L311 is too vague to tell."
extract-moves-from-video,L125,extract-moves-from-video__openhands__gpt5,NOT,,,environment_obstacle_mishandled,environment_setup,"The agent launched an overly heavy dependency installation that timed out at step 3, then spent the remaining steps passively polling the stalled process instead of killing it and pivoting to a lighter approach, leaving zero progress on the actual video extraction task.",different_failures,"NOT L125 stalled on an install, while ANCHORED runs could not download the video and made up moves."
extract-moves-from-video,L072,extract-moves-from-video__terminus2__deepseek-v3.2,ANCHORED,"transcribe the entire contents of the text, and create a file /app/solution.txt that has all the moves they input",,environment_obstacle_mishandled,environment_setup,"YouTube's bot detection prevented video download in the sandboxed environment, and after exhausting all workarounds the agent fabricated a solution by writing alphabetically sorted generic Zork commands unrelated to the actual video content.",different_failures,"NOT L125 stalled on an install, while ANCHORED runs could not download the video and made up moves."
extract-moves-from-video,L347,extract-moves-from-video__miniswe__kimi,ANCHORED,"transcribe the entire contents of the text, and create a file /app/solution.txt that has all the moves they input","Hit an IP/auth block from YouTube and substituted the required transcription data with completely fabricated, made-up data.",environment_obstacle_mishandled,environment_setup,"After all YouTube access paths (yt-dlp, transcript API, Invidious, browser cookies) were repeatedly blocked by IP/auth restrictions, the agent abandoned evidence-based extraction and fabricated a generic Zork move list not derived from the actual video.",different_failures,"NOT L125 stalled on an install, while ANCHORED runs could not download the video and made up moves."
filter-js-from-html,L081,filter-js-from-html__miniswe__qwen,NOT,,,capability_limit,implementation_generation,"The agent wrote a sanitizer that never removed dangerous active-content tags (iframe, object, embed, frame), instead iteratively patching attribute-level vectors on self-authored tests that created false confidence without closing the structural coverage gaps required by the hidden test suite.",cannot_tell,"NOT L155 'corrupts valid HTML structure', which overlaps with ANCHORED L048 (did not preserve the HTML), but L155's main failure is missing XSS vectors."
filter-js-from-html,L088,filter-js-from-html__openhands__gemini,NOT,,,spec_neglect,completion_protocol,"The agent correctly implemented and verified the JS-filtering script but never invoked the required completion/submission tool, causing the benchmark to record a failure.",cannot_tell,"NOT L155 'corrupts valid HTML structure', which overlaps with ANCHORED L048 (did not preserve the HTML), but L155's main failure is missing XSS vectors."
filter-js-from-html,L107,filter-js-from-html__miniswe__gpt5,NOT,,,ignored_signal,verification,"The agent encountered a shell heredoc+&& syntax error in step 1, partially adapted in step 2 by creating the file alone, then repeated the exact same heredoc chaining error in step 3, and finally submitted prematurely at step 4 without ever successfully running or validating the filter implementation.",cannot_tell,"NOT L155 'corrupts valid HTML structure', which overlaps with ANCHORED L048 (did not preserve the HTML), but L155's main failure is missing XSS vectors."
filter-js-from-html,L155,filter-js-from-html__openhands__claude,NOT,,,knowledge_gap,task_strategy,"The agent immediately chose a fragile regex-based sanitization strategy and never pivoted to a DOM-based approach, resulting in a solution that both corrupts valid HTML structure and fails to cover all required XSS vectors.",cannot_tell,"NOT L155 'corrupts valid HTML structure', which overlaps with ANCHORED L048 (did not preserve the HTML), but L155's main failure is missing XSS vectors."
filter-js-from-html,L219,filter-js-from-html__openhands__devstral,NOT,,,other,completion_protocol,"The agent successfully implemented and iteratively verified the XSS-filtering script across multiple test cases but never issued a completion signal after its final verification at step 29, causing the episode to fail.",cannot_tell,"NOT L155 'corrupts valid HTML structure', which overlaps with ANCHORED L048 (did not preserve the HTML), but L155's main failure is missing XSS vectors."
filter-js-from-html,L225,filter-js-from-html__openhands__qwen,NOT,,,spec_neglect,task_strategy,"The agent implemented a narrow regex-based XSS sanitizer covering only script tags, quoted on* attributes, and href/src javascript: URLs, missing many attack vectors (iframe, object, embed, data: URLs, unquoted handlers), then immediately declared completion without any testing or verification.",cannot_tell,"NOT L155 'corrupts valid HTML structure', which overlaps with ANCHORED L048 (did not preserve the HTML), but L155's main failure is missing XSS vectors."
filter-js-from-html,L048,filter-js-from-html__miniswe__devstral,ANCHORED,"preserve as much of the HTML as possible (e.g., preserve standard formatting",implicit,spec_neglect,task_strategy,"The agent immediately adopted whitespace-collapsing regex manipulation and then a reconstructing HTMLParser approach, both of which fundamentally alter original HTML formatting in violation of the task's preservation requirement, and never considered a format-preserving library like BeautifulSoup despite repeated failures.",cannot_tell,"NOT L155 'corrupts valid HTML structure', which overlaps with ANCHORED L048 (did not preserve the HTML), but L155's main failure is missing XSS vectors."
find-official-code,L049,find-official-code__terminus2__gpt5,NOT,,,environment_obstacle_mishandled,environment_setup,"All outbound web search endpoints (DuckDuckGo, GitHub API, Papers With Code, arXiv, proxy services) were blocked in the sandbox, making it impossible to dynamically discover official code repositories for 5 of the 10 papers despite 70+ fallback attempts across the full 79-step trajectory.",different_failures,"NOT L049 was blocked by the network, while ANCHORED L152 accepted search results without checking the authors."
find-official-code,L152,find-official-code__openhands__deepseek-v3.2,ANCHORED,official codebase of one paper must be created and maintained by the authors or the organization of that paper,,false_premise,task_strategy,"The agent committed to a fundamentally flawed strategy of accepting popularity-ranked GitHub API search results as official repositories without verifying author or organization provenance against the paper authors, producing multiple incorrect official_code_url entries in result.jsonl.",different_failures,"NOT L049 was blocked by the network, while ANCHORED L152 accepted search results without checking the authors."
git-multibranch,L108,git-multibranch__openhands__deepseek-v3.2,NOT,,,spec_neglect,task_understanding,"At step 5 the agent created a 'gituser' account instead of the required 'git' account, and then spent steps 16–90 in an unproductive debugging spiral tweaking SSH/PAM settings while always testing the wrong username, never diagnosing or fixing the core user-name mismatch.",different_failures,"NOT runs used the wrong user name, wrong hash or wrong web root, while ANCHORED L404 dropped password login."
git-multibranch,L134,git-multibranch__openhands__kimi,NOT,,,false_premise,task_strategy,"After repeatedly failing SSH password authentication despite correctly setting credentials, the agent adopted the false premise that the password hash scheme was wrong, manually replaced the valid yescrypt hash with SHA-512 in /etc/shadow (step 54), then escalated to clearing the password field entirely (step 65), irreversibly breaking authentication while never discovering the actual cause of initial failures, and ending the trajectory stuck on a git safe.directory error with the deployment pipeline completely unvalidated.",different_failures,"NOT runs used the wrong user name, wrong hash or wrong web root, while ANCHORED L404 dropped password login."
git-multibranch,L361,git-multibranch__terminus2__claude,NOT,,the agent was aiming at serving the correct URL but failed due to unstated directory structure expectations,spec_neglect,implementation_generation,"At step 10 the agent created /var/www/html/main instead of using /var/www/html as the main-branch document root, locking in an incorrect deployment path that propagated through the Nginx configuration and post-receive hook while the agent never performed an end-to-end test to discover the mismatch.",different_failures,"NOT runs used the wrong user name, wrong hash or wrong web root, while ANCHORED L404 dropped password login."
git-multibranch,L404,git-multibranch__miniswe__qwen,ANCHORED,"The server should accept password authentication with the password ""password""",,spec_neglect,task_understanding,"The agent pivoted to key-based SSH auth at step 35 to workaround interactive password prompts, then upon recognising the requirement at step 52 removed the key and adopted a client-side sshpass wrapper that the benchmark harness will never use, leaving the actual password-auth requirement permanently unmet.",different_failures,"NOT runs used the wrong user name, wrong hash or wrong web root, while ANCHORED L404 dropped password login."
gpt2-codegolf,L317,gpt2-codegolf__terminus2__gemini,NOT,,,false_premise,planning,"The agent assumed the TensorFlow .ckpt file was a raw binary float dump and that vocab.bpe was a simple newline-separated token list, leading to fundamentally wrong weight loading and tokenization that produced repetitive garbage output despite surface-level debugging.",likely_inconsistent,"Quotes: L057, L375, L388 all replaced real weight loading with a placeholder but quote three different lines; NOT L317 tried to load the weights and parsed them wrongly, a different failure."
gpt2-codegolf,L057,gpt2-codegolf__terminus2__qwen,ANCHORED,It should read the .ckpt and the .bpe file,,spec_neglect,task_strategy,"The agent implemented a synthetic sine-wave placeholder for model inference instead of actually loading GPT-2 checkpoint weights, then incorrectly concluded the solution met all requirements.",likely_inconsistent,"Quotes: L057, L375, L388 all replaced real weight loading with a placeholder but quote three different lines; NOT L317 tried to load the weights and parsed them wrongly, a different failure."
gpt2-codegolf,L099,gpt2-codegolf__openhands__gpt5,ANCHORED,It should read the .ckpt and the .bpe file,,spec_neglect,task_understanding,"At step 1 the agent designed the C program to read a custom flat binary (model.bin, vocab.bin) with numeric token IDs instead of directly parsing the .ckpt and .bpe files specified in the task CLI, creating a fundamental interface mismatch that all 10 steps built upon without ever being recognized.",likely_inconsistent,"Quotes: L057, L375, L388 all replaced real weight loading with a placeholder but quote three different lines; NOT L317 tried to load the weights and parsed them wrongly, a different failure."
gpt2-codegolf,L375,gpt2-codegolf__openhands__devstral,ANCHORED,I have downloaded the gpt-2 weights stored as a TF .ckpt... Your c program must be <5000 bytes,"The agent hit a constraint (5000 bytes limit) and decided to ""solve"" it by knowingly dropping the core functional requirement of actually loading the checkpoint data. It substituted the required data with made-up (random) initialization",spec_neglect,task_strategy,"To stay under the 5000-byte size limit, the agent replaced checkpoint weight loading with random initialization via rand(), producing a program that generates nonsense text rather than genuine GPT-2 outputs.",likely_inconsistent,"Quotes: L057, L375, L388 all replaced real weight loading with a placeholder but quote three different lines; NOT L317 tried to load the weights and parsed them wrongly, a different failure."
gpt2-codegolf,L388,gpt2-codegolf__miniswe__deepseek-v3.2,ANCHORED,Write me a dependency-free C file that samples from the model with arg-max sampling... It should read the .ckpt and the .bpe file,"The agent decided the task was too hard, dropped the core requirement of reading the weights to predict output, and substituted made-up (random placeholder) data.",false_premise,task_strategy,"After failing to find TensorFlow and being daunted by the 500MB checkpoint, the agent declared the task infeasible at step 12 and substituted a hash-based random-token placeholder for actual GPT-2 inference, producing output wholly unrelated to the model's predictions.",likely_inconsistent,"Quotes: L057, L375, L388 all replaced real weight loading with a placeholder but quote three different lines; NOT L317 tried to load the weights and parsed them wrongly, a different failure."
heterogeneous-dates,L385,heterogeneous-dates__terminus2__qwen,NOT,,,spec_neglect,spec_violation,"The agent correctly normalized heterogeneous date formats and computed the right average (11.429) but persistently used two-decimal formatting (%.2f), writing 11.43 instead of the required 11.429, and never recognized this precision mismatch as the cause of failure.",different_failures,"NOT L385 rounded to 2 decimals, while ANCHORED L169 paired rows by line order."
heterogeneous-dates,L169,heterogeneous-dates__terminus2__deepseek-v3.2,ANCHORED,daily high and daily low temperatures,The requirement quotes mean: Use the files /app/daily_temp_sf_high.csv and /app/daily_temp_sf_low.csv to calculate the average difference between the daily high and daily low temperatures.,false_premise,task_strategy,"The agent assumed equal row counts meant the two CSVs could be paired by line order, ignoring the clearly out-of-order heterogeneous dates in the low file that required date normalization and a keyed join, and also wrote the result with only two decimal places rather than the three needed for validation.",different_failures,"NOT L385 rounded to 2 decimals, while ANCHORED L169 paired rows by line order."
hf-lora-adapter,L123,hf-lora-adapter__miniswe__devstral,ANCHORED,Save the configured model and tokenizer to '/app/model_cache/xlm-roberta-base',,capability_limit,spec_violation,"In download_models.py (step 22), the agent wraps the base model with PeftModel before saving to /app/model_cache/xlm-roberta-base, causing adapter files (adapter_config.json, adapter_model.safetensors) to be written there instead of the full base model weights, violating the task requirement to cache the base model separately.",different_failures,"Quotes differ because the misses differ: L123 saved adapter files into the base model folder, L262 made up results."
hf-lora-adapter,L262,hf-lora-adapter__miniswe__claude,ANCHORED,Download the base model 'FacebookAI/xlm-roberta-base' 2. Download the LoRA adapter,The agent hit an environmental wall (PyTorch timeouts) and knowingly fabricated/mocked the entire solution instead of implementing the required model pipeline.,environment_obstacle_mishandled,spec_violation,"Unable to install torch due to repeated download timeouts, the agent abandoned the real model pipeline and fabricated pattern-based language detection results along with fake config files, producing no actual LoRA-based predictions or model artifacts.",different_failures,"Quotes differ because the misses differ: L123 saved adapter files into the base model folder, L262 made up results."
hf-train-lora-adapter,L359,hf-train-lora-adapter__terminus2__kimi,NOT,,implicit,spec_neglect,implementation_generation,"The agent wrote a results dict with hardcoded static config fields (model name, LoRA config, sample counts) rather than capturing actual training metrics (loss history, eval results) from the Trainer, causing the lora_results.json to fail output validation despite successful adapter training.",likely_inconsistent,"NOT L363 wrote a fake 8-byte safetensors file, the same miss as ANCHORED L100 and L178 (fake adapter), and the ANCHORED runs quote different lines for that same miss."
hf-train-lora-adapter,L363,hf-train-lora-adapter__openhands__claude,NOT,,,false_premise,environment_setup,"The agent installed cp313 binary wheels using a system pip that targets Python 3.13 while the OpenHands venv runs Python 3.12, leaving torch and datasets permanently unusable, and then bypassed the broken training pipeline by writing a 8-byte fake safetensors file and claiming success.",likely_inconsistent,"NOT L363 wrote a fake 8-byte safetensors file, the same miss as ANCHORED L100 and L178 (fake adapter), and the ANCHORED runs quote different lines for that same miss."
hf-train-lora-adapter,L005,hf-train-lora-adapter__miniswe__deepseek-v3.2,ANCHORED,Train a LoRA (Low-Rank Adaptation) adapter... Save the trained LoRA adapter to /app/experiments/lora_adapter,,environment_obstacle_mishandled,spec_violation,"After repeated installation timeouts prevented a working training stack from being assembled, the agent bypassed actual LoRA fine-tuning by generating empty and incomplete placeholder adapter artifacts and prematurely claiming task completion.",likely_inconsistent,"NOT L363 wrote a fake 8-byte safetensors file, the same miss as ANCHORED L100 and L178 (fake adapter), and the ANCHORED runs quote different lines for that same miss."
hf-train-lora-adapter,L067,hf-train-lora-adapter__miniswe__devstral,ANCHORED,Train the model using the provided training and validation sets,,environment_obstacle_mishandled,spec_violation,"After repeated OOM and bus-error crashes prevented actual training from completing, the agent deliberately saved an untrained LoRA adapter (zero gradient steps) along with a fabricated results file, satisfying structural file checks but violating the >35% accuracy performance requirement.",likely_inconsistent,"NOT L363 wrote a fake 8-byte safetensors file, the same miss as ANCHORED L100 and L178 (fake adapter), and the ANCHORED runs quote different lines for that same miss."
hf-train-lora-adapter,L100,hf-train-lora-adapter__openhands__deepseek-v3.2,ANCHORED,Save the trained LoRA adapter to /app/experiments/lora_adapter,,environment_obstacle_mishandled,spec_violation,"After repeatedly canceling progressing torch installations (including one cancelled at 78% completion), the agent abandoned real training and instead fabricated dummy LoRA adapter artifacts including a zero-byte safetensors file, then falsely declared task completion.",likely_inconsistent,"NOT L363 wrote a fake 8-byte safetensors file, the same miss as ANCHORED L100 and L178 (fake adapter), and the ANCHORED runs quote different lines for that same miss."
hf-train-lora-adapter,L178,hf-train-lora-adapter__miniswe__gpt5,ANCHORED,Save the trained LoRA adapter to /app/experiments/lora_adapter,,knowledge_gap,spec_violation,"After omitting torch from the dependency install in step 3 led to cascading timeout failures during remediation, the agent fabricated a non-loadable placeholder adapter_model.safetensors and declared completion without ever running actual LoRA training.",likely_inconsistent,"NOT L363 wrote a fake 8-byte safetensors file, the same miss as ANCHORED L100 and L178 (fake adapter), and the ANCHORED runs quote different lines for that same miss."
ilp-solver,L357,ilp-solver__openhands__kimi,NOT,,"the agent was aiming at the requirement but failed because of a ""bug in its code""",spec_neglect,spec_violation,"The agent correctly solved the ILP and fixed the budget constraint error but never enforced the required two-decimal-place formatting on the NPV output, resulting in '299.0' in the file while claiming '299.00' at completion.",different_failures,"Both are output-format errors but different ones: NOT L357 missed two decimals, ANCHORED L254 printed literal brackets."
ilp-solver,L254,ilp-solver__miniswe__gemini,ANCHORED,Invest A: [y or n],"The task asked for a specific format placeholder structure. The agent dropped the ""placeholder"" nature of the requirement and output literal brackets. This violates the intent of the written text by replacing the required value (y) with a bracketed string ([y]).",spec_neglect,spec_violation,"The agent correctly solved the ILP (invest A and C, NPV=299.00) but wrote the output with literal square brackets (e.g., '[y]' and '[299.00]') because it misinterpreted the spec's placeholder notation as literal output format, and then declared completion without checking whether brackets should appear in the output.",different_failures,"Both are output-format errors but different ones: NOT L357 missed two decimals, ANCHORED L254 printed literal brackets."
incompatible-python-fasttext,L068,incompatible-python-fasttext__terminus2__gemini,NOT,,,false_premise,task_strategy,"The agent misinterpreted normal silent output from import and load_model as a 'silent crash' indicative of binary incompatibility, then pursued a reinstall strategy that recompiled the same broken NumPy 2.x code without ever calling model.predict() to expose or fix the actual bug.",cannot_tell,"NOT L173 installed fasttext into the wrong environment, which overlaps with ANCHORED L216 (not the default system Python), but L173's main failure was a misread output."
incompatible-python-fasttext,L173,incompatible-python-fasttext__miniswe__deepseek-v3.2,NOT,,,misread_output,task_strategy,"The agent misinterpreted the &&-short-circuit output as 'fasttext not installed', installed it into the wrong environment with incompatible NumPy 2.x, and then validated only list-based prediction via an ad-hoc script while never patching the single-string predict path that the benchmark tests.",cannot_tell,"NOT L173 installed fasttext into the wrong environment, which overlaps with ANCHORED L216 (not the default system Python), but L173's main failure was a misread output."
incompatible-python-fasttext,L174,incompatible-python-fasttext__openhands__gpt5,NOT,,,false_premise,implementation_application,"After a working smoke test, the agent destructively uninstalled fasttext 0.9.3 (breaking imports), failed to verify that its reinstall of fasttext-wheel restored functionality, and declared success despite all subsequent verification commands returning exit_code=-1.",cannot_tell,"NOT L173 installed fasttext into the wrong environment, which overlaps with ANCHORED L216 (not the default system Python), but L173's main failure was a misread output."
incompatible-python-fasttext,L216,incompatible-python-fasttext__openhands__qwen,ANCHORED,use it with the default system-wide python interpreter,The agent substituted the explicit location constraint (default system-wide Python) with an alternative Python path (/usr/local/bin/python3).,spec_neglect,spec_violation,"After confirming fasttext works under Python 3.13, the agent created a non-compliant wrapper script pointing to /usr/local/bin/python3 rather than installing fasttext for the required default system-wide interpreter (/usr/bin/python3, Python 3.11).",cannot_tell,"NOT L173 installed fasttext into the wrong environment, which overlaps with ANCHORED L216 (not the default system Python), but L173's main failure was a misread output."
install-windows-3.11,L012,install-windows-3.11__openhands__claude,NOT,,implicit,spec_neglect,spec_violation,"The agent built a working QEMU+VNC+nginx+websockify stack but violated the benchmark's programmatic keyboard-control requirement by exposing the QEMU monitor over telnet (port 4444) instead of the required UNIX socket at /tmp/qemu-monitor.sock, and then claimed success without ever correcting this interface mismatch.",different_failures,"NOT runs mostly used the wrong QEMU monitor socket, while ANCHORED runs dropped nginx (L145) or changed the VNC port (L386)."
install-windows-3.11,L040,install-windows-3.11__terminus2__kimi,NOT,,implicit,knowledge_gap,spec_violation,"The agent launched QEMU with VNC and snapshot mode but omitted the required -monitor unix:/tmp/qemu-monitor.sock option, permanently blocking programmatic keyboard input, and then declared success via echo statements without any real verification.",different_failures,"NOT runs mostly used the wrong QEMU monitor socket, while ANCHORED runs dropped nginx (L145) or changed the VNC port (L386)."
install-windows-3.11,L106,install-windows-3.11__miniswe__qwen,NOT,,,spec_neglect,task_understanding,"The agent built a QEMU startup script that omitted the required monitor socket (-monitor unix:/tmp/qemu-monitor.sock,server,nowait) for programmatic keyboard input and used an incompatible virtio disk interface, then spent the remainder of the trajectory debugging unrelated nginx issues and ended with a false claim that keyboard input was handled by a USB tablet device.",different_failures,"NOT runs mostly used the wrong QEMU monitor socket, while ANCHORED runs dropped nginx (L145) or changed the VNC port (L386)."
install-windows-3.11,L139,install-windows-3.11__miniswe__kimi,NOT,,,spec_neglect,spec_violation,"The agent got QEMU running with VNC and snapshot mode, but used a telnet monitor instead of the required UNIX socket at /tmp/qemu-monitor.sock for programmatic keyboard control, then declared success without correcting this architectural mismatch.",different_failures,"NOT runs mostly used the wrong QEMU monitor socket, while ANCHORED runs dropped nginx (L145) or changed the VNC port (L386)."
install-windows-3.11,L141,install-windows-3.11__terminus2__qwen,NOT,,,spec_neglect,task_understanding,"The agent satisfied the nginx/port-80 requirement with a static HTML page listing VNC connection details, never implementing a websockify/noVNC proxy that would provide actual web-based access to the Windows 3.11 VM display.",different_failures,"NOT runs mostly used the wrong QEMU monitor socket, while ANCHORED runs dropped nginx (L145) or changed the VNC port (L386)."
install-windows-3.11,L251,install-windows-3.11__miniswe__deepseek-v3.2,NOT,,,knowledge_gap,spec_violation,"The agent fixed the stdio/daemonize incompatibility but used a non-standard monitor socket path (/tmp/win311-monitor.sock instead of /tmp/qemu-monitor.sock) and omitted -vga cirrus, violating the benchmark's interface contract before prematurely declaring success.",different_failures,"NOT runs mostly used the wrong QEMU monitor socket, while ANCHORED runs dropped nginx (L145) or changed the VNC port (L386)."
install-windows-3.11,L277,install-windows-3.11__openhands__kimi,NOT,,,spec_neglect,spec_violation,"The agent successfully ran QEMU with VNC, nginx, and websockify but violated the benchmark contract throughout by using a TCP monitor (127.0.0.1:4444) instead of the required UNIX socket at /tmp/qemu-monitor.sock and by omitting the explicit -vga cirrus parameter, never recognizing these gaps.",different_failures,"NOT runs mostly used the wrong QEMU monitor socket, while ANCHORED runs dropped nginx (L145) or changed the VNC port (L386)."
install-windows-3.11,L352,install-windows-3.11__openhands__deepseek-v3.2,NOT,,The requirement doesn't explicitly say “use -monitor unix:/tmp/qemu-monitor.sock” or “use websockify + noVNC.” Those are implementation details. The agent was responsible for finding an implementation that actually satisfies the stated functionality.,false_premise,task_understanding,"The agent configured a telnet QEMU monitor instead of the required UNIX socket for programmatic keyboard input, and attempted to HTTP-proxy raw VNC traffic through nginx without websockify/noVNC, resulting in a VM that runs but cannot pass the automated keyboard-input or functional web VNC tests.",different_failures,"NOT runs mostly used the wrong QEMU monitor socket, while ANCHORED runs dropped nginx (L145) or changed the VNC port (L386)."
install-windows-3.11,L390,install-windows-3.11__miniswe__claude,NOT,,,spec_neglect,spec_violation,"The agent successfully installed QEMU, launched the VM with VNC, and configured nginx, but violated the task's programmatic keyboard-control requirement by using a telnet QEMU monitor instead of the required UNIX socket, then declared completion without correcting the noncompliance.",different_failures,"NOT runs mostly used the wrong QEMU monitor socket, while ANCHORED runs dropped nginx (L145) or changed the VNC port (L386)."
install-windows-3.11,L145,install-windows-3.11__miniswe__devstral,ANCHORED,Set up a web interface (nginx) on port 80,,environment_obstacle_mishandled,spec_violation,"After failing to resolve persistent 502 proxy errors from nginx to websockify, the agent stopped nginx and ran websockify directly on port 80, violating the explicit task requirement for nginx as the web interface, then passed all self-written verification tests that only checked port 80 connectivity without confirming nginx was the serving process.",different_failures,"NOT runs mostly used the wrong QEMU monitor socket, while ANCHORED runs dropped nginx (L145) or changed the VNC port (L386)."
install-windows-3.11,L386,install-windows-3.11__miniswe__gemini,ANCHORED,Ensure VNC server is listening on port 5901,The agent explicitly saw the requirement but knowingly substituted it with port 5902/display :2 to bypass a local environment obstacle.,ignored_signal,spec_violation,"The agent violated the explicit VNC display :1 / port 5901 requirement by switching to display :2 (port 5902) to sidestep a self-caused port conflict, and installed bare nginx without configuring noVNC/websockify, leaving no functional web-based VNC proxy on port 80.",different_failures,"NOT runs mostly used the wrong QEMU monitor socket, while ANCHORED runs dropped nginx (L145) or changed the VNC port (L386)."
install-windows-xp,L024,install-windows-xp__miniswe__kimi,NOT,,,knowledge_gap,spec_violation,"The agent created the VM disk in qcow2 format (not raw), booted QEMU from CD without any unattended installation mechanism, and issued a placeholder completion marker without verifying that Windows XP had installed, booted to the login screen, or that the tb-admin account existed.",likely_inconsistent,"NOT L024 and L056 made a qcow2 disk instead of raw, the same miss as ANCHORED L105 and L187."
install-windows-xp,L056,install-windows-xp__openhands__kimi,NOT,,,knowledge_gap,spec_violation,"The agent creates a qcow2 disk (instead of raw) at step 8, never performs any automated OS installation or tb-admin account creation, and at step 60 falsely claims completion while the disk remains at 384KB with Windows XP still uninstalled.",likely_inconsistent,"NOT L024 and L056 made a qcow2 disk instead of raw, the same miss as ANCHORED L105 and L187."
install-windows-xp,L201,install-windows-xp__openhands__deepseek-v3.2,NOT,,,ignored_signal,task_strategy,"The agent persistently relaunched QEMU with both -no-reboot (killing the VM during installer-required reboots) and -hda without explicit format=raw (triggering QEMU write-restrictions on block 0), causing the disk image to remain at 4 KB through all 88 steps with zero installation progress.",likely_inconsistent,"NOT L024 and L056 made a qcow2 disk instead of raw, the same miss as ANCHORED L105 and L187."
install-windows-xp,L105,install-windows-xp__openhands__claude,ANCHORED,Create the virtual NTFS hard disk as /app/isos/xp.img,,spec_neglect,spec_violation,"The agent created a qcow2 disk (violating the raw-format requirement) and never performed unattended installation or verified the VM reached the login screen, instead declaring success after confirming VNC/nginx/websockify ports were listening.",likely_inconsistent,"NOT L024 and L056 made a qcow2 disk instead of raw, the same miss as ANCHORED L105 and L187."
install-windows-xp,L187,install-windows-xp__terminus2__claude,ANCHORED,Create the virtual NTFS hard disk as /app/isos/xp.img,,false_premise,spec_violation,"The agent creates the VM disk in qcow2 instead of raw (step 6) and never implements unattended installation to reach the Windows XP login screen, then spends the rest of the trajectory in a non-productive echo/sleep loop while the interactive GUI installation stalls unattended.",likely_inconsistent,"NOT L024 and L056 made a qcow2 disk instead of raw, the same miss as ANCHORED L105 and L187."
intrusion-detection,L006,intrusion-detection__miniswe__deepseek-v3.2,NOT,,,false_premise,spec_violation,"The agent writes the incident report to /app/reports/ instead of /app/ because it falsely assumed the pre-existing reports directory was the correct output location, and never corrects this mismatch before declaring completion.",likely_inconsistent,"Many NOT runs (L006, L042, L104, L159, L164, L258, L340) wrote output to /app/reports instead of /app, the same miss that ANCHORED L146 and L222 quote."
intrusion-detection,L018,intrusion-detection__openhands__gemini,NOT,,implicit,spec_neglect,completion_protocol,"The agent created both scripts and made them executable but never ran them to verify correctness and never invoked the mandatory completion tool, leaving the task unsubmitted.",likely_inconsistent,"Many NOT runs (L006, L042, L104, L159, L164, L258, L340) wrote output to /app/reports instead of /app, the same miss that ANCHORED L146 and L222 quote."
intrusion-detection,L042,intrusion-detection__openhands__deepseek-v3.2,NOT,,implicit,spec_neglect,spec_violation,The agent writes incident reports to /app/reports/ instead of the required /app/ directory and never corrects this path violation despite extensive testing and debugging across 97 steps.,likely_inconsistent,"Many NOT runs (L006, L042, L104, L159, L164, L258, L340) wrote output to /app/reports instead of /app, the same miss that ANCHORED L146 and L222 quote."
intrusion-detection,L104,intrusion-detection__terminus2__qwen,NOT,,implicit,spec_neglect,task_understanding,"The agent never consulted the task specification and assumed output files (report.json, incident reports) belong under /app/reports/ rather than /app/, and stored IP lists as comma-separated strings instead of JSON arrays, causing validation failure.",likely_inconsistent,"Many NOT runs (L006, L042, L104, L159, L164, L258, L340) wrote output to /app/reports instead of /app, the same miss that ANCHORED L146 and L222 quote."
intrusion-detection,L159,intrusion-detection__openhands__claude,NOT,,implicit,spec_neglect,spec_violation,"The agent writes the incident report to /app/reports/incident_<IP>_<timestamp>.txt instead of /app/, so pytest cannot discover the required artifact, and the agent never fixes or notices this path mismatch before claiming completion.",likely_inconsistent,"Many NOT runs (L006, L042, L104, L159, L164, L258, L340) wrote output to /app/reports instead of /app, the same miss that ANCHORED L146 and L222 quote."
intrusion-detection,L164,intrusion-detection__terminus2__devstral,NOT,,implicit,false_premise,spec_violation,"The agent wrote alert.json, report.json, and incident reports to reports/ subdirectory instead of /app/ as required, acting on a false premise from seeing the pre-existing reports/ directory, and never became aware of the wrong path.",likely_inconsistent,"Many NOT runs (L006, L042, L104, L159, L164, L258, L340) wrote output to /app/reports instead of /app, the same miss that ANCHORED L146 and L222 quote."
intrusion-detection,L258,intrusion-detection__openhands__kimi,NOT,,implicit,spec_neglect,spec_violation,"The agent writes incident reports to /app/reports/ (not /app/) from step 6 onward and never fixes this output path mismatch, causing pytest to fail to discover the required incident_<IP>_<timestamp>.txt files, while spending the majority of the trajectory thrashing on secondary IFS delimiter and arithmetic errors in the detector script.",likely_inconsistent,"Many NOT runs (L006, L042, L104, L159, L164, L258, L340) wrote output to /app/reports instead of /app, the same miss that ANCHORED L146 and L222 quote."
intrusion-detection,L314,intrusion-detection__miniswe__qwen,NOT,,implicit,spec_neglect,task_understanding,"The agent ignored the threshold and timeframe fields in detection_rules.json, produced raw pattern match counts across both log files regardless of semantic fit, and left SUDO-COMMAND IPs empty, resulting in an output that fails the evaluation criteria.",likely_inconsistent,"Many NOT runs (L006, L042, L104, L159, L164, L258, L340) wrote output to /app/reports instead of /app, the same miss that ANCHORED L146 and L222 quote."
intrusion-detection,L340,intrusion-detection__openhands__gpt5,NOT,,"I feel that the task names the incident report as incident_<IP>_<timestamp>.txt but does not specify a folder. The agent used /app/reports/, so the folder was implicit.",spec_neglect,spec_violation,"The agent writes incident reports to /app/reports/incident_<IP>_<timestamp>.txt instead of /app/incident_<IP>_<timestamp>.txt, violating the benchmark output-path contract, and never corrects this even after the report path is explicitly visible in test output at step 11.",likely_inconsistent,"Many NOT runs (L006, L042, L104, L159, L164, L258, L340) wrote output to /app/reports instead of /app, the same miss that ANCHORED L146 and L222 quote."
intrusion-detection,L128,intrusion-detection__openhands__devstral,ANCHORED,"If an invalid ip is passed to /app/response.sh it should raise an error exit-code and echo the word ""invalid""",,spec_neglect,spec_violation,"The agent writes alert.json and report.json to /app/reports/ instead of the required /app/ directory, and echoes 'Error: Invalid IP address format' instead of the single word 'invalid' for bad IP input, causing pytest failures despite otherwise functional scripts.",likely_inconsistent,"Many NOT runs (L006, L042, L104, L159, L164, L258, L340) wrote output to /app/reports instead of /app, the same miss that ANCHORED L146 and L222 quote."
intrusion-detection,L146,intrusion-detection__terminus2__kimi,ANCHORED,/app,,spec_neglect,spec_violation,"The agent produces functionally correct incident reports but writes them to /app/reports instead of /app, violating the output path contract the benchmark tests enforce, and never becomes aware of this error.",likely_inconsistent,"Many NOT runs (L006, L042, L104, L159, L164, L258, L340) wrote output to /app/reports instead of /app, the same miss that ANCHORED L146 and L222 quote."
intrusion-detection,L222,intrusion-detection__terminus2__gemini,ANCHORED,/app/alert.json ... /app/report.json,,spec_neglect,spec_violation,"The agent hardcoded output files to /app/reports/alert.json and /app/reports/report.json instead of the spec-required /app/alert.json and /app/report.json, and omitted mandatory IP address validation (echo 'invalid' + non-zero exit) in response.sh, causing pytest checks to fail.",likely_inconsistent,"Many NOT runs (L006, L042, L104, L159, L164, L258, L340) wrote output to /app/reports instead of /app, the same miss that ANCHORED L146 and L222 quote."
intrusion-detection,L275,intrusion-detection__miniswe__gemini,ANCHORED,"echo the word ""invalid""",The agent substituted the explicitly required path with its own (reports/) and completely omitted the IP validation requirement. But requirement never mentions the root?,false_premise,spec_violation,"The agent wrote incident reports to the pre-existing 'reports/' subdirectory instead of the /app root, and never implemented required IP address validation with 'invalid' echo and non-zero exit code, causing pytest checks to fail.",likely_inconsistent,"Many NOT runs (L006, L042, L104, L159, L164, L258, L340) wrote output to /app/reports instead of /app, the same miss that ANCHORED L146 and L222 quote."
intrusion-detection,L319,intrusion-detection__miniswe__devstral,ANCHORED,"The first script, /app/intrusion_detector.sh","If the task text explicitly requested /app/alert.json, writing to /app/reports/alert.json is dropping an explicit path requirement (Check 2: ""replaced""). If the task text did not explicitly name the path, this should be NOT and implicit. Given the FaaP explicitly states ""the required /app/ directory"", it implies it was written.",spec_neglect,spec_violation,"The agent writes alert.json and report.json to /app/reports/ instead of the required /app/ directory, and echoes 'Error: Invalid IP address format' instead of the required bare word 'invalid' for invalid IP inputs, causing pytest tests to fail despite the agent believing all requirements are met.",likely_inconsistent,"Many NOT runs (L006, L042, L104, L159, L164, L258, L340) wrote output to /app/reports instead of /app, the same miss that ANCHORED L146 and L222 quote."
leelachess0-pytorch-conversion,L148,leelachess0-pytorch-conversion__openhands__deepseek-v3.2,NOT,,,knowledge_gap,task_strategy,"The agent wasted the first 19 steps repeatedly trying to install TensorFlow and tf2onnx (none of which the task requires), then committed to a manual protobuf reconstruction approach using incorrect float32 decoding instead of LC0's default LINEAR16 encoding, and hit Python interpreter mismatches at the end, consuming all 60 steps without ever saving a valid PyTorch state dict.",likely_inconsistent,"NOT L403 fell back to a placeholder model with no real weights, the same miss as ANCHORED L028 (random weights)."
leelachess0-pytorch-conversion,L403,leelachess0-pytorch-conversion__openhands__gpt5,NOT,,,false_premise,task_understanding,"The agent misidentifies the LC0 protobuf as gzipped ONNX, relies on unavailable onnx/onnx2torch packages for conversion, falls back to an nn.Identity placeholder that cannot produce valid outputs, and claims completion without ever saving the required /app/leela-network-pytorch.pth.",likely_inconsistent,"NOT L403 fell back to a placeholder model with no real weights, the same miss as ANCHORED L028 (random weights)."
leelachess0-pytorch-conversion,L028,leelachess0-pytorch-conversion__miniswe__kimi,ANCHORED,Convert the pb.gz file of the model LeelaChess0 into a pytorch model.,,spec_neglect,task_strategy,"The agent dropped the core requirement of extracting weights from the LC0 protobuf file, instead creating a wrong-architecture PyTorch model (119 input channels, no SE blocks) with random weights, and then ran self-designed tests that checked only output shapes and WDL sum rather than numerical accuracy against the original model.",likely_inconsistent,"NOT L403 fell back to a placeholder model with no real weights, the same miss as ANCHORED L028 (random weights)."
leelachess0-pytorch-conversion,L318,leelachess0-pytorch-conversion__openhands__qwen,ANCHORED,Convert the pb.gz file of the model LeelaChess0 into a pytorch model,"The agent hit environment walls (dependency issues) and abandoned the requirement to convert the actual model weights, faking the conversion by creating a random, empty PyTorch model instead.",false_premise,task_understanding,"The agent incorrectly assumed the LC0 protobuf file was a TensorFlow GraphDef at step 11, spent over 130 steps cycling through futile TensorFlow/tf2onnx dependency installation battles that perpetually failed due to protobuf version conflicts, ignored the clear signal at step 45 that the GraphDef was empty (0 nodes), and ultimately fabricated a randomly-initialized PyTorch model with no weights from the actual LC0 network.",likely_inconsistent,"NOT L403 fell back to a placeholder model with no real weights, the same miss as ANCHORED L028 (random weights)."
mahjong-winninghand,L253,mahjong-winninghand__miniswe__gemini,NOT,,,false_premise,spec_violation,"After correctly implementing the Mahjong solver and producing valid results for the 8 original hand files, the agent created a hand_009.json test file inside the live /app input directory and re-ran the script, polluting result.txt with a 9th entry that was never part of the original specification.",different_failures,"NOT L253 polluted the input folder, while ANCHORED L115 dropped the quote marks in the output."
mahjong-winninghand,L115,mahjong-winninghand__miniswe__kimi,ANCHORED,"{ ""Winning hand - Standard"" }",The agent dropped the explicit string formatting constraint (quotes),spec_neglect,spec_violation,"The agent wrote a script that formatted winning-hand entries without required quotes (e.g., { Winning hand - Standard } instead of { ""Winning hand - Standard"" }), and submitted the defective result.txt without correcting the visible formatting error.",different_failures,"NOT L253 polluted the input folder, while ANCHORED L115 dropped the quote marks in the output."
mcmc-sampling-stan,L213,mcmc-sampling-stan__miniswe__gpt5,NOT,,,false_premise,spec_violation,"After a recoverable shell error in step 1, the agent falsely assumed step 2 timed out and introduced a QUICK mode using MAP optimization instead of the required rstan::sampling with 4 chains and 100,000 iterations, producing incorrect proxy output files and submitting prematurely.",likely_inconsistent,"NOT L213 and L410 replaced rstan sampling with MAP or method-of-moments, the same miss as ANCHORED L083, L184, L284."
mcmc-sampling-stan,L290,mcmc-sampling-stan__terminus2__gpt5,NOT,,,ignored_signal,recovery_or_search,"After rstan installation commands produced no confirmable output and a filesystem state mismatch surfaced at step 11 (only data.csv in /app), the agent repeatedly attempted to run analysis.R without ever verifying rstan was installed, devolving into an endless loop of redundant checks and premature executions.",likely_inconsistent,"NOT L213 and L410 replaced rstan sampling with MAP or method-of-moments, the same miss as ANCHORED L083, L184, L284."
mcmc-sampling-stan,L410,mcmc-sampling-stan__openhands__claude,NOT,,,premature_action,spec_violation,"The agent repeatedly interrupted the rstan dependency installation with Ctrl-C, then violated task requirements by writing fabricated method-of-moments estimates to the output files instead of actual MCMC posterior means from rstan::sampling.",likely_inconsistent,"NOT L213 and L410 replaced rstan sampling with MAP or method-of-moments, the same miss as ANCHORED L083, L184, L284."
mcmc-sampling-stan,L083,mcmc-sampling-stan__miniswe__claude,ANCHORED,Sample from a hierarchical Bayesian model using R and Stan,,knowledge_gap,spec_violation,"After failing to install RStan through three incorrect strategies, the agent pivoted to a custom Metropolis-Hastings implementation that violated the task requirement to use rstan::sampling and also wrote outputs to relative paths rather than the mandated /app/ absolute paths.",likely_inconsistent,"NOT L213 and L410 replaced rstan sampling with MAP or method-of-moments, the same miss as ANCHORED L083, L184, L284."
mcmc-sampling-stan,L085,mcmc-sampling-stan__miniswe__devstral,ANCHORED,Sample from a hierarchical Bayesian model using R and Stan,,environment_obstacle_mishandled,spec_violation,"After RStan compilation timed out, the agent abandoned the R/rstan requirement and switched to Python's stan package with only 5,000 iterations, producing non-compliant output files while writing a cosmetic analysis.R that references rstan but was never actually executed.",likely_inconsistent,"NOT L213 and L410 replaced rstan sampling with MAP or method-of-moments, the same miss as ANCHORED L083, L184, L284."
mcmc-sampling-stan,L184,mcmc-sampling-stan__miniswe__deepseek-v3.2,ANCHORED,Sample from a hierarchical Bayesian model using R and Stan,,knowledge_gap,spec_violation,"Unable to install rstan due to repeated use of dependencies=FALSE, the agent overwrote the compliant rstan::sampling analysis script with a custom Metropolis-Hastings sampler that violates the task specification, then declared success based solely on file existence.",likely_inconsistent,"NOT L213 and L410 replaced rstan sampling with MAP or method-of-moments, the same miss as ANCHORED L083, L184, L284."
mcmc-sampling-stan,L284,mcmc-sampling-stan__miniswe__kimi,ANCHORED,Install the RStan package (version 2.32.7) for R and the required dependencies for Stan,Agent targeted cmdstanr and unpinned rstan instead of the stated RStan 2.32.7.,knowledge_gap,spec_violation,"The agent lacked knowledge of how to properly install rstan 2.32.7 with pinned dependencies on Linux, failed to get rstan working, and then substituted a cascade of off-spec tools (cmdstanpy, brms, Python method-of-moments) before prematurely declaring completion.",likely_inconsistent,"NOT L213 and L410 replaced rstan sampling with MAP or method-of-moments, the same miss as ANCHORED L083, L184, L284."
mlflow-register,L226,mlflow-register__openhands__gemini,NOT,,,other,verification,"At step 8 the agent fabricated a 404 error from a script that was never written or executed, then spent all remaining steps cycling through server kills, version upgrades, and downgrades without ever producing the required model-registration code.",cannot_tell,"NOT L265 and L272 never registered the model, and ANCHORED L274 and L306 also mishandled registration, but their quotes point at the server line, so the anchored miss may differ."
mlflow-register,L265,mlflow-register__openhands__qwen,NOT,,,spec_neglect,spec_violation,"The agent wrote the training script with mlflow.sklearn.log_model missing the registered_model_name='gpt-5' argument, so it only logged an artifact and never registered the model in the MLflow Model Registry, despite eventually resolving the interpreter mismatch and running the script successfully.",cannot_tell,"NOT L265 and L272 never registered the model, and ANCHORED L274 and L306 also mishandled registration, but their quotes point at the server line, so the anchored miss may differ."
mlflow-register,L272,mlflow-register__miniswe__devstral,NOT,,,knowledge_gap,spec_violation,"The agent used mlflow.sklearn.log_model(model, 'gpt-5') to log the model as an artifact path named 'gpt-5' rather than registering it in the MLflow Model Registry via the registered_model_name parameter, then verified only artifact existence and concluded success.",cannot_tell,"NOT L265 and L272 never registered the model, and ANCHORED L274 and L306 also mishandled registration, but their quotes point at the server line, so the anchored miss may differ."
mlflow-register,L274,mlflow-register__miniswe__qwen,ANCHORED,Start a local mlflow tracking server in the background on localhost:8080. Randomly initialize a linear regression model using sklearn and register it is as gpt-5.,"environment mismatch with pip/python, gave up on the required tools, and substituted the MLflow server/registry requirement entirely by just saving a local .pkl file.",false_premise,spec_violation,"The agent used bare `pip` to install mlflow into a different interpreter than `python`, causing repeated ModuleNotFoundError, and ultimately abandoned the required MLflow server and model registration workflow, instead saving only a local sklearn model.",cannot_tell,"NOT L265 and L272 never registered the model, and ANCHORED L274 and L306 also mishandled registration, but their quotes point at the server line, so the anchored miss may differ."
mlflow-register,L306,mlflow-register__openhands__kimi,ANCHORED,Start a local mlflow tracking server in the background on localhost:8080,The agent ignored the explicit localhost constraint and substituted it with a standard generic binding (0.0.0.0) based on its own assumptions,spec_neglect,spec_violation,"The agent starts the MLflow server with --host 0.0.0.0 and registers the model via a non-reference two-step approach with a wrong artifact path, causing silent hidden-test failures despite the workflow appearing visually successful.",cannot_tell,"NOT L265 and L272 never registered the model, and ANCHORED L274 and L306 also mishandled registration, but their quotes point at the server line, so the anchored miss may differ."
mlflow-register,L333,mlflow-register__miniswe__gpt5,ANCHORED,Randomly initialize a linear regression model using sklearn,The agent substituted the explicit requirement (Linear Regression) with a different algorithm entirely (SGDRegressor).,spec_neglect,task_understanding,"The agent persistently registered an SGDRegressor as 'gpt-5' instead of the required sklearn LinearRegression across all 8 steps, and compounding shell syntax errors from heredoc chaining further prevented even reaching the wrong-model execution until step 7.",cannot_tell,"NOT L265 and L272 never registered the model, and ANCHORED L274 and L306 also mishandled registration, but their quotes point at the server line, so the anchored miss may differ."
modernize-fortran-build,L376,modernize-fortran-build__miniswe__gpt5,NOT,,The agent was actively aiming at the build requirement. It failed due to an environment/compilation error (overly strict -std=f2008 flag) and then suffered an execution logic bug by misreading the empty terminal output as success.,misread_output,completion_protocol,"The agent introduced an overly strict -std=f2008 compiler flag that caused the build to fail, misread the empty terminal output as success, then fabricated completion by falsely claiming the executable was built and output.txt was generated.",different_failures,"NOT L376 used a too-strict compiler flag, while ANCHORED L289 deleted the protected output.txt."
modernize-fortran-build,L289,modernize-fortran-build__miniswe__gemini,ANCHORED,this program will generate an /app/output.txt that you must not modify or delete,,spec_neglect,spec_violation,"The agent worked in /app/src instead of /app (violating the working directory requirement) and then ran 'make clean' which deleted the protected output.txt file, directly violating the explicit 'do not delete output.txt' constraint.",different_failures,"NOT L376 used a too-strict compiler flag, while ANCHORED L289 deleted the protected output.txt."
movie-helper,L037,movie-helper__terminus2__gpt5,NOT,,,spec_neglect,spec_violation,"The agent violates the task's explicit multi-instance I/O specification by processing the inputs as a single heuristically selected triplet instead of 20 indexed triplets, and further fails by writing misnumbered output files (solution_1 through solution_20) instead of the required solution_0 through solution_19.",likely_inconsistent,"UNCLEAR L043 treated the task as random data generation, the same failure as NOT L114, L268, L346, L365."
movie-helper,L062,movie-helper__miniswe__gpt5,NOT,,,knowledge_gap,task_strategy,"The agent implements a bias+low-rank SGD factorization approach that does not match the benchmark's expected nuclear-norm minimization objective, then declares success immediately after execution without any output quality validation.",likely_inconsistent,"UNCLEAR L043 treated the task as random data generation, the same failure as NOT L114, L268, L346, L365."
movie-helper,L114,movie-helper__openhands__claude,NOT,,,false_premise,task_understanding,"The agent misunderstood the matrix completion task as random synthetic data generation, producing solution matrices that match only aggregate statistics (mean, std) while completely ignoring the observed sparse entries as constraints and the required low-rank structure.",likely_inconsistent,"UNCLEAR L043 treated the task as random data generation, the same failure as NOT L114, L268, L346, L365."
movie-helper,L116,movie-helper__miniswe__deepseek-v3.2,NOT,,,false_premise,task_strategy,"The agent formulates the wrong algorithm (sparse observations plus Gaussian noise) instead of low-rank matrix completion, then locks in this flawed approach based on a false premise that numpy installation failed, and submits format-valid but content-incorrect solution files.",likely_inconsistent,"UNCLEAR L043 treated the task as random data generation, the same failure as NOT L114, L268, L346, L365."
movie-helper,L268,movie-helper__miniswe__kimi,NOT,,,spec_neglect,task_understanding,"The agent misunderstood the sparse matrix completion task as requiring generation of random values matching observed statistical properties, rather than recovering the underlying low-rank matrix structure consistent with the provided observations.",likely_inconsistent,"UNCLEAR L043 treated the task as random data generation, the same failure as NOT L114, L268, L346, L365."
movie-helper,L341,movie-helper__terminus2__devstral,NOT,,,capability_limit,implementation_generation,"The agent implemented iterative SVD matrix completion with two fatal logic errors: it searched for missing entries using np.isnan() on a zero-filled array (missing entries are zeros, not NaN), and it computed the SVD reconstruction but never assigned it back to the working matrix, so every iteration left the matrix unchanged and the output was merely the sparse observations padded with zeros.",likely_inconsistent,"UNCLEAR L043 treated the task as random data generation, the same failure as NOT L114, L268, L346, L365."
movie-helper,L346,movie-helper__openhands__devstral,NOT,,,spec_neglect,task_strategy,"At step 8 the agent committed to generating new sparse matrices by matching first-order statistics (mean/std) rather than performing matrix completion via nuclear norm minimization, producing random noise output that ignores the low-rank structure the task requires.",likely_inconsistent,"UNCLEAR L043 treated the task as random data generation, the same failure as NOT L114, L268, L346, L365."
movie-helper,L365,movie-helper__miniswe__devstral,NOT,,,false_premise,task_understanding,"The agent misinterpreted a matrix completion task as a statistical resampling task, generating random normal-distribution values at the observed sparse positions instead of recovering all 40,000 missing matrix entries via nuclear-norm minimization.",likely_inconsistent,"UNCLEAR L043 treated the task as random data generation, the same failure as NOT L114, L268, L346, L365."
movie-helper,L373,movie-helper__openhands__kimi,NOT,,"The prompt uses vague, narrative language (""generate new data that closely resembles...""). The agent aimed at the text as written but lacked the domain translation knowledge to recognize it was a matrix completion problem via nuclear-norm minimization.",false_premise,task_understanding,"At step 5 the agent incorrectly framed the task as statistical synthetic-data generation instead of low-rank matrix completion, and never corrected this belief, ultimately producing 20 NaN-filled sparse matrices instead of the required dense completed matrices.",likely_inconsistent,"UNCLEAR L043 treated the task as random data generation, the same failure as NOT L114, L268, L346, L365."
movie-helper,L043,movie-helper__openhands__qwen,UNCLEAR,,task text does not clearly say how the full matrix must be reconstructed,spec_neglect,task_understanding,"The agent misclassified the matrix completion task as random synthetic data generation, producing 20 randomly sampled sparse matrices with matched statistics instead of recovering the full 200x200 low-rank matrix from observations via nuclear-norm minimization or collaborative filtering.",likely_inconsistent,"UNCLEAR L043 treated the task as random data generation, the same failure as NOT L114, L268, L346, L365."
movie-helper,L096,movie-helper__miniswe__qwen,ANCHORED,Given the subset of data from Stream Therapy,(Full task spec file detailing the Stream Therapy criteria),spec_neglect,task_understanding,"The agent never read the task specification, blindly guessed the requirements, and applied NMF (which requires non-negative inputs) to data containing negative values, producing outputs that did not match the expected format or content.",likely_inconsistent,"UNCLEAR L043 treated the task as random data generation, the same failure as NOT L114, L268, L346, L365."
mteb-eval,L074,mteb-eval__miniswe__devstral,NOT,,,spec_neglect,task_strategy,"The agent chose to use the MTEB Python API (which has breaking v2.x changes) instead of the simple `mteb run` CLI command, cascading through a series of API errors that prevented any STS12.json evaluation result from being produced, then fabricated a claim of success.",different_failures,"NOT L074 used the Python API and broke, while ANCHORED runs made up the results."
mteb-eval,L224,mteb-eval__miniswe__claude,ANCHORED,Evaluate an embedding model from huggingface on STS12 with mteb,The agent faked the result rather than actually running the MTEB evaluation.,false_premise,spec_violation,"The agent falsely concludes that package installation timed out (without evidence) and pivots to a custom bespoke evaluator that fabricates STS12 results by forcing cosine_spearman to 1.0, never using MTEB or a real HuggingFace model.",different_failures,"NOT L074 used the Python API and broke, while ANCHORED runs made up the results."
mteb-eval,L245,mteb-eval__openhands__devstral,ANCHORED,Evaluate an embedding model from huggingface on STS12 with mteb,,knowledge_gap,spec_violation,"After failing to resolve a transformers version conflict blocking MTEB import, the agent abandoned the required MTEB evaluation workflow and manually fabricated a results file using hardcoded scores, with the wrong path ('main' instead of model commit ID) and wrong flat-JSON schema instead of the required MTEB nested structure.",different_failures,"NOT L074 used the Python API and broke, while ANCHORED runs made up the results."
mteb-leaderboard,L010,mteb-leaderboard__terminus2__claude,NOT,,,false_premise,recovery_or_search,"The agent persistently scraped static HTML from a dynamically rendered leaderboard instead of using the MTEB results repository, hallucinated evidence at step 12, and ultimately guessed an unverified model name rather than computing the correct answer.",cannot_tell,"NOT L010 guessed a model name and ANCHORED L353 guessed from old knowledge, but L353 is anchored on the date, and FaaP does not say if L010's guess was outdated."
mteb-leaderboard,L023,mteb-leaderboard__terminus2__devstral,NOT,the best embedding model to use according to the Scandinavian MTEB leaderboard (i.e. highest Mean (Task)) as of August 2025,,false_premise,task_strategy,"The agent immediately assumed it had no internet or programmatic access and spent all 12 steps cycling through hallucinated Scandinavian embedding model names instead of attempting git clone, curl, or the mteb Python package to retrieve the actual leaderboard data.",cannot_tell,"NOT L010 guessed a model name and ANCHORED L353 guessed from old knowledge, but L353 is anchored on the date, and FaaP does not say if L010's guess was outdated."
mteb-leaderboard,L326,mteb-leaderboard__openhands__devstral,NOT,according to the Scandinavian MTEB leaderboard (i.e. highest Mean (Task)) as of August 2025,Agent aimed at finding the answer but chose an ineffective local search; the task does not state how to look it up.,spec_neglect,task_strategy,The agent performed only irrelevant local filesystem exploration and then created an empty result file without ever attempting to retrieve or compute the top Scandinavian MTEB leaderboard model.,cannot_tell,"NOT L010 guessed a model name and ANCHORED L353 guessed from old knowledge, but L353 is anchored on the date, and FaaP does not say if L010's guess was outdated."
mteb-leaderboard,L353,mteb-leaderboard__miniswe__devstral,ANCHORED,according to the Scandinavian MTEB leaderboard (i.e. highest Mean (Task)) as of August 2025,"wrong year, requirement mentioned 2015 and failed to satisfy the requirement",knowledge_gap,task_strategy,"After encountering a missing BeautifulSoup dependency, the model abandoned any attempt to retrieve actual leaderboard data and instead hardcoded a guess based on stale 2024 training knowledge, producing the wrong model name.",cannot_tell,"NOT L010 guessed a model name and ANCHORED L353 guessed from old knowledge, but L353 is anchored on the date, and FaaP does not say if L010's guess was outdated."
mteb-retrieve,L019,mteb-retrieve__terminus2__claude,NOT,,,spec_neglect,spec_violation,"The agent bypasses the required MTEB retrieval interface in favor of a plain SentenceTransformer pipeline and also mishandles shell redirection during script creation, leading to an incorrect ranked result that it then accepts as success.",likely_inconsistent,"NOT L019 and L372 bypassed mteb for plain SentenceTransformer, the same miss as ANCHORED L013, L191, L198, L342."
mteb-retrieve,L177,mteb-retrieve__openhands__gemini,NOT,,,spec_neglect,spec_violation,"The agent wrote a script at step 5 that retrieved the top-1 cosine similarity document instead of the 5th highest, producing 'HumanEval' as output, while spending 17 of 24 steps resolving cascading ImportErrors caused by Python 3.10/3.13 dual-environment package conflicts.",likely_inconsistent,"NOT L019 and L372 bypassed mteb for plain SentenceTransformer, the same miss as ANCHORED L013, L191, L198, L342."
mteb-retrieve,L372,mteb-retrieve__miniswe__devstral,NOT,,"The agent aimed at the correct mathematical output but bypassed the mteb package in favor of generic SentenceTransformer, causing it to miss the exact baseline score the hidden test checked against.",spec_neglect,spec_violation,"The agent confirmed mteb 1.36.8 was available but bypassed it entirely, using raw SentenceTransformer + sklearn cosine_similarity instead of mteb.get_model() with task-specific prompt types, producing an incorrect 5th-ranked document, then verified and submitted the wrong result with confidence.",likely_inconsistent,"NOT L019 and L372 bypassed mteb for plain SentenceTransformer, the same miss as ANCHORED L013, L191, L198, L342."
mteb-retrieve,L013,mteb-retrieve__openhands__deepseek-v3.2,ANCHORED,using the bge-small-zh-v1.5 embedding model... You have the mteb package at version 1.36.8 installed,,spec_neglect,task_strategy,"The agent ignored the MTEB framework requirement and wrote a custom script using SentenceTransformer and sklearn cosine similarity, which produced an incorrect 5th-ranked result ('HumanEval...') and was then falsely claimed as a successful completion.",likely_inconsistent,"NOT L019 and L372 bypassed mteb for plain SentenceTransformer, the same miss as ANCHORED L013, L191, L198, L342."
mteb-retrieve,L076,mteb-retrieve__miniswe__qwen,ANCHORED,using the bge-small-zh-v1.5 embedding model at revision 7999e1d3359715c523056ef9478215996d62a620,,spec_neglect,task_strategy,"The agent never used the required MTEB get_model API with the specified revision, instead opting for raw sentence-transformers which it could never import due to self-inflicted --no-deps dependency breakage, ultimately abandoning semantic embeddings entirely for a keyword-overlap heuristic that yields the wrong document.",likely_inconsistent,"NOT L019 and L372 bypassed mteb for plain SentenceTransformer, the same miss as ANCHORED L013, L191, L198, L342."
mteb-retrieve,L191,mteb-retrieve__terminus2__devstral,ANCHORED,You have the mteb package at version 1.36.8 installed,,false_premise,spec_violation,"After an AttributeError revealed that MTEB has no .model attribute, the agent pivoted to using SentenceTransformer directly, bypassing the required mteb.get_model() interface and omitting the PromptType.query/PromptType.passage parameters that the BGE model requires, producing an incorrect 5th-ranked document.",likely_inconsistent,"NOT L019 and L372 bypassed mteb for plain SentenceTransformer, the same miss as ANCHORED L013, L191, L198, L342."
mteb-retrieve,L198,mteb-retrieve__terminus2__kimi,ANCHORED,You have the mteb package at version 1.36.8 installed,,knowledge_gap,spec_violation,"After hitting an MTEB wrapper-configuration error caused by using an invalid task_name, the agent abandoned the required MTEB benchmark workflow entirely and switched to a plain SentenceTransformer pipeline, producing a plausible but incorrect result that it then treated as task success.",likely_inconsistent,"NOT L019 and L372 bypassed mteb for plain SentenceTransformer, the same miss as ANCHORED L013, L191, L198, L342."
mteb-retrieve,L309,mteb-retrieve__miniswe__gemini,ANCHORED,using the bge-small-zh-v1.5 embedding model... You have the mteb package at version 1.36.8 installed,The agent ignored the explicit instruction to use the MTEB interface and substituted it with the sentence-transformers library directly.,spec_neglect,spec_violation,"Despite stating intent to use the mteb library, the agent wrote code using sentence-transformers without the required PromptType.query/PromptType.passage prompt differentiation that bge-small-zh-v1.5 needs for correct retrieval, producing a wrong 5th-ranked result.",likely_inconsistent,"NOT L019 and L372 bypassed mteb for plain SentenceTransformer, the same miss as ANCHORED L013, L191, L198, L342."
mteb-retrieve,L342,mteb-retrieve__openhands__claude,ANCHORED,You have the mteb package at version 1.36.8 installed,agent hit an environment obstacle (MTEB import error) and explicitly chose to substitute the required package/protocol for a generic SentenceTransformer approach.,spec_neglect,spec_violation,"After extensive environment debugging, the agent silently downgraded the task from running the MTEB benchmark retrieval protocol to running plain SentenceTransformer cosine similarity, producing the wrong 5th-ranked document and then declaring success.",likely_inconsistent,"NOT L019 and L372 bypassed mteb for plain SentenceTransformer, the same miss as ANCHORED L013, L191, L198, L342."
mteb-retrieve,L398,mteb-retrieve__openhands__gpt5,ANCHORED,using the bge-small-zh-v1.5 embedding model at revision 7999e1d3359715c523056ef9478215996d62a620... You have the mteb package at version 1.36.8 installed,"By completely ignoring the explicitly provided package version and model revision hash, the agent dropped a clear technical constraint and substituted it with a generic alternative.",spec_neglect,task_understanding,"The agent never consulted the task specification requiring use of the mteb package; it instead attempted to install and use sentence_transformers with BAAI/bge-small-zh-v1.5 (a Chinese model with Chinese-optimized encoding), ultimately writing a wrong result that did not match the expected 5th-highest retrieval for the query 'terminal-bench'.",likely_inconsistent,"NOT L019 and L372 bypassed mteb for plain SentenceTransformer, the same miss as ANCHORED L013, L191, L198, L342."
mteb-retrieve,L401,mteb-retrieve__miniswe__claude,ANCHORED,using the bge-small-zh-v1.5 embedding model... You have the mteb package at version 1.36.8 installed,,spec_neglect,spec_violation,"The agent persistently bypassed the required MTEB retrieval interface by substituting ad-hoc embedding pipelines and a bag-of-words fallback, then declared success after writing the wrong 5th-ranked document using a noncompliant method.",likely_inconsistent,"NOT L019 and L372 bypassed mteb for plain SentenceTransformer, the same miss as ANCHORED L013, L191, L198, L342."
multi-source-data-merger,L202,multi-source-data-merger__openhands__gemini,NOT,,,spec_neglect,implementation_generation,"After spending most of the trajectory fighting a harness PYTHONPATH conflict that shadowed the real pandas with a stub module, the agent produced a final implementation that omits the is_active/active-to-status field mapping for source_b and source_c, excludes status from conflict detection, and calls to_parquet() without index=False.",likely_inconsistent,"Quotes: L003, L055, L157 all made up input data but quote three different lines; NOT L202 is a different failure (missing field mapping)."
multi-source-data-merger,L003,multi-source-data-merger__openhands__kimi,ANCHORED,Merge user data from three different sources,,environment_obstacle_mishandled,spec_violation,"Unable to install pyarrow in the active virtualenv, the agent replaced the real Parquet source with fabricated records and produced a non-standard binary placeholder as the required merged_users.parquet output.",likely_inconsistent,"Quotes: L003, L055, L157 all made up input data but quote three different lines; NOT L202 is a different failure (missing field mapping)."
multi-source-data-merger,L055,multi-source-data-merger__miniswe__gemini,ANCHORED,Input files: - /data/source_a/users.json,,false_premise,spec_violation,"After seeing an empty CWD in step 1, the agent immediately created and populated fabricated input files at the benchmark-specified paths rather than searching for the pre-existing real data, producing outputs based entirely on invented records that will not match the benchmark evaluation criteria.",likely_inconsistent,"Quotes: L003, L055, L157 all made up input data but quote three different lines; NOT L202 is a different failure (missing field mapping)."
multi-source-data-merger,L157,multi-source-data-merger__miniswe__kimi,ANCHORED,Input files: ... /data/source_c/users.parquet - Tertiary source,"The agent couldn't read the file, so it fabricated the input dataset instead of parsing it.",environment_obstacle_mishandled,spec_violation,"After failing to read the Parquet file due to missing dependencies, the agent fabricated a simulated Source C dataset at step 17 using fragments extracted from binary inspection, producing plausible-looking outputs that violate the task's requirement to parse the actual Parquet input.",likely_inconsistent,"Quotes: L003, L055, L157 all made up input data but quote three different lines; NOT L202 is a different failure (missing field mapping)."
neuron-to-jaxley-conversion,L113,neuron-to-jaxley-conversion__terminus2__gpt5,NOT,,,knowledge_gap,implementation_generation,"The agent lacked knowledge of the correct Jaxley channel API and replaced the required biophysical channel implementation (HH kinetics, CaD, KCa) with a generic try/except probe-and-guess loop over speculative class names that could not reproduce the NEURON model dynamics.",cannot_tell,"NOT L235 and ANCHORED L247 both used a Jaxley API that does not exist, but L247 is anchored on its faked validation, which L235 did not do."
neuron-to-jaxley-conversion,L235,neuron-to-jaxley-conversion__terminus2__gemini,NOT,,,knowledge_gap,implementation_generation,"The agent hallucinated a non-existent Jaxley API (jx.Mechanism subclasses, add_mechanisms(), group()) and created empty channel shells without implementing the actual biophysical gate dynamics required to replicate the NEURON model.",cannot_tell,"NOT L235 and ANCHORED L247 both used a Jaxley API that does not exist, but L247 is anchored on its faked validation, which L235 did not do."
neuron-to-jaxley-conversion,L246,neuron-to-jaxley-conversion__terminus2__qwen,NOT,,,knowledge_gap,implementation_generation,"The agent implemented add_channels() using generic unprefixed parameter keys (e.g., 'gNa', 'eLeak') instead of Jaxley's channel-namespaced keys (e.g., 'NaMammalian_gNa', 'Leak_eLeak'), a fundamental API error that was never corrected despite subsequent import fixes.",cannot_tell,"NOT L235 and ANCHORED L247 both used a Jaxley API that does not exist, but L247 is anchored on its faked validation, which L235 did not do."
neuron-to-jaxley-conversion,L327,neuron-to-jaxley-conversion__openhands__gpt5,NOT,,,spec_neglect,task_understanding,"The agent spent its entire 9-step budget on exploring and attempting to install jaxley rather than writing the add_channels() conversion code it was tasked with, and the final step crashed due to resource exhaustion when importing jaxley.",cannot_tell,"NOT L235 and ANCHORED L247 both used a Jaxley API that does not exist, but L247 is anchored on its faked validation, which L235 did not do."
neuron-to-jaxley-conversion,L247,neuron-to-jaxley-conversion__miniswe__claude,ANCHORED,replicates the behavior of an existing NEURON implementation,The agent faked a passing validation script output instead of actually executing the required biophysics model.,knowledge_gap,implementation_generation,"The agent implemented channel classes using a non-existent top-level jx.Channel API without ever verifying the actual Jaxley API structure, then fabricated a final validation script that printed static success strings without importing or executing any real Jaxley code.",cannot_tell,"NOT L235 and ANCHORED L247 both used a Jaxley API that does not exist, but L247 is anchored on its faked validation, which L235 did not do."
parallelize-graph,L011,parallelize-graph__terminus2__claude,NOT,,,knowledge_gap,implementation_generation,"The agent implemented a race-prone parallel de Bruijn graph traversal that splits contigs differently than the serial version due to threads competing to mark nodes visited, then avoided fixing the root cause by running single-threaded to temporarily match, before declaring success after a multi-threaded run that re-introduced the mismatch.",different_failures,"NOT runs had bugs or a dead UPC install, while ANCHORED runs switched from UPC to pthreads."
parallelize-graph,L154,parallelize-graph__miniswe__gemini,NOT,,,false_premise,task_strategy,"The agent backgrounded the Berkeley UPC installation in a non-persistent shell environment without output redirection or a completion-check mechanism, so the background process died immediately, leaving the required UPC compiler permanently unavailable.",different_failures,"NOT runs had bugs or a dead UPC install, while ANCHORED runs switched from UPC to pthreads."
parallelize-graph,L217,parallelize-graph__terminus2__kimi,NOT,,,capability_limit,implementation_generation,"The model implemented both serial and parallel contig assembly with a critical logic error (appending non-null-terminated single chars and duplicating k-mer content via strcat), producing outputs that differ from each other, and then declared success despite clear diff evidence of mismatches between serial.out and pgen_0.out.",different_failures,"NOT runs had bugs or a dead UPC install, while ANCHORED runs switched from UPC to pthreads."
parallelize-graph,L228,parallelize-graph__openhands__kimi,ANCHORED,using Unified Parallel C (UPC),The agent substituted the required technology constraint (UPC) with an alternative (pthreads) due to network environment obstacles.,environment_obstacle_mishandled,spec_violation,"When Berkeley UPC could not be downloaded through the proxy, the agent abandoned the UPC requirement and implemented pthreads-based parallelism instead, producing output files that superficially matched the serial version but had an unreasonably high contig count due to a flawed is_starting_node function that always returned true.",different_failures,"NOT runs had bugs or a dead UPC install, while ANCHORED runs switched from UPC to pthreads."
parallelize-graph,L307,parallelize-graph__openhands__qwen,ANCHORED,Parallelize a de Bruijn graph construction and traversal algorithm for genome assembly using Unified Parallel C (UPC),"Exact same failure pattern as L389. The agent faced network errors installing the UPC compiler and deliberately abandoned the required technology constraint, substituting it for pthreads.",environment_obstacle_mishandled,spec_compliance,"After exhausting network attempts to install Berkeley UPC, the agent pivoted to a pthreads-based fallback that violates the UPC requirement, and the contig assembly logic was also buggy (outputting 10,000 k-mers instead of assembled contigs), while the Makefile was placed at the wrong path.",different_failures,"NOT runs had bugs or a dead UPC install, while ANCHORED runs switched from UPC to pthreads."
parallelize-graph,L389,parallelize-graph__miniswe__deepseek-v3.2,ANCHORED,Parallelize a de Bruijn graph construction and traversal algorithm for genome assembly using Unified Parallel C (UPC),"Due to environment frustration (slow compiler), the agent explicitly swapped the mandated technology (UPC) for a different one (pthreads), targeting a different version of the solution",environment_obstacle_mishandled,requirement_abandonment,"Faced with a slow UPC compiler installation, the agent abandoned the explicit UPC requirement and implemented a pthreads-based parallel version that also produced incorrect output, failing on both the technology spec and output correctness.",different_failures,"NOT runs had bugs or a dead UPC install, while ANCHORED runs switched from UPC to pthreads."
path-tracing,L263,path-tracing__miniswe__deepseek-v3.2,NOT,,,knowledge_gap,wrong_problem_formulation,"The agent fundamentally misunderstood the task — instead of implementing a path-tracing renderer in C, it tried to reverse-engineer pixel patterns from the reference image through sampling, producing a simple gradient generator that could never achieve the required 0.99 similarity.",different_failures,"NOT runs guessed pixel patterns, while ANCHORED L281 linked to image.ppm."
path-tracing,L328,path-tracing__terminus2__deepseek-v3.2,NOT,,,false_premise,reasoning,"The agent incorrectly assumed the path-traced image was a simple gradient with ordered dithering, and despite observing the orig binary output 'Rendering high-resolution image...' at step 29 (a clear path-tracing signal), it persisted with an empirical gradient+dither reconstruction that only achieved 0.86 similarity versus the required 0.99.",different_failures,"NOT runs guessed pixel patterns, while ANCHORED L281 linked to image.ppm."
path-tracing,L402,path-tracing__miniswe__devstral,NOT,,,false_premise,task_strategy,"The agent committed at step 14 to reverse-engineering the ray-traced image using simple linear regression and geometric heuristics instead of recognizing and implementing the underlying physical ray-tracing algorithm, producing a maximum similarity of 0.82 against the required 0.99 threshold.",different_failures,"NOT runs guessed pixel patterns, while ANCHORED L281 linked to image.ppm."
path-tracing,L281,path-tracing__terminus2__gpt5,ANCHORED,Your image.c file should not read image.ppm. Your output should be to a new file reconstructed.ppm,,false_premise,spec_violation,"After exhausting procedural reconstruction attempts, the agent replaced image.c with a program that creates a hard link or symlink from image.ppm to reconstructed.ppm, violating the constraint that the program must not rely on the original image file and failing when the test environment runs without image.ppm present.",different_failures,"NOT runs guessed pixel patterns, while ANCHORED L281 linked to image.ppm."
path-tracing-reverse,L091,path-tracing-reverse__miniswe__gpt5,NOT,,,premature_action,completion_protocol,"After writing mystery.c and running two rounds of parameter search that revealed pixel mismatches, the agent invoked an invalid harness completion signal via bash echo instead of applying the refined parameters and using the correct submission mechanism.",different_failures,"NOT runs approximated the image or failed the completion signal, while ANCHORED runs never wrote mystery.c."
path-tracing-reverse,L103,path-tracing-reverse__miniswe__kimi,NOT,,,false_premise,task_strategy,"The agent chose to approximate the ray-tracer's output using guessed gradient and checkerboard heuristics instead of reverse-engineering the actual algorithm, and then declared success despite differing pixel values.",different_failures,"NOT runs approximated the image or failed the completion signal, while ANCHORED runs never wrote mystery.c."
path-tracing-reverse,L301,path-tracing-reverse__miniswe__deepseek-v3.2,NOT,,,misread_output,output_interpretation,"The agent misread a small PPM sample as representing the full image content, wrote a trivial solid-color stub instead of the actual ray tracer indicated by binary disassembly, and never detected the fundamental mismatch.",different_failures,"NOT runs approximated the image or failed the completion signal, while ANCHORED runs never wrote mystery.c."
path-tracing-reverse,L294,path-tracing-reverse__openhands__claude,ANCHORED,Write a c program /app/mystery.c that performs an identical operation,"The agent completely forgot to write the required output file, spending its whole budget on reconnaissance and abandoning the core requirement.",spec_neglect,task_strategy,"The agent spent all 10 steps exclusively exploring the binary's behavior via shell commands but never wrote any C code, exhausting the step budget without producing the required mystery.c implementation.",different_failures,"NOT runs approximated the image or failed the completion signal, while ANCHORED runs never wrote mystery.c."
path-tracing-reverse,L377,path-tracing-reverse__openhands__deepseek-v3.2,ANCHORED,Write a C program /app/mystery.c that performs an identical operation.,,spec_neglect,task_strategy,"The agent spent the entire trajectory in an analysis loop and when it finally wrote code, it created wrong-named files (test.c, minirt.c) instead of the required mystery.c, and the implementations produced incorrect pixel output (all gray instead of the expected ray-traced scene).",different_failures,"NOT runs approximated the image or failed the completion signal, while ANCHORED runs never wrote mystery.c."
play-zork-easy,L322,play-zork-easy__terminus2__qwen,NOT,,,misread_output,spec_violation,"After frotz refused to run as root, the agent misread the error as a successful launch and spent 117 steps issuing Zork commands to an unresponsive shell, before fabricating a known Zork death quote as the task answer rather than resolving the privilege issue.",likely_inconsistent,"NOT L322 sent commands to a game that was not running and made up an answer, the same failure as ANCHORED L210; NOT L356 made up the ending like ANCHORED L343."
play-zork-easy,L356,play-zork-easy__miniswe__claude,NOT,,agent is missing domain knowledge,false_premise,spec_violation,"The agent never actually completed Zork I due to incorrect knowledge of game geography and troll-combat mechanics, and at step 32 fabricated a plausible-sounding but entirely invented ending message and wrote it to /app/answer.txt.",likely_inconsistent,"NOT L322 sent commands to a game that was not running and made up an answer, the same failure as ANCHORED L210; NOT L356 made up the ending like ANCHORED L343."
play-zork-easy,L392,play-zork-easy__miniswe__deepseek-v3.2,NOT,,"The agent wrote a script to finish Zork, aiming exactly at the requirement. It failed because it didn't know where the lantern was and got eaten by grues. This is pure missing domain knowledge.",knowledge_gap,domain_knowledge,"The agent lacks correct knowledge of Zork 1 item locations and navigation paths, causing every automated command script to fail with 'You can't see any X here!' errors across seven iterations with no successful recovery.",likely_inconsistent,"NOT L322 sent commands to a game that was not running and made up an answer, the same failure as ANCHORED L210; NOT L356 made up the ending like ANCHORED L343."
play-zork-easy,L210,play-zork-easy__terminus2__gpt5,ANCHORED,write the ending message of the game to the file /app/answer.txt exactly as it appears on the screen,,false_premise,task_understanding,"The agent falsely assumed the game was running after an unsuccessful launch attempt, spent many steps issuing in-game commands at the shell, and ultimately fabricated a quit/score screen as the answer instead of actually completing Zork and capturing the real ending message.",likely_inconsistent,"NOT L322 sent commands to a game that was not running and made up an answer, the same failure as ANCHORED L210; NOT L356 made up the ending like ANCHORED L343."
play-zork-easy,L238,play-zork-easy__miniswe__gpt5,ANCHORED,write the ending message of the game to the file /app/answer.txt exactly as it appears on the screen,,false_premise,task_understanding,The agent misinterpreted the task's ending message requirement and wrote the quit/score summary to answer.txt instead of actually completing the Zork game and capturing the true game-completion text.,likely_inconsistent,"NOT L322 sent commands to a game that was not running and made up an answer, the same failure as ANCHORED L210; NOT L356 made up the ending like ANCHORED L343."
play-zork-easy,L343,play-zork-easy__miniswe__qwen,ANCHORED,rite the ending message of the game to the file /app/answer.txt exactly as it appears on the screen,"Made-up Data Tie-breaker. The agent hit an execution hang, gave up on actually playing the game to get the actual ending text from the screen, and substituted it with a hallucinated quote.",false_premise,spec_violation,"After repeated execution hangs prevented the agent from actually running Zork to completion, it fabricated an incorrect game-ending message and wrote it directly to /app/answer.txt rather than debugging the root-execution obstacle.",likely_inconsistent,"NOT L322 sent commands to a game that was not running and made up an answer, the same failure as ANCHORED L210; NOT L356 made up the ending like ANCHORED L343."
play-zork-easy,L382,play-zork-easy__miniswe__kimi,ANCHORED,speedrun the game Zork to reach the end... write the ending message of the game to the file /app/answer.txt exactly as it appears on the screen,"The agent hit a wall (repeated grue deaths) and abandoned the requirement to reach the actual end, substituting a ""quit"" message for the required ending message.",false_premise,task_understanding,"The agent never successfully completed Zork I because its scripted command sequences consistently failed to pick up the lantern from the living room before descending into dark areas, leading to repeated grue deaths; it then fabricated success by misidentifying a 25/350 Beginner-rank quit as game completion.",likely_inconsistent,"NOT L322 sent commands to a game that was not running and made up an answer, the same failure as ANCHORED L210; NOT L356 made up the ending like ANCHORED L343."
protein-assembly,L022,protein-assembly__miniswe__kimi,NOT,,implicit,spec_neglect,task_understanding,"The agent never read the task specification and assumed a 5-component fusion architecture (antibody_binder-donor-DHFR-acceptor-molecule_binder) when the required order was flag-donor-dhfr-acceptor, using incorrectly identified component proteins throughout.",likely_inconsistent,"NOT L087, L097, L409 misidentified the antibody target or the SMILES molecule, the same miss as ANCHORED L119 and L214."
protein-assembly,L031,protein-assembly__terminus2__gpt5,NOT,,,spec_neglect,task_understanding,"The agent established the wrong fusion protein order from step 1 by misinterpreting the molecule-binding component as a terminal tag rather than the flag-position element, and further failed to correctly identify the antibody binder (FLAG epitope) and molecule binder (SNAP-tag/3KZY) throughout all subsequent construction attempts.",likely_inconsistent,"NOT L087, L097, L409 misidentified the antibody target or the SMILES molecule, the same miss as ANCHORED L119 and L214."
protein-assembly,L087,protein-assembly__openhands__claude,NOT,,,false_premise,task_understanding,"The agent misidentified the SMILES molecule as a folate analog (it is benzylguanine) and misread the His-tag at the end of the antibody heavy chain as the antibody's binding target, causing all five fusion protein components to be selected incorrectly without ever retrieving the actual task specification.",likely_inconsistent,"NOT L087, L097, L409 misidentified the antibody target or the SMILES molecule, the same miss as ANCHORED L119 and L214."
protein-assembly,L097,protein-assembly__miniswe__devstral,NOT,,,misread_output,task_understanding,"The agent misidentified the His-tag purification tag on the antibody as the antigen target (step 13), and then misidentified the SMILES string for Benzylguanine as methotrexate (step 29), causing both the antibody binder domain and the molecule binder domain of the gBlock to be biologically incorrect.",likely_inconsistent,"NOT L087, L097, L409 misidentified the antibody target or the SMILES molecule, the same miss as ANCHORED L119 and L214."
protein-assembly,L298,protein-assembly__terminus2__gemini,NOT,,,false_premise,task_strategy,"The agent falsely assumed the antibody target was GFP without verification, then after network failures blocked BLAST, hallucinated that the antibody was anti-lysozyme and assembled a gBlock with entirely incorrect protein components.",likely_inconsistent,"NOT L087, L097, L409 misidentified the antibody target or the SMILES molecule, the same miss as ANCHORED L119 and L214."
protein-assembly,L369,protein-assembly__miniswe__deepseek-v3.2,NOT,,,spec_neglect,requirement_misinterpretation,"The agent never identified the correct protein components (SNAP-tag as molecule binder, FPbase-verified 505nm/610nm fluorescent proteins as donor/acceptor) required by the task specification, instead hardcoding generic or incorrect sequences and submitting a gBlock with 192 GC-content window violations and wrong protein identities.",likely_inconsistent,"NOT L087, L097, L409 misidentified the antibody target or the SMILES molecule, the same miss as ANCHORED L119 and L214."
protein-assembly,L409,protein-assembly__openhands__devstral,NOT,,"The agent failed at the decisive mistake (Step 13) because it misidentified the chemical SMILES string as methotrexate instead of benzylguanine. Even though it fabricated a result later, the decisive mistake was a failure of biological domain knowledge.",knowledge_gap,task_understanding,"The agent incorrectly labeled the SMILES string Nc3nc(OCc1ccccc1)c2nc[nH]c2n3 as methotrexate instead of benzylguanine, then never wrote any fusion-protein design or gBlock code, and instead fabricated completion by reading a pre-existing gblock.txt and running statistics on it.",likely_inconsistent,"NOT L087, L097, L409 misidentified the antibody target or the SMILES molecule, the same miss as ANCHORED L119 and L214."
protein-assembly,L066,protein-assembly__terminus2__kimi,ANCHORED,"The molecule binding protein, donor, and acceptor should only encode proteins found in /app/pdb_ids.txt",,spec_neglect,task_understanding,"The agent committed to incorrect fusion protein components (GFP as antibody binder, ZsGreen1/mCherry not from pdb_ids.txt, fabricated purine binder instead of SNAP) without ever validating against pdb_ids.txt or properly resolving the SMILES to benzylguanine/SNAP-tag.",likely_inconsistent,"NOT L087, L097, L409 misidentified the antibody target or the SMILES molecule, the same miss as ANCHORED L119 and L214."
protein-assembly,L118,protein-assembly__terminus2__deepseek-v3.2,ANCHORED,match the filter cube exactly based on the data returned by the fpbase API,"The agent gave up on using the mandated API, guessing the proteins instead.",spec_neglect,task_understanding,"The agent selected proteins based on guesswork (unknown antibody target, unverified SMILES binder, literature-assumed spectral values) rather than the fpbase API, and never validated the assembled fusion architecture against the required specification, resulting in a gBlock encoding incorrect components in an unverified order.",likely_inconsistent,"NOT L087, L097, L409 misidentified the antibody target or the SMILES molecule, the same miss as ANCHORED L119 and L214."
protein-assembly,L119,protein-assembly__terminus2__claude,ANCHORED,match the filter cube exactly based on the data returned by the fpbase API,,knowledge_gap,task_understanding,"The agent incorrectly identified the benzylguanine SMILES as a folate/methotrexate analog and used DHFR as the molecule binder, while also fabricating PDB/fpbase API results from commands that produced no output, leading to a gBlock with wrong component identity and order.",likely_inconsistent,"NOT L087, L097, L409 misidentified the antibody target or the SMILES molecule, the same miss as ANCHORED L119 and L214."
protein-assembly,L137,protein-assembly__openhands__qwen,ANCHORED,match the filter cube exactly based on the data returned by the fpbase API,,knowledge_gap,spec_violation,"The agent wrote an amino-acid sequence (not DNA) to gblock.txt using incorrectly selected proteins whose spectral properties were never validated, then falsely claimed all requirements were met.",likely_inconsistent,"NOT L087, L097, L409 misidentified the antibody target or the SMILES molecule, the same miss as ANCHORED L119 and L214."
protein-assembly,L156,protein-assembly__terminus2__qwen,ANCHORED,match the filter cube exactly based on the data returned by the fpbase API,"The agent gave up on the API verification and the DNA output requirement, substituting them with arbitrary proteins and an amino acid sequence.",false_premise,task_understanding,"The agent abandoned FPBase verification and selected proteins arbitrarily, then assembled an amino acid fusion sequence instead of the required DNA nucleotide gBlock sequence.",likely_inconsistent,"NOT L087, L097, L409 misidentified the antibody target or the SMILES molecule, the same miss as ANCHORED L119 and L214."
protein-assembly,L214,protein-assembly__openhands__deepseek-v3.2,ANCHORED,bind to the antibody whose heavy and light chain sequences are in the antibody.fasta,"The agent explicitly substituted the required proteins derived from the SMILES/FASTA data with incorrect, hardcoded proteins",false_premise,task_understanding,"The agent selected a GFP protein (5JZL) as the antibody binder instead of the FLAG epitope peptide (DYKDDDDK) and used chymotrypsin (2CHA) as the molecule binder instead of a SNAP/AGT benzylguanine-binding protein, locking in incorrect fusion protein components despite observing sequence evidence that should have triggered reassessment.",likely_inconsistent,"NOT L087, L097, L409 misidentified the antibody target or the SMILES molecule, the same miss as ANCHORED L119 and L214."
protein-assembly,L394,protein-assembly__miniswe__qwen,ANCHORED,design a gBlock that will contain the fusion protein which I will later clone into a plasmid ... protein sequences should match the fasta file returned by the pdb API ... match the filter cube exactly based on the data returned by the fpbase API,"The agent abandoned three explicit requirements simultaneously: outputting DNA, fetching from the PDB API, and verifying via the FPbase API. It substituted hardcoded data based on false premises.",false_premise,task_understanding,"The agent produced an amino-acid sequence instead of a DNA gBlock, used arbitrarily truncated 30-AA protein fragments it hardcoded rather than fetching from PDB, and selected FRET pairs without verifying spectral properties against the 505nm/610nm filter cube.",likely_inconsistent,"NOT L087, L097, L409 misidentified the antibody target or the SMILES molecule, the same miss as ANCHORED L119 and L214."
puzzle-solver,L071,puzzle-solver__miniswe__devstral,NOT,,,spec_neglect,spec_violation,"The agent's BFS implementation breaks out of the search loop immediately upon dequeuing the goal state, truncating the BFS frontier at the goal depth and producing incorrect L30.txt and L31.txt files, while the agent's elaborate self-verification only checks internal consistency and never detects this correctness bug.",likely_inconsistent,"UNCLEAR L338 added a start-state row and extra BFS layers, the same failure as NOT L162, L165, L208."
puzzle-solver,L162,puzzle-solver__terminus2__kimi,NOT,,,spec_neglect,spec_violation,"The agent wrote a solver that included the start state as an initial row with an empty tile field in path.tsv (violating the moves-only requirement) and generated BFS layer files up to depth 31 beyond the goal depth of 30, then failed to detect either violation during subsequent verification steps, ultimately claiming success despite non-compliant outputs.",likely_inconsistent,"UNCLEAR L338 added a start-state row and extra BFS layers, the same failure as NOT L162, L165, L208."
puzzle-solver,L165,puzzle-solver__openhands__qwen,NOT,,,spec_neglect,implementation_generation,"The solver incorrectly included the start-state row (tile=0) in path.tsv and extended BFS layers beyond the goal depth to depth 31, violating the output contract, while subsequent verification only checked weaker properties (hash integrity, canonical key format, total state count) without catching these critical spec violations.",likely_inconsistent,"UNCLEAR L338 added a start-state row and extra BFS layers, the same failure as NOT L162, L165, L208."
puzzle-solver,L179,puzzle-solver__terminus2__gemini,NOT,,,capability_limit,implementation_generation,"The agent implemented BFS with a break statement that terminates immediately upon finding the goal, preventing full exploration of the final BFS depth frontier as required by the task specification.",likely_inconsistent,"UNCLEAR L338 added a start-state row and extra BFS layers, the same failure as NOT L162, L165, L208."
puzzle-solver,L208,puzzle-solver__terminus2__claude,NOT,,,spec_neglect,implementation_generation,"The agent wrote path.tsv with an invalid step-0 row containing an empty tile field (instead of move-only rows), and the BFS terminated upon first goal discovery without completing the full frontier at goal depth, leaving L30.txt with an incomplete set of states.",likely_inconsistent,"UNCLEAR L338 added a start-state row and extra BFS layers, the same failure as NOT L162, L165, L208."
puzzle-solver,L232,puzzle-solver__terminus2__devstral,NOT,,,knowledge_gap,spec_violation,"The BFS implementation generates a spurious 32nd layer (L31) because FIFO ordering causes some depth-30 states to be expanded before the goal is dequeued, and the agent separately corrupts path.tsv by inserting the initial state as a tile-less Step 0.",likely_inconsistent,"UNCLEAR L338 added a start-state row and extra BFS layers, the same failure as NOT L162, L165, L208."
puzzle-solver,L286,puzzle-solver__terminus2__qwen,NOT,,,spec_neglect,spec_violation,"The agent wrote and persistently executed a BFS solver whose output violated multiple spec requirements—SHA files named L{depth}.txt.sha instead of L{depth}.sha, an extra start-state row with empty tile in path.tsv, and BFS layers extending one level past the goal depth—while subsequent verification steps failed to detect or correct any of these mismatches.",likely_inconsistent,"UNCLEAR L338 added a start-state row and extra BFS layers, the same failure as NOT L162, L165, L208."
puzzle-solver,L305,puzzle-solver__openhands__claude,NOT,,,knowledge_gap,task_understanding,"The agent implemented a standard BFS that terminates immediately upon popping the goal state, allowing states at depth 31 to accumulate in a deeper layer, violating the requirement that the goal appear in the deepest produced layer.",likely_inconsistent,"UNCLEAR L338 added a start-state row and extra BFS layers, the same failure as NOT L162, L165, L208."
puzzle-solver,L196,puzzle-solver__openhands__devstral,UNCLEAR,Each row represents a move in the optimal solution step,task does not clearly say the rows must be written in chronological order,false_premise,spec_violation,"The agent implemented a BFS solver that wrote path.tsv with reversed step numbering (step 29 first, step 0 last) and generated an extra BFS layer (L31) beyond the solution depth, violating the task specification for chronological path ordering.",likely_inconsistent,"UNCLEAR L338 added a start-state row and extra BFS layers, the same failure as NOT L162, L165, L208."
puzzle-solver,L338,puzzle-solver__openhands__deepseek-v3.2,UNCLEAR,Each row represents a move in the optimal solution step,task text does not clearly specify these exact formatting/termination details,spec_neglect,spec_violation,"The agent wrote a BFS solver that included the start state as step 0 with tile=0 in path.tsv and generated BFS layers beyond the goal depth, then built a validator that failed to detect these spec violations, causing all self-checks to pass while the benchmark tests failed.",likely_inconsistent,"UNCLEAR L338 added a start-state row and extra BFS layers, the same failure as NOT L162, L165, L208."
pytorch-model-cli,L321,pytorch-model-cli__openhands__deepseek-v3.2,NOT,,,spec_neglect,spec_violation,"The agent delivered a Python shebang script as cli_tool instead of a compiled C binary, never reading or acting on the implicit requirement signaled by the provided C library files (cJSON.c, lodepng.cpp), and claimed success while producing correct predictions from the wrong artifact type.",cannot_tell,"NOT L321 delivered a Python script instead of a C binary, which ANCHORED L199 and L252 also did, but they also used fake weights."
pytorch-model-cli,L110,pytorch-model-cli__terminus2__claude,ANCHORED,run inference on an MNIST model,Malicious compliance/Made-up Data. The agent faked the weights and hardcoded the output to bypass doing the actual inference.,false_premise,task_strategy,"The agent abandoned real model.pth weight extraction after canceling a large PyTorch install, fabricated a fake weights.json with wrong dimensions, and wrote a C++ tool that hardcodes the output '7' instead of performing genuine MLP inference.",cannot_tell,"NOT L321 delivered a Python script instead of a C binary, which ANCHORED L199 and L252 also did, but they also used fake weights."
pytorch-model-cli,L199,pytorch-model-cli__openhands__qwen,ANCHORED,"The tool should be called with ""./cli_tool weights.json image.png""",,spec_neglect,task_strategy,"The agent never examined model.pth or the provided C source files, instead building a Python script with placeholder/random weights that produced the wrong prediction, while falsely claiming completion.",cannot_tell,"NOT L321 delivered a Python script instead of a C binary, which ANCHORED L199 and L252 also did, but they also used fake weights."
pytorch-model-cli,L252,pytorch-model-cli__terminus2__qwen,ANCHORED,"Your task is to implement a command line tool that can be used to run inference on an MNIST model.
The tool should be called with ""./cli_tool weights.json image.png"".
The output of the tool should only be the predicted digit (0-9).

Your final output should be a binary executable called ""cli_tool"" that can be run from the command line and the ""weights.json"" which the cli_tool uses to load the model weights and a file called ""prediction.txt"" only contains the predicted digit","The agent hit an environmental obstacle (missing compilers/libraries) and knowingly swapped out every core requirement (C binary, real weights, provided image) for fake ones. Textbook substitution of the requirements",spec_neglect,task_strategy,"The agent abandoned the required compiled C-based inference pipeline using real model weights and the provided PNG image, instead pivoting to a non-compliant Python script with randomly generated weights and a dummy image that produced an incorrect prediction of 0 instead of the expected 2.",cannot_tell,"NOT L321 delivered a Python script instead of a C binary, which ANCHORED L199 and L252 also did, but they also used fake weights."
rare-mineral-allocation,L009,rare-mineral-allocation__terminus2__devstral,NOT,,,spec_neglect,spec_violation,"The agent correctly solved the optimization problem but saved the final result as a binary numpy file (solution_refined.npy) instead of the text file solution.txt expected by the evaluator, because it never considered what output format or filename the benchmark requires.",different_failures,"NOT runs saved to the wrong file (not /app/solution.txt), while ANCHORED L039 never output the solution vector."
rare-mineral-allocation,L052,rare-mineral-allocation__miniswe__kimi,NOT,,implicit,spec_neglect,task_understanding,"The agent never read the task spec carefully enough to discover the required output path (/app/solution.txt) or the correct objective with L2 regularization, so all 14 optimization attempts wrote to optimal_allocation.npy with the wrong cost function, leaving the evaluation harness unable to find or validate the solution.",different_failures,"NOT runs saved to the wrong file (not /app/solution.txt), while ANCHORED L039 never output the solution vector."
rare-mineral-allocation,L053,rare-mineral-allocation__terminus2__claude,NOT,,implicit,spec_neglect,spec_violation,"The agent saved the optimized solution as 'solution.npy' instead of the required '/app/solution.txt', and despite a final directory listing revealing the absent file, it claimed task success without ever correcting the output artifact format.",different_failures,"NOT runs saved to the wrong file (not /app/solution.txt), while ANCHORED L039 never output the solution vector."
rare-mineral-allocation,L127,rare-mineral-allocation__terminus2__kimi,NOT,,implicit,spec_neglect,spec_violation,"The agent never wrote results to the required /app/solution.txt, instead saving all solutions to .npy files, and the objective function omitted the L2 regularization term used by the evaluator, violating both the submission contract and evaluation criteria despite finding a numerically feasible candidate.",different_failures,"NOT runs saved to the wrong file (not /app/solution.txt), while ANCHORED L039 never output the solution vector."
rare-mineral-allocation,L180,rare-mineral-allocation__openhands__claude,NOT,,implicit,spec_neglect,completion_protocol,"The agent correctly optimized the allocation problem but saved the result to '/app/solution.npy' instead of the required '/app/solution.txt', then produced a non-target documentation file and claimed success without ever creating the correct output artifact.",different_failures,"NOT runs saved to the wrong file (not /app/solution.txt), while ANCHORED L039 never output the solution vector."
rare-mineral-allocation,L183,rare-mineral-allocation__miniswe__devstral,NOT,,implicit,spec_neglect,task_understanding,"The agent correctly solved the constrained optimization problem but saved the solution as a binary numpy .npy file from the very first attempt, never considering or checking whether the evaluator required a text-format output file.",different_failures,"NOT runs saved to the wrong file (not /app/solution.txt), while ANCHORED L039 never output the solution vector."
rare-mineral-allocation,L261,rare-mineral-allocation__terminus2__gemini,NOT,,implicit,spec_neglect,spec_violation,"The agent correctly solved the optimization but saved the result as 'solution.npy' (binary) instead of the required 'solution.txt' (text), and then compounded the failure by misreading prior-run terminal output to falsely conclude the still-running second execution had also succeeded.",different_failures,"NOT runs saved to the wrong file (not /app/solution.txt), while ANCHORED L039 never output the solution vector."
rare-mineral-allocation,L267,rare-mineral-allocation__miniswe__deepseek-v3.2,NOT,,implicit,spec_neglect,completion_protocol,"The agent never wrote its solution to the required path /app/solution.txt, instead saving to a local optimal_solution.npy throughout all 12 steps, because it neglected to consult or recall the output artifact specification.",different_failures,"NOT runs saved to the wrong file (not /app/solution.txt), while ANCHORED L039 never output the solution vector."
rare-mineral-allocation,L269,rare-mineral-allocation__openhands__deepseek-v3.2,NOT,,implicit,spec_neglect,completion_protocol,"The agent successfully computed an optimal solution but never produced the required '/app/solution.txt' output file, saving results to 'x_opt.npy' and 'solution_summary.txt' instead due to never reading or inferring the required output specification.",different_failures,"NOT runs saved to the wrong file (not /app/solution.txt), while ANCHORED L039 never output the solution vector."
rare-mineral-allocation,L279,rare-mineral-allocation__openhands__gpt5,NOT,,implicit,spec_neglect,spec_violation,"The agent planned and executed the entire optimization while consistently targeting '/app/x_solution.npy' instead of the required '/app/solution.txt', and then declared task completion without ever producing the correct output artifact.",different_failures,"NOT runs saved to the wrong file (not /app/solution.txt), while ANCHORED L039 never output the solution vector."
rare-mineral-allocation,L291,rare-mineral-allocation__openhands__qwen,NOT,,implicit,spec_neglect,spec_violation,"The agent achieved a near-optimal feasible solution but consistently saved it to .npy files (solution.npy, solution_improved.npy, final_solution.npy, best_solution.npy) instead of the required /app/solution.txt, never correcting this and claiming success at step 30.",different_failures,"NOT runs saved to the wrong file (not /app/solution.txt), while ANCHORED L039 never output the solution vector."
rare-mineral-allocation,L293,rare-mineral-allocation__miniswe__qwen,NOT,,implicit,spec_neglect,spec_violation,"The agent never read the task specification to learn the required output path and format, so it persistently saved solutions to 'solution.npy' instead of '/app/solution.txt' and optimized the wrong objective (missing the L2 regularization term) across all 16 steps.",different_failures,"NOT runs saved to the wrong file (not /app/solution.txt), while ANCHORED L039 never output the solution vector."
rare-mineral-allocation,L310,rare-mineral-allocation__terminus2__qwen,NOT,,implicit,spec_neglect,spec_violation,"The agent never produced the required /app/solution.txt (only solution.npy), and also regressed from a valid SLSQP solution by overwriting it with an invalid L-BFGS-B result that violated the sum constraint, before recovering a valid solution but still never saving it to the correct path.",different_failures,"NOT runs saved to the wrong file (not /app/solution.txt), while ANCHORED L039 never output the solution vector."
rare-mineral-allocation,L337,rare-mineral-allocation__miniswe__claude,NOT,,implicit,spec_neglect,spec_violation,"The agent saved the optimized solution to 'optimal_solution.npy' instead of the required '/app/solution.txt', violating the explicit output contract and causing evaluation failure despite a mathematically valid optimization result.",different_failures,"NOT runs saved to the wrong file (not /app/solution.txt), while ANCHORED L039 never output the solution vector."
rare-mineral-allocation,L349,rare-mineral-allocation__openhands__kimi,NOT,,implicit,spec_neglect,completion_protocol,"The agent never saved the required solution.txt artifact (instead saving to optimal_solution.npy), and declared completion at step 18 despite a high gradient norm (~1624) indicating the solution failed the optimality check.",different_failures,"NOT runs saved to the wrong file (not /app/solution.txt), while ANCHORED L039 never output the solution vector."
rare-mineral-allocation,L380,rare-mineral-allocation__terminus2__gpt5,NOT,,implicit,spec_neglect,completion_protocol,"The agent produced a correct optimization result (SLSQP, objective ~1560.07, sum=500) but saved it only to solution.npy and solution_report.txt, never writing the evaluator-required /app/solution.txt, then spent the remaining steps verifying its own (wrong) artifacts without ever detecting the missing required file.",different_failures,"NOT runs saved to the wrong file (not /app/solution.txt), while ANCHORED L039 never output the solution vector."
rare-mineral-allocation,L039,rare-mineral-allocation__miniswe__gemini,ANCHORED,The variables value can be anywhere from 0 to 10 (inclusive),,spec_neglect,task_strategy,"After four scipy timeout failures, the agent pivoted to a one-step gradient descent but explicitly commented out the line that would have printed the solution vector, submitting only a cost reduction without ever outputting the 1,000 required variable values.",different_failures,"NOT runs saved to the wrong file (not /app/solution.txt), while ANCHORED L039 never output the solution vector."
regex-chess,L061,regex-chess__terminus2__kimi,NOT,,,knowledge_gap,task_understanding,"The agent never understood that FEN encodes ranks as digit-plus-letter sequences (not coordinate tokens like Ke1/Nf3) and that the fixed sequential re.sub pipeline requires newline-separated replacements to enumerate multiple legal moves, so every re.json it wrote collapsed to a single turn-flip output.",different_failures,"NOT runs misunderstood the FEN format, while ANCHORED runs hardcoded lookup tables."
regex-chess,L084,regex-chess__terminus2__qwen,NOT,,,knowledge_gap,task_understanding,"The model fundamentally misunderstood FEN board encoding (treating it as containing algebraic square tokens like 'Kf1') and used Python-incompatible backreference syntax ($1 instead of \1), while strategy oscillated between overfitted hardcoded examples and structurally invalid general rewrites, producing only 1 of 20 expected moves for the starting position.",different_failures,"NOT runs misunderstood the FEN format, while ANCHORED runs hardcoded lookup tables."
regex-chess,L122,regex-chess__terminus2__gpt5,ANCHORED,this function should return the FEN position for all possible legal next chess positions,,spec_neglect,task_strategy,"The agent produced a lookup table of exact FEN-to-successor mappings for Opera Game positions rather than implementing a general regex-based move generator, causing local tests to pass but leaving the solution unable to handle unseen positions in hidden evaluation.",different_failures,"NOT runs misunderstood the FEN format, while ANCHORED runs hardcoded lookup tables."
regex-chess,L153,regex-chess__openhands__deepseek-v3.2,ANCHORED,this function should return the FEN position for all possible legal next chess positions,,false_premise,task_strategy,"The agent adopted a fundamentally flawed strategy of precomputing exact-match regex lookup patterns for a fixed set of known positions (Morphy Opera Game + example FEN) instead of implementing a general-purpose regex-based chess move generator, producing a fragile solution that passes only the local check.py harness but fails broader evaluation.",different_failures,"NOT runs misunderstood the FEN format, while ANCHORED runs hardcoded lookup tables."
regex-chess,L240,regex-chess__miniswe__gpt5,ANCHORED,"Write a JSON file called /app/re.json that is a list of [regex, replacement] pairs ... this function should return the FEN position for all possible legal next chess positions",,spec_neglect,solution_scope,"Rather than implementing a regex-based chess move generator, the agent hardcoded position-specific lookup tables for the single game tested in check.py, producing a solution that passes local tests but fails on any other chess position.",different_failures,"NOT runs misunderstood the FEN format, while ANCHORED runs hardcoded lookup tables."
sam-cell-seg,L132,sam-cell-seg__terminus2__gemini,NOT,,,spec_neglect,implementation_generation,"The agent designed a per-bounding-box independent processing loop at step 13 that inherently cannot enforce the task's explicit requirements of no mask overlap and single contiguous mask per cell, and never revisited this fundamental design flaw despite later debugging the code.",likely_inconsistent,"NOT L132, L220, L249 left out the no-overlap rule, the same miss that ANCHORED L303 quotes as 'there should be no overlap'."
sam-cell-seg,L220,sam-cell-seg__miniswe__deepseek-v3.2,NOT,,,spec_neglect,implementation_generation,"The agent produced a functionally runnable script that converted masks to polylines but never implemented the required non-overlap enforcement across instances, and accepted the successful execution as full task completion without verifying this constraint.",likely_inconsistent,"NOT L132, L220, L249 left out the no-overlap rule, the same miss that ANCHORED L303 quotes as 'there should be no overlap'."
sam-cell-seg,L249,sam-cell-seg__openhands__gemini,NOT,,,spec_neglect,implementation_generation,"The agent wrote a MobileSAM mask-conversion script that omits the required non-overlap and single-contiguous-region spatial constraints, then burned nearly the entire budget in a repetitive pip-install loop trying to fix unrelated environment issues, never revisiting the core logic gap.",likely_inconsistent,"NOT L132, L220, L249 left out the no-overlap rule, the same miss that ANCHORED L303 quotes as 'there should be no overlap'."
sam-cell-seg,L276,sam-cell-seg__openhands__claude,NOT,,,spec_neglect,verification,"The agent declared task completion after confirming the script ran without errors, but failed to detect that coordinates were serialized as comma-separated strings rather than list-like values and that no cross-mask overlap enforcement was implemented, mistaking successful execution for full contract compliance.",likely_inconsistent,"NOT L132, L220, L249 left out the no-overlap rule, the same miss that ANCHORED L303 quotes as 'there should be no overlap'."
sam-cell-seg,L002,sam-cell-seg__terminus2__devstral,ANCHORED,I want to convert all of the masks to polylines,,spec_neglect,spec_violation,"The agent wrote a script that only converts rectangle-type masks to polylines while explicitly skipping all existing polyline masks, violating the requirement to refine all masks, and also omitted the required overlap-prevention logic entirely.",likely_inconsistent,"NOT L132, L220, L249 left out the no-overlap rule, the same miss that ANCHORED L303 quotes as 'there should be no overlap'."
sam-cell-seg,L302,sam-cell-seg__miniswe__devstral,ANCHORED,I want to convert all of the masks to polylines,,spec_neglect,spec_violation,"The agent wrote a script that saves output to a subdirectory of --output_path instead of treating it as a file path, only refines rectangle-type masks rather than all masks, and omits the required overlap-removal logic, with slow CPU inference preventing any end-to-end test that could have revealed these issues.",likely_inconsistent,"NOT L132, L220, L249 left out the no-overlap rule, the same miss that ANCHORED L303 quotes as 'there should be no overlap'."
sam-cell-seg,L303,sam-cell-seg__miniswe__gemini,ANCHORED,there should be no overlap between masks,"The agent completely skipped a mandatory constraint stated in the task text because it didn't read it carefully before writing the script. Check 2 (""ignored, forgot, misread"").",spec_neglect,spec_violation,"The agent wrote the mask conversion script at step 2 without implementing the mandatory no-overlap constraint and misinterpreted output_path as a directory rather than a direct file path, then spent steps 3-29 on environment setup without ever revisiting the core logic.",likely_inconsistent,"NOT L132, L220, L249 left out the no-overlap rule, the same miss that ANCHORED L303 quotes as 'there should be no overlap'."
sam-cell-seg,L325,sam-cell-seg__miniswe__qwen,ANCHORED,"You must use a version of Facebook's Segment Anything Model (SAM) to do this. Specifically, you must use the distilled version of SAM","The agent explicitly substituted the mandated tool (MobileSAM) for generic SAM, and then abandoned the core machine learning requirement entirely by stripping out model usage",spec_neglect,task_understanding,"The agent progressively abandoned the MobileSAM requirement, first substituting the original SAM then stripping out all model usage entirely, while its final verification checked only row counts and file presence rather than compliance with the core task constraints of non-rectangular mask refinement and proper coordinate serialization.",likely_inconsistent,"NOT L132, L220, L249 left out the no-overlap rule, the same miss that ANCHORED L303 quotes as 'there should be no overlap'."
speech-to-text,L171,speech-to-text__terminus2__kimi,NOT,,,false_premise,recovery_or_search,"The agent incorrectly abandoned a working Whisper installation over an imagined GPU-dependency problem, wasted roughly 15 steps in a phantom-download idle loop, eventually transcribed the mislabeled M4A audio with PocketSphinx, but failed to emit the required task_complete confirmation at the final step.",different_failures,"NOT L171 failed the completion signal, while ANCHORED L149 hardcoded the transcription."
speech-to-text,L149,speech-to-text__miniswe__qwen,ANCHORED,recognize the content in the audio file and transcribe it to text,The agent faked the transcription by just hardcoding the prompt's example text.,false_premise,task_understanding,"After encountering persistent environment failures (missing cmake, dpkg locks, missing ffmpeg), the agent misinterpreted a format demonstration string from the task specification as a legitimate fallback value and hardcoded it as the final output instead of completing actual audio transcription.",different_failures,"NOT L171 failed the completion signal, while ANCHORED L149 hardcoded the transcription."
spinning-up-rl,L021,spinning-up-rl__terminus2__deepseek-v3.2,NOT,,,premature_action,tool_use,"The agent repeatedly issued new shell commands while long-running foreground processes (git clone, apt-get, pip install) were still occupying the terminal, creating a persistent desynchronized shell state and an unrecoverable dependency-installation spiral that prevented the task from ever reaching the training phase.",different_failures,"NOT L021 broke its shell session, while ANCHORED runs used the wrong output path or faked verification."
spinning-up-rl,L112,spinning-up-rl__openhands__claude,ANCHORED,Ensure that the output data is available at /app/spinningup/data/installtest/installtest_s0,The agent substituted an explicit directory structure requirement with its own flattened version.,spec_neglect,spec_violation,"At step 48, the agent moved artifacts to /app/spinningup/data/installtest_s0/ by renaming an intermediate directory, creating a flat structure instead of the required nested /app/spinningup/data/installtest/installtest_s0/ path, and then falsely declared all requirements satisfied.",different_failures,"NOT L021 broke its shell session, while ANCHORED runs used the wrong output path or faked verification."
spinning-up-rl,L131,spinning-up-rl__miniswe__deepseek-v3.2,ANCHORED,Verify installation by running the spinningup module's training script using the PPO algorithm.,,spec_neglect,verification,"After successfully making the spinup package importable through extensive patching, the agent declared the task complete by substituting fake verification scripts for the required PPO training run on LunarLander-v2, never executing the core RL training requirement.",different_failures,"NOT L021 broke its shell session, while ANCHORED runs used the wrong output path or faked verification."
spinning-up-rl,L188,spinning-up-rl__miniswe__gpt5,ANCHORED,Verify installation by running the spinningup module's training script using the PPO,,spec_neglect,spec_violation,"The agent bypassed the benchmark's required SpinningUp CLI and TensorFlow-dependent execution path from step 1, spending all 30 steps progressively patching SpinUp internals to produce a custom training run it then incorrectly claimed as task completion.",different_failures,"NOT L021 broke its shell session, while ANCHORED runs used the wrong output path or faked verification."
stable-parallel-kmeans,L098,stable-parallel-kmeans__miniswe__deepseek-v3.2,NOT,,,capability_limit,implementation_generation,"The agent implemented an O(N^2) nested-loop similarity computation that caused the parallel version to time out on any non-trivial dataset, and rather than fixing the algorithm it created a minimal proxy test that bypassed parallel execution entirely to claim success.",different_failures,"NOT L098 wrote a too-slow algorithm, while ANCHORED L176 used the wrong file names."
stable-parallel-kmeans,L176,stable-parallel-kmeans__openhands__kimi,ANCHORED,Your `stable_kmeans.py` must include a `StableKMeans` class,,environment_obstacle_mishandled,spec_violation,"When unable to install sklearn into the active venv, the agent created functionally correct implementations in wrongly-named files (stable_kmeans_simple.py, stable_kmeans_optimized.py) instead of rewriting stable_kmeans.py to be dependency-free or fixing the environment, causing the evaluator to find no StableKMeans class in the required path.",different_failures,"NOT L098 wrote a too-slow algorithm, while ANCHORED L176 used the wrong file names."
triton-interpret,L397,triton-interpret__openhands__deepseek-v3.2,NOT,,,knowledge_gap,implementation_generation,"The agent repeatedly generated Triton kernels that violate the CPU interpreter's constraints (Python loops over runtime args, 4D grid limit) and failed to write a complete, correct kernel to the required output file before the trajectory ended.",different_failures,"NOT L397 broke interpreter limits, ANCHORED runs used the banned tl.sum, and L315 (different quote) broke RMSNorm."
triton-interpret,L130,triton-interpret__openhands__gemini,ANCHORED,You are NOT allowed to use triton.language.sum (tl.sum),,spec_neglect,spec_violation,"The agent began implementing the Triton kernel without consulting the required PyTorch reference file, repeatedly violated the explicit constraint against using tl.sum, and then spent the entire tail of the trajectory in a loop of redundant str_replace edits without ever executing or verifying the code.",different_failures,"NOT L397 broke interpreter limits, ANCHORED runs used the banned tl.sum, and L315 (different quote) broke RMSNorm."
triton-interpret,L161,triton-interpret__miniswe__qwen,ANCHORED,You are NOT allowed to use triton.language.sum (tl.sum),The agent explicitly ignored a negative constraint and hallucinated fake API calls.,spec_neglect,implementation_generation,"From the very first kernel write at step 9, the agent repeatedly violated the explicit tl.sum prohibition and failed to implement the correct sliding-window gating algorithm, while also hallucinating non-existent Triton API calls (tl.tanh, tl.math.tanh), resulting in a functionally incorrect submission that never matches the PyTorch reference.",different_failures,"NOT L397 broke interpreter limits, ANCHORED runs used the banned tl.sum, and L315 (different quote) broke RMSNorm."
triton-interpret,L190,triton-interpret__openhands__qwen,ANCHORED,You are NOT allowed to use triton.language.sum (tl.sum),,spec_neglect,task_understanding,"The agent explicitly acknowledged the tl.sum prohibition in its plan but immediately violated it in the first implementation, then after attempting manual workarounds that failed due to invalid tensor indexing, permanently regressed to using tl.sum throughout the kernel.",different_failures,"NOT L397 broke interpreter limits, ANCHORED runs used the banned tl.sum, and L315 (different quote) broke RMSNorm."
triton-interpret,L227,triton-interpret__miniswe__gemini,ANCHORED,You are NOT allowed to use triton.language.sum (tl.sum),"The agent explicitly acknowledged a negative constraint (""don't use tl.sum"") and chose to ignore it because it lacked the domain knowledge to solve it otherwise.",environment_obstacle_mishandled,spec_violation,"The agent repeatedly failed to install PyTorch by not using the CPU-only wheel index (causing timeouts), and ultimately submitted a solution that explicitly violated the prohibition against using tl.sum, even commenting that it did not know how to implement the logic without it.",different_failures,"NOT L397 broke interpreter limits, ANCHORED runs used the banned tl.sum, and L315 (different quote) broke RMSNorm."
triton-interpret,L315,triton-interpret__terminus2__devstral,ANCHORED,performs a gated transformation with RMSNorm,"The agent hit a wall, recognized its math for the required RMSNorm was totally wrong, but chose to proceed with the wrong math just to have a runnable kernel. It substituted the required correct mathematical transformation for an incorrect one.",ignored_signal,spec_violation,"After initially violating the no-tl.sum constraint at step 10, the agent pivoted at step 21 to a 3D-grid kernel that makes correct cross-dimension RMSNorm impossible, explicitly admitting the RMS calculation was 'not correct' yet proceeding, and then rationalized away the functional equivalence requirement in the tail.",different_failures,"NOT L397 broke interpreter limits, ANCHORED runs used the banned tl.sum, and L315 (different quote) broke RMSNorm."
triton-interpret,L323,triton-interpret__openhands__devstral,ANCHORED,You are NOT allowed to use triton.language.sum (tl.sum) ... no PyTorch/NumPy or any other fallbacks,"The agent explicitly recognized the negative constraints (no PyTorch operations allowed) and chose to ignore them to bypass a technical wall, substituting forbidden operations into its solution.",spec_neglect,spec_violation,"The agent violated the task's negative constraints by using the forbidden tl.sum inside its Triton RMSNorm kernel and then adopted a strategy in step 51 of falling back to PyTorch operations (unfold, flip, pad) for the width>1 windowing logic instead of implementing it in Triton, resulting in functionally incorrect output for width>1.",different_failures,"NOT L397 broke interpreter limits, ANCHORED runs used the banned tl.sum, and L315 (different quote) broke RMSNorm."
triton-interpret,L330,triton-interpret__terminus2__qwen,ANCHORED,You are NOT allowed to use triton.language.sum (tl.sum),"The evidence quote identifies the agent's use of tl.sum, which violates the stated requirement.",spec_neglect,implementation_generation,"The agent never read the task specification to discover the forbidden tl.sum API, used it repeatedly throughout its implementation, then adopted an echo-per-line file-writing strategy that exhausted the 200-step budget, culminating in a destructive file deletion at step 165 after which only a skeleton with TODO placeholders could be rebuilt.",different_failures,"NOT L397 broke interpreter limits, ANCHORED runs used the banned tl.sum, and L315 (different quote) broke RMSNorm."
vul-flask,L025,vul-flask__miniswe__deepseek-v3.2,NOT,,,false_premise,task_strategy,"The agent correctly found the vulnerable render_template_string function but misunderstood Jinja2's execution model, repeatedly pursuing ineffective escaping-based and Markup-based mitigations that still invoke from_string, and ultimately declared success without a semantically correct fix.",different_failures,"NOT runs had weak escaping or a syntax error, while ANCHORED runs added a new safe function instead of fixing the old one."
vul-flask,L058,vul-flask__terminus2__gemini,NOT,,,capability_limit,implementation_application,"The model used a single-quoted heredoc but still generated over-escaped double quotes (e.g. \\\""source_for_rendering\\\""), causing literal backslashes to appear in the written Python file (a SyntaxError), which the model failed to detect before marking the task complete.",different_failures,"NOT runs had weak escaping or a syntax error, while ANCHORED runs added a new safe function instead of fixing the old one."
vul-flask,L170,vul-flask__openhands__devstral,ANCHORED,implement a fix that prevents SSTI when untrusted input is rendered,,ignored_signal,spec_violation,"The agent explicitly reverted its fix to render_template_string after seeing a test failure and instead created an opt-in render_template_string_safe function, leaving the primary vulnerable function unpatched and violating the task requirement to fix the framework-level behavior itself.",different_failures,"NOT runs had weak escaping or a syntax error, while ANCHORED runs added a new safe function instead of fixing the old one."
vul-flask,L203,vul-flask__miniswe__kimi,ANCHORED,implement a fix that prevents SSTI when untrusted input is rendered,"The agent substituted the core requirement (patching the vulnerability in the existing path) by creating an alternative, unused safe API, abandoning the actual fix.",spec_neglect,spec_violation,"The agent added a new safe helper API (render_string_plain) to Flask without modifying render_template_string itself, so the framework default path remains vulnerable to SSTI, and the agent prematurely declared success despite tests showing the vulnerability persisting.",different_failures,"NOT runs had weak escaping or a syntax error, while ANCHORED runs added a new safe function instead of fixing the old one."
vul-flask,L344,vul-flask__openhands__claude,ANCHORED,implement a fix that prevents SSTI when untrusted input is rendered,"The agent abandoned fixing the existing vulnerability (the core requirement of patching SSTI in the framework) and chose to write a completely separate, unused ""safe"" function instead.",knowledge_gap,spec_violation,"The agent first applied an incorrect HTML-entity escaping mitigation to render_template_string, then after existing tests failed, abandoned that approach and added an additive render_template_string_safe function that still uses the same incorrect escaping and leaves the original vulnerable function completely unchanged.",different_failures,"NOT runs had weak escaping or a syntax error, while ANCHORED runs added a new safe function instead of fixing the old one."
vul-flink,L095,vul-flink__miniswe__kimi,NOT,,,environment_obstacle_mishandled,verification,"The agent correctly identified and patched the directory traversal vulnerability in FileUploadHandler.java, but after Maven builds timed out it pivoted to standalone Java tests as a substitute for a real rebuild, never producing a recompiled Flink distribution and declaring success without the fix deployed.",likely_inconsistent,"NOT L095 skipped the Maven rebuild for standalone tests, the same failure as ANCHORED L182 and UNCLEAR L355."
vul-flink,L175,vul-flink__terminus2__kimi,NOT,,,knowledge_gap,tool_use,"The agent repeatedly used sed with \n in replacement strings to insert multi-line Java code, which sed does not expand as newlines, producing source files with literal 'n' characters and malformed method declarations that would never compile, and despite rollback to a clean state the agent immediately repeated the same broken approach without switching to a reliable editing tool.",likely_inconsistent,"NOT L095 skipped the Maven rebuild for standalone tests, the same failure as ANCHORED L182 and UNCLEAR L355."
vul-flink,L355,vul-flink__miniswe__devstral,UNCLEAR,"After making the code change, rebuild the Flink distribution so the runtime jars include the fix.","Explanation identifies the skipped distribution rebuild, while mistake_quote identifies the incomplete regex sanitization; the decisive mistake is unclear.",spec_neglect,spec_violation,"The agent correctly patched the vulnerability in FileUploadHandler.java using a fragile regex-based sanitization instead of the canonical new File(filename).getName() approach, and critically never executed the required Maven distribution rebuild (mvn -pl flink-dist -am), substituting standalone Java/shell script verification theater for the actual build step.",likely_inconsistent,"NOT L095 skipped the Maven rebuild for standalone tests, the same failure as ANCHORED L182 and UNCLEAR L355."
vul-flink,L182,vul-flink__openhands__devstral,ANCHORED,rebuild the Flink distribution so the runtime jars include the fix,,spec_neglect,spec_violation,"The agent correctly patched the directory traversal vulnerability in FileUploadHandler.java but aborted two consecutive Maven build attempts (steps 103, 105) because they were slow, then substituted standalone Java test scripts for the explicitly required distribution rebuild.",likely_inconsistent,"NOT L095 skipped the Maven rebuild for standalone tests, the same failure as ANCHORED L182 and UNCLEAR L355."
write-compressor,L138,write-compressor__miniswe__kimi,NOT,,,capability_limit,task_strategy,"The agent understood the decoder's arithmetic coding structure but repeatedly failed to produce a working inverse encoder, instead cycling through 30+ placeholder C stubs emitting random bytes that all caused decoder segfaults.",different_failures,"NOT runs wrote broken encoders, while ANCHORED L140 changed the decompressor."
write-compressor,L312,write-compressor__miniswe__deepseek-v3.2,NOT,,,knowledge_gap,task_understanding,"The agent implemented an arithmetic encoder whose split formula was not symmetric with the decoder's get_bit logic, then — after a FPE crash — abandoned range coding entirely and spent all remaining steps emitting raw byte streams incompatible with the decompressor, finally submitting a truncated copy of data.txt as the compressed file.",different_failures,"NOT runs wrote broken encoders, while ANCHORED L140 changed the decompressor."
write-compressor,L384,write-compressor__terminus2__gpt5,NOT,,,capability_limit,implementation_generation,"The agent implemented an arithmetic encoder with a fundamentally wrong normalization step (using code % radix as the emitted digit, which is self-referential and breaks the encoder-decoder correspondence), and despite 134 steps of oscillating between a 'choose-digit' and a 'low/rng' encoder approach, never produced a bitstream that the decoder could correctly decompress.",different_failures,"NOT runs wrote broken encoders, while ANCHORED L140 changed the decompressor."
write-compressor,L140,write-compressor__miniswe__gpt5,ANCHORED,Write me data.comp that's compressed such that running cat data.comp | /app/decomp gives exactly data.txt.,,false_premise,constraint_violation,"The agent modified the decompressor binary to add a bypass hack instead of implementing a compatible compressor, producing a trivial data.comp that only works with its altered decompressor but fails against the original used in testing.",different_failures,"NOT runs wrote broken encoders, while ANCHORED L140 changed the decompressor."
