label,item,annotator_A,annotator_B
t_err,0,2,3
t_err,1,10,11
t_err,2,9,8
t_err,3,8,9
t_err,4,2,2
t_err,5,6,5
t_err,6,1,2
t_err,7,1,2
t_err,8,52,54
t_err,9,7,8
t_err,10,1,2
t_err,11,1,2
t_err,12,38,37
t_err,13,1,2
t_err,14,43,42
t_err,15,8,7
t_err,16,1,2
t_err,17,36,35
t_err,18,9,10
t_err,19,55,56
t_err,20,47,47
t_err,21,28,29
t_err,22,43,44
t_err,23,9,10
t_err,24,2,2
t_err,25,46,47
t_err,26,85,2
t_err,27,9,10
t_err,28,57,58
t_err,29,1,1
t_err,30,12,12
t_err,31,82,23
t_err,32,37,37
t_err,33,2,1
t_err,34,1,2
t_err,35,1,2
t_err,36,1,2
t_err,37,1,2
t_err,38,1,2
t_err,39,1,2
t_err,40,2,3
t_err,41,2,3
t_err,42,7,8
t_err,43,1,2
t_err,44,2,3
t_err,45,3,4
t_err,46,1,2
t_err,47,1,2
t_err,48,3,4
t_err,49,4,5
t_err,50,3,4
t_err,51,3,2
t_err,52,2,3
t_err,53,1,2
t_err,54,4,3
t_err,55,2,1
t_err,56,3,4
t_err,57,35,36
t_err,58,22,21
t_err,59,23,22
t_err,60,2,3
t_err,61,2,3
t_err,62,2,1
t_err,63,1,2
t_err,64,5,6
t_err,65,3,2
t_err,66,7,6
t_err,67,2,3
t_err,68,3,2
t_err,69,2,2
t_err,70,3,2
t_err,71,4,5
t_err,72,4,3
t_err,73,5,4
t_err,74,3,2
t_err,75,10,11
t_err,76,4,5
t_err,77,4,5
t_err,78,3,2
t_err,79,7,6
t_err,80,6,6
t_err,81,8,7
t_err,82,7,8
t_err,83,43,42
t_err,84,22,21
t_err,85,13,14
t_err,86,5,6
t_err,87,16,17
t_err,88,21,22
t_err,89,105,31
t_err,90,68,69
t_err,91,5,4
t_err,92,25,26
t_err,93,29,28
t_err,94,23,22
t_err,95,50,49
t_err,96,69,68
t_err,97,6,5
t_err,98,12,13
t_err,99,57,57
t_err,100,27,28
t_err,101,14,15
t_err,102,20,21
t_err,103,29,28
t_err,104,7,8
t_err,105,16,16
t_err,106,23,22
t_err,107,17,16
t_err,108,23,24
t_err,109,22,23
t_err,110,50,49
t_err,111,17,16
t_err,112,1,2
t_err,113,9,9
t_err,114,15,16
t_err,115,89,5
t_err,116,11,10
t_err,117,1,2
t_err,118,16,15
t_err,119,22,21
t_err,120,4,3
t_err,121,40,39
t_err,122,5,4
t_err,123,1,2
t_err,124,21,20
t_err,125,2,1
t_err,126,1,2
t_err,127,7,6
t_err,128,11,12
t_err,129,1,2
t_err,130,6,6
t_err,131,12,11
t_err,132,10,10
t_err,133,5,4
t_err,134,19,20
t_err,135,11,12
t_err,136,21,21
t_err,137,30,31
t_err,138,13,14
t_err,139,2,2
t_err,140,2,1
t_err,141,33,32
t_err,142,3,4
t_err,143,4,5
t_err,144,3,2
t_err,145,1,2
t_err,146,2,2
t_err,147,14,13
t_err,148,4,5
t_err,149,8,7
t_err,150,1,2
t_err,151,16,15
t_err,152,7,6
t_err,153,8,9
t_err,154,4,5
t_err,155,35,36
t_err,156,3,4
t_err,157,1,1
t_err,158,16,17
t_err,159,13,14
t_err,160,22,23
t_err,161,3,2
t_err,162,2,3
t_err,163,34,33
t_err,164,9,10
t_err,165,8,8
t_err,166,8,9
t_err,167,2,1
t_err,168,9,10
t_err,169,8,9
t_err,170,8,7
t_err,171,15,14
t_err,172,37,36
t_err,173,2,1
t_err,174,2,1
t_err,175,2,2
t_err,176,15,15
t_err,177,4,5
t_err,178,14,13
t_err,179,33,32
t_err,180,36,35
t_err,181,27,28
t_err,182,1,2
t_err,183,23,24
t_err,184,17,18
t_err,185,13,12
t_err,186,9,10
t_err,187,7,6
t_err,188,17,18
t_err,189,1,2
t_err,190,1,2
t_err,191,5,4
t_err,192,5,4
t_err,193,3,4
t_err,194,3,3
t_err,195,6,7
t_err,196,5,6
t_err,197,3,2
t_err,198,3,2
t_err,199,3,4
t_err,200,5,6
t_err,201,11,10
t_err,202,6,5
t_err,203,2,1
t_err,204,3,4
t_err,205,4,3
t_err,206,12,11
t_err,207,4,3
t_err,208,11,12
t_err,209,3,2
t_err,210,3,2
t_err,211,8,9
t_err,212,4,3
t_err,213,4,3
t_err,214,14,13
t_err,215,5,5
t_err,216,3,2
t_err,217,7,6
t_err,218,5,5
t_err,219,6,6
t_err,220,10,9
t_err,221,17,16
t_err,222,30,31
t_err,223,1,2
t_err,224,1,2
t_err,225,26,25
t_err,226,71,72
t_err,227,36,37
t_err,228,5,4
t_err,229,10,11
t_err,230,9,8
t_err,231,26,27
t_err,232,3,4
t_err,233,4,3
t_err,234,2,1
t_err,235,3,3
t_err,236,2,1
t_err,237,2,3
t_err,238,2,3
t_err,239,3,2
t_err,240,2,1
t_err,241,3,4
t_err,242,1,1
t_err,243,2,1
t_err,244,2,3
t_err,245,4,3
t_err,246,3,2
t_err,247,1,2
t_err,248,3,3
t_err,249,2,3
t_err,250,1,2
t_err,251,3,4
t_err,252,3,3
t_err,253,5,6
t_err,254,1,2
t_err,255,16,17
t_err,256,4,4
t_err,257,9,8
t_err,258,13,14
t_err,259,2,1
t_err,260,4,5
t_err,261,5,5
t_err,262,6,5
t_err,263,3,2
t_err,264,14,15
t_err,265,9,8
t_err,266,5,4
t_err,267,19,18
t_err,268,9,10
t_err,269,5,6
t_err,270,19,19
t_err,271,11,12
t_err,272,3,2
t_err,273,3,4
t_err,274,15,16
t_err,275,8,9
t_err,276,4,5
t_err,277,5,4
t_err,278,4,3
t_err,279,2,1
t_err,280,2,1
t_err,281,6,7
t_err,282,2,3
t_err,283,31,30
t_err,284,56,55
t_err,285,7,8
t_err,286,1,2
t_err,287,1,2
t_err,288,13,14
t_err,289,5,6
t_err,290,9,10
t_err,291,5,6
t_err,292,6,6
t_err,293,8,9
t_err,294,6,6
t_err,295,2,1
t_err,296,4,5
t_err,297,8,9
t_err,298,5,6
t_err,299,7,8
t_err,300,2,1
t_err,301,15,16
t_err,302,10,9
t_err,303,6,5
t_err,304,7,6
t_err,305,4,3
t_err,306,10,9
t_err,307,7,6
t_err,308,4,3
t_err,309,4,3
t_err,310,25,26
t_err,311,23,22
t_err,312,3,2
t_err,313,4,5
t_err,314,9,8
t_err,315,12,12
t_err,316,27,28
t_err,317,5,6
t_err,318,1,2
t_err,319,3,2
t_err,320,10,9
t_err,321,15,15
t_err,322,34,33
t_err,323,60,61
t_err,324,8,7
t_err,325,1,2
t_err,326,11,10
t_err,327,22,23
t_err,328,54,55
t_err,329,3,4
t_err,330,1,2
t_err,331,2,1
t_err,332,2,3
t_err,333,2,1
t_err,334,2,1
t_err,335,2,1
t_err,336,2,1
t_err,337,17,16
t_err,338,29,30
t_err,339,5,4
t_err,340,13,12
t_err,341,1,2
t_err,342,2,3
t_err,343,1,2
t_err,344,4,5
t_err,345,1,2
t_err,346,1,2
t_err,347,1,2
t_err,348,1,2
t_err,349,2,3
t_err,350,6,7
t_err,351,8,9
t_err,352,13,14
t_err,353,8,9
t_err,354,1,2
t_err,355,6,5
t_err,356,8,9
t_err,357,8,7
t_err,358,9,10
t_err,359,2,1
t_err,360,1,2
t_err,361,2,1
t_err,362,5,6
t_err,363,14,13
t_err,364,10,9
t_err,365,12,11
t_err,366,13,14
t_err,367,5,6
t_err,368,7,7
t_err,369,8,7
t_err,370,14,15
t_err,371,13,12
t_err,372,25,26
t_err,373,21,20
t_err,374,18,18
t_err,375,35,34
t_err,376,34,35
t_err,377,35,36
t_err,378,34,35
t_err,379,42,43
t_err,380,28,29
t_err,381,5,4
t_err,382,31,30
t_err,383,45,44
t_err,384,8,8
t_err,385,20,21
t_err,386,30,29
t_err,387,5,5
t_err,388,4,3
t_err,389,6,5
t_err,390,6,5
t_err,391,1,2
t_err,392,4,5
t_err,393,17,16
t_err,394,1,2
t_err,395,58,58
t_err,396,9,8
t_err,397,35,34
t_err,398,33,32
t_err,399,5,6
t_err,400,111,34
t_err,401,5,5
t_err,402,39,40
t_err,403,10,9
t_err,404,33,34
t_err,405,1,1
t_err,406,46,47
t_err,407,46,47
t_err,408,18,18
t_err,409,2,1
t_err,410,5,6
t_err,411,2,2
t_err,412,2,1
t_err,413,22,21
t_err,414,1,2
t_err,415,5,6
t_err,416,10,10
t_err,417,2,1
t_err,418,13,12
t_err,419,1,2
t_err,420,5,5
t_err,421,12,11
t_err,422,4,5
t_err,423,8,9
t_err,424,1,2
t_err,425,2,3
t_err,426,7,8
t_err,427,23,22
t_err,428,34,33
t_err,429,8,7
t_err,430,3,3
t_err,431,1,2
t_err,432,8,7
t_err,433,2,3
t_err,434,4,3
t_err,435,12,12
t_err,436,9,10
t_err,437,1,2
t_err,438,1,2
t_err,439,2,3
t_err,440,2,3
t_err,441,1,1
t_err,442,6,7
t_err,443,2,3
t_err,444,5,5
t_err,445,6,6
t_err,446,19,18
t_err,447,8,8
t_err,448,22,21
t_err,449,4,5
t_err,450,1,2
t_err,451,10,11
t_err,452,3,2
t_err,453,5,5
t_err,454,4,5
t_err,455,13,14
t_err,456,4,3
t_err,457,17,18
t_err,458,14,13
t_err,459,79,78
t_err,460,5,4
t_err,461,3,2
t_err,462,30,30
t_err,463,15,14
t_err,464,8,9
t_err,465,7,8
t_err,466,41,40
t_err,467,3,2
t_err,468,7,8
t_err,469,31,32
t_err,470,46,47
t_err,471,23,23
t_err,472,3,4
t_err,473,31,32
t_err,474,2,3
t_err,475,4,3
t_err,476,2,1
t_err,477,3,4
t_err,478,2,3
t_err,479,9,8
t_err,480,3,2
t_err,481,4,5
t_err,482,2,1
t_err,483,6,7
t_err,484,10,9
t_err,485,7,7
t_err,486,3,4
t_err,487,5,6
t_err,488,6,6
t_err,489,17,18
t_err,490,4,3
t_err,491,4,3
t_err,492,25,24
t_err,493,11,12
t_err,494,40,41
t_err,495,19,18
t_err,496,1,2
t_err,497,8,9
t_err,498,20,19
t_err,499,18,19
t_err,500,26,27
t_err,501,35,34
t_err,502,1,2
t_err,503,22,21
t_err,504,11,11
t_err,505,8,9
t_err,506,36,37
t_err,507,8,7
t_err,508,3,4
t_err,509,16,17
t_err,510,14,13
t_err,511,5,6
t_err,512,4,3
t_err,513,2,1
t_err,514,7,6
t_err,515,5,5
t_err,516,5,4
t_err,517,21,21
t_err,518,22,23
t_err,519,3,2
t_err,520,9,8
t_err,521,8,9
t_err,522,14,15
t_err,523,6,7
t_err,524,3,4
t_err,525,4,5
t_err,526,4,3
t_err,527,6,5
t_err,528,4,3
t_err,529,8,9
t_err,530,14,15
t_err,531,7,6
t_err,532,10,10
t_err,533,69,68
t_err,534,5,6
t_err,535,3,4
t_err,536,3,4
t_err,537,6,6
t_err,538,9,10
t_err,539,17,16
t_err,540,1,2
t_err,541,4,3
t_err,542,11,11
t_err,543,10,11
t_err,544,8,9
t_err,545,14,14
t_err,546,3,2
t_err,547,7,8
t_err,548,12,13
t_err,549,5,4
t_err,550,6,7
t_err,551,5,6
t_err,552,6,7
t_err,553,11,10
t_err,554,7,8
t_err,555,15,16
t_err,556,7,6
t_err,557,17,16
t_err,558,5,4
t_err,559,27,26
t_err,560,6,7
t_err,561,22,21
t_err,562,14,13
t_err,563,11,10
t_err,564,4,4
t_err,565,8,7
t_err,566,13,14
t_err,567,82,82
t_err,568,12,11
t_err,569,11,10
t_err,570,5,4
t_err,571,4,5
t_err,572,12,13
t_err,573,12,11
t_err,574,6,7
t_err,575,8,9
t_err,576,4,5
t_err,577,13,12
t_err,578,4,4
t_err,579,11,12
t_err,580,14,13
t_err,581,1,2
t_err,582,3,2
t_err,583,5,4
t_err,584,2,1
t_err,585,12,13
t_err,586,4,3
t_err,587,5,6
t_err,588,6,7
t_err,589,17,18
t_err,590,9,8
t_err,591,5,6
t_err,592,2,1
t_err,593,7,6
t_err,594,3,4
t_err,595,1,2
t_err,596,4,5
t_err,597,3,2
t_err,598,3,4
t_err,599,8,9
t_err,600,5,4
t_err,601,5,6
t_err,602,2,3
t_err,603,6,7
t_err,604,2,3
t_err,605,6,5
t_err,606,10,10
t_err,607,3,4
t_err,608,6,6
t_err,609,5,4
t_err,610,3,4
t_err,611,8,7
t_err,612,3,3
t_err,613,2,3
t_err,614,12,12
t_err,615,1,2
t_err,616,21,22
t_err,617,9,8
t_err,618,8,9
t_err,619,2,2
t_err,620,5,6
t_err,621,5,6
t_err,622,2,1
t_err,623,9,9
t_err,624,9,8
t_err,625,4,5
t_err,626,2,1
t_err,627,3,4
t_err,628,9,8
t_err,629,9,8
t_err,630,7,8
t_err,631,10,9
t_err,632,30,31
t_err,633,9,10
t_err,634,9,9
t_err,635,7,8
t_err,636,3,4
t_err,637,4,3
t_err,638,1,2
t_err,639,2,1
t_err,640,3,3
t_err,641,1,2
t_err,642,4,5
t_err,643,14,13
t_err,644,1,2
t_err,645,1,2
t_err,646,1,2
t_err,647,9,10
t_err,648,1,2
t_err,649,3,4
t_err,650,6,7
t_err,651,1,2
t_err,652,1,2
t_err,653,3,2
t_err,654,6,7
t_err,655,16,17
t_err,656,4,3
t_err,657,3,4
t_err,658,5,5
t_err,659,3,4
t_err,660,1,2
t_err,661,8,8
t_err,662,4,3
t_err,663,9,8
t_err,664,13,14
t_err,665,5,5
t_err,666,2,1
t_err,667,4,3
t_err,668,6,5
t_err,669,3,2
t_err,670,3,2
t_err,671,4,3
t_err,672,2,3
t_err,673,9,8
t_err,674,2,3
t_err,675,17,16
t_err,676,4,3
t_err,677,25,26
t_err,678,17,16
t_err,679,10,11
t_err,680,18,17
t_err,681,4,3
t_err,682,9,10
t_err,683,20,20
t_err,684,9,10
t_err,685,23,22
t_err,686,11,12
t_err,687,32,31
t_err,688,4,5
t_err,689,4,5
t_err,690,25,24
t_err,691,12,11
t_err,692,5,6
t_err,693,43,42
t_err,694,5,5
t_err,695,13,12
t_err,696,10,11
t_err,697,1,2
t_err,698,11,10
t_err,699,3,3
t_err,700,2,3
t_err,701,8,9
t_err,702,17,16
t_err,703,16,15
t_err,704,7,6
t_err,705,5,5
t_err,706,7,8
t_err,707,12,13
t_err,708,3,2
t_err,709,8,9
t_err,710,10,9
t_err,711,4,5
t_err,712,7,7
t_err,713,9,10
t_err,714,3,3
t_err,715,12,11
t_err,716,7,6
t_err,717,4,3
t_err,718,5,4
t_err,719,10,10
t_err,720,8,9
t_err,721,5,4
t_err,722,22,21
t_err,723,18,19
t_err,724,13,12
t_err,725,18,17
t_err,726,36,37
t_err,727,12,11
t_err,728,151,8
t_err,729,31,32
t_err,730,6,5
t_err,731,14,15
t_err,732,26,27
t_err,733,13,12
t_err,734,8,9
t_err,735,23,22
t_err,736,7,8
t_err,737,10,11
t_err,738,24,25
t_err,739,15,14
t_err,740,1,2
t_err,741,44,44
t_err,742,32,33
t_err,743,30,29
t_err,744,15,16
t_err,745,24,24
t_err,746,45,44
t_err,747,22,23
t_err,748,49,48
t_err,749,8,7
t_err,750,21,22
t_err,751,36,37
t_err,752,23,22
t_err,753,23,22
t_err,754,19,18
t_err,755,4,5
t_err,756,14,15
t_err,757,2,3
t_err,758,8,9
t_err,759,7,6
t_err,760,2,1
t_err,761,8,7
t_err,762,40,41
t_err,763,11,11
t_err,764,4,5
t_err,765,24,23
t_err,766,14,13
t_err,767,34,33
t_err,768,7,8
t_err,769,20,19
t_err,770,19,20
t_err,771,7,6
t_err,772,46,46
t_err,773,9,10
t_err,774,4,3
t_err,775,4,3
t_err,776,2,3
t_err,777,8,7
t_err,778,10,9
t_err,779,10,11
t_err,780,7,8
t_err,781,4,5
t_err,782,43,44
t_err,783,18,18
t_err,784,72,71
t_err,785,7,6
t_err,786,38,37
t_err,787,16,17
t_err,788,3,2
t_err,789,7,8
t_err,790,4,3
t_err,791,5,6
t_err,792,7,8
t_err,793,1,2
t_err,794,6,6
t_err,795,8,9
t_err,796,23,24
t_err,797,17,17
t_err,798,9,8
t_err,799,8,8
t_err,800,5,4
t_err,801,17,16
t_err,802,13,14
t_err,803,3,2
t_err,804,6,5
t_err,805,9,8
t_err,806,7,6
t_err,807,6,7
t_err,808,31,32
t_err,809,13,14
t_err,810,5,6
t_err,811,7,6
t_err,812,10,11
t_err,813,22,21
t_err,814,16,15
t_err,815,31,30
t_err,816,12,11
t_err,817,3,3
t_err,818,1,2
t_err,819,20,19
t_err,820,38,39
t_err,821,6,5
t_err,822,5,6
t_err,823,7,8
t_err,824,5,5
t_err,825,2,2
t_err,826,6,7
t_err,827,5,4
t_err,828,8,7
t_err,829,9,9
t_err,830,6,6
t_err,831,8,8
t_err,832,8,8
t_err,833,7,8
t_err,834,6,6
t_err,835,2,1
t_err,836,4,5
t_err,837,6,5
t_err,838,12,11
t_err,839,15,16
t_err,840,13,12
t_err,841,12,12
t_err,842,16,17
t_err,843,5,6
t_err,844,8,7
t_err,845,10,11
t_err,846,21,22
t_err,847,34,33
t_err,848,3,4
t_err,849,28,29
t_err,850,9,8
t_err,851,9,8
t_err,852,4,5
t_err,853,5,6
t_err,854,27,28
t_err,855,6,7
t_err,856,6,7
t_err,857,14,15
t_err,858,6,7
t_err,859,23,22
t_err,860,9,10
t_err,861,2,2
t_err,862,4,5
t_err,863,43,42
t_err,864,9,10
t_err,865,2,1
t_err,866,4,4
t_err,867,16,16
t_err,868,40,41
t_err,869,8,8
t_err,870,9,8
t_err,871,8,7
t_err,872,5,6
t_err,873,9,8
t_err,874,2,1
t_err,875,9,8
t_err,876,5,6
t_err,877,2,3
t_err,878,3,4
t_err,879,10,9
t_err,880,1,2
t_err,881,5,4
t_err,882,2,1
t_err,883,19,18
t_err,884,9,8
t_err,885,7,7
t_err,886,3,2
t_err,887,1,1
t_err,888,16,15
t_err,889,24,25
t_err,890,3,4
t_err,891,5,5
t_err,892,2,2
t_err,893,4,5
t_err,894,2,2
t_err,895,3,3
t_err,896,2,1
t_err,897,6,5
t_err,898,11,11
t_err,899,3,2
t_err,900,5,6
t_err,901,5,4
t_err,902,1,2
t_err,903,9,10
t_err,904,5,6
t_err,905,20,20
t_err,906,28,29
t_err,907,14,15
t_err,908,17,16
t_err,909,3,4
t_err,910,1,2
t_err,911,13,14
t_err,912,7,8
t_err,913,9,8
t_err,914,14,15
t_err,915,3,4
t_err,916,5,4
t_err,917,3,2
t_err,918,7,6
t_err,919,6,7
t_err,920,10,11
t_err,921,6,7
t_err,922,7,8
t_err,923,6,7
t_err,924,8,9
t_err,925,9,10
t_err,926,9,9
t_err,927,13,14
t_err,928,7,6
t_err,929,18,18
t_err,930,14,15
t_err,931,6,7
t_err,932,13,13
t_err,933,11,10
t_err,934,8,9
t_err,935,1,2
t_err,936,23,24
t_err,937,2,1
t_err,938,3,4
t_err,939,7,6
t_err,940,12,11
t_err,941,33,34
t_err,942,20,21
t_err,943,3,2
t_err,944,4,5
t_err,945,3,2
t_err,946,18,19
t_err,947,35,34
t_err,948,20,21
t_err,949,5,6
t_err,950,13,12
t_err,951,3,4
t_err,952,12,11
t_err,953,6,5
t_err,954,1,2
t_err,955,8,9
t_err,956,38,37
t_err,957,8,7
t_err,958,4,3
t_err,959,1,2
t_err,960,11,10
t_err,961,4,5
t_err,962,29,28
t_err,963,4,3
t_err,964,5,4
t_err,965,8,7
t_err,966,4,3
t_err,967,4,4
t_err,968,8,9
t_err,969,7,8
t_err,970,4,5
t_err,971,5,4
t_err,972,6,7
t_err,973,25,25
t_err,974,15,15
t_err,975,1,2
t_err,976,7,6
t_err,977,6,6
t_err,978,6,5
t_err,979,6,7
t_err,980,16,15
t_err,981,36,37
t_err,982,21,20
t_err,983,5,4
t_err,984,25,24
t_err,985,44,45
t_err,986,14,15
t_err,987,1,2
t_err,988,16,17
t_err,989,48,47
t_err,990,11,11
t_err,991,15,14
t_err,992,17,16
t_err,993,78,79
t_err,994,26,25
t_err,995,2,2
t_err,996,13,13
t_err,997,1,2
t_err,998,16,16
t_err,999,8,9
t_err,1000,10,9
t_err,1001,11,10
t_err,1002,13,14
t_err,1003,12,13
t_err,1004,4,5
t_err,1005,13,12
t_err,1006,7,7
t_err,1007,9,8
t_err,1008,28,29
t_err,1009,5,4
t_err,1010,9,8
t_err,1011,7,6
t_err,1012,8,7
t_err,1013,13,12
t_err,1014,10,11
t_err,1015,12,13
t_err,1016,26,25
t_err,1017,20,19
t_err,1018,13,12
t_err,1019,2,3
t_err,1020,2,1
t_err,1021,5,6
t_err,1022,29,30
t_err,1023,20,21
t_err,1024,25,24
t_err,1025,2,1
t_err,1026,2,1
t_err,1027,3,4
t_err,1028,11,10
t_err,1029,5,4
t_err,1030,16,15
t_err,1031,15,14
t_err,1032,18,19
t_err,1033,11,12
t_err,1034,8,7
t_err,1035,19,18
t_err,1036,11,10
t_err,1037,44,43
t_err,1038,27,28
t_err,1039,4,3
t_err,1040,4,5
t_err,1041,4,4
t_err,1042,27,28
t_err,1043,22,21
t_err,1044,37,36
t_err,1045,14,13
t_err,1046,10,11
t_err,1047,11,11
t_err,1048,9,8
t_err,1049,9,10
t_err,1050,9,9
t_err,1051,3,3
t_err,1052,1,2
t_err,1053,13,14
t_err,1054,9,9
t_err,1055,4,4
t_err,1056,35,36
t_err,1057,24,25
t_err,1058,3,2
t_err,1059,30,31
t_err,1060,46,45
t_err,1061,24,23
t_err,1062,10,11
t_err,1063,3,4
t_err,1064,37,37
t_err,1065,62,61
t_err,1066,4,5
t_err,1067,6,7
t_err,1068,9,8
t_err,1069,10,11
t_err,1070,1,1
t_err,1071,6,7
t_err,1072,2,1
t_err,1073,2,1
t_err,1074,7,8
t_err,1075,2,1
t_err,1076,32,33
t_err,1077,24,23
t_err,1078,23,22
t_err,1079,2,3
t_err,1080,2,3
t_err,1081,19,20
t_err,1082,4,5
t_err,1083,16,15
t_err,1084,6,5
t_err,1085,1,2
t_err,1086,3,2
t_err,1087,2,1
t_err,1088,21,22
t_err,1089,6,7
t_err,1090,19,18
t_err,1091,9,10
t_err,1092,28,29
t_err,1093,14,13
t_err,1094,9,8
t_err,1095,29,30
t_err,1096,33,32
t_err,1097,3,4
t_err,1098,24,25
t_err,1099,61,62
t_err,1100,8,7
t_err,1101,4,3
t_err,1102,4,5
t_err,1103,7,7
t_err,1104,10,9
t_err,1105,3,3
t_err,1106,22,23
t_err,1107,12,11
t_err,1108,2,2
t_err,1109,13,14
t_err,1110,15,15
t_err,1111,26,25
t_err,1112,26,27
t_err,1113,56,55
t_err,1114,103,57
t_err,1115,1,2
t_err,1116,13,14
t_err,1117,10,9
t_err,1118,1,2
t_err,1119,19,18
t_err,1120,9,10
t_err,1121,3,2
t_err,1122,40,39
t_err,1123,11,10
t_err,1124,24,23
t_err,1125,8,9
t_err,1126,2,3
t_err,1127,10,9
t_err,1128,7,8
t_err,1129,1,2
t_err,1130,27,28
t_err,1131,8,7
t_err,1132,11,10
t_err,1133,44,43
t_err,1134,19,18
t_err,1135,11,12
t_err,1136,7,6
t_err,1137,13,14
t_err,1138,9,8
t_err,1139,30,31
t_err,1140,8,9
t_err,1141,10,11
t_err,1142,8,9
t_err,1143,1,2
t_err,1144,11,10
t_err,1145,7,6
t_err,1146,31,32
t_err,1147,5,4
t_err,1148,4,5
t_err,1149,13,14
t_err,1150,12,13
t_err,1151,10,9
t_err,1152,8,7
t_err,1153,18,19
t_err,1154,23,22
t_err,1155,6,7
t_err,1156,10,10
t_err,1157,8,8
t_err,1158,11,10
t_err,1159,15,15
t_err,1160,4,5
t_err,1161,17,18
t_err,1162,13,14
t_err,1163,6,7
t_err,1164,6,5
t_err,1165,9,8
t_err,1166,3,4
t_err,1167,2,1
t_err,1168,7,8
t_err,1169,4,5
t_err,1170,8,8
t_err,1171,27,26
t_err,1172,5,5
t_err,1173,4,5
t_err,1174,1,2
t_err,1175,6,7
t_err,1176,9,8
t_err,1177,4,5
t_err,1178,6,5
t_err,1179,5,4
t_err,1180,3,4
t_err,1181,7,7
t_err,1182,11,10
t_err,1183,6,7
t_lock,0,3,2
t_lock,1,10,15
t_lock,2,12,3
t_lock,3,8,9
t_lock,4,2,11
t_lock,5,29,34
t_lock,6,21,13
t_lock,7,4,11
t_lock,8,53,61
t_lock,9,8,9
t_lock,10,3,4
t_lock,11,4,10
t_lock,12,45,46
t_lock,13,13,6
t_lock,14,43,47
t_lock,15,17,15
t_lock,16,22,31
t_lock,17,36,40
t_lock,18,40,45
t_lock,19,76,76
t_lock,20,48,49
t_lock,21,37,45
t_lock,22,48,55
t_lock,23,9,16
t_lock,24,2,8
t_lock,25,60,55
t_lock,26,85,88
t_lock,27,45,51
t_lock,28,90,85
t_lock,29,1,6
t_lock,30,12,16
t_lock,31,82,77
t_lock,32,76,82
t_lock,33,2,8
t_lock,34,1,10
t_lock,35,1,4
t_lock,36,1,2
t_lock,37,4,14
t_lock,38,1,6
t_lock,39,2,12
t_lock,40,2,12
t_lock,41,3,5
t_lock,42,8,16
t_lock,43,1,6
t_lock,44,3,5
t_lock,45,4,13
t_lock,46,1,6
t_lock,47,1,2
t_lock,48,17,17
t_lock,49,14,13
t_lock,50,4,8
t_lock,51,23,14
t_lock,52,12,15
t_lock,53,4,2
t_lock,54,5,8
t_lock,55,2,6
t_lock,56,3,8
t_lock,57,44,34
t_lock,58,34,42
t_lock,59,23,19
t_lock,60,2,12
t_lock,61,2,2
t_lock,62,3,5
t_lock,63,1,2
t_lock,64,33,26
t_lock,65,9,14
t_lock,66,7,7
t_lock,67,2,10
t_lock,68,3,8
t_lock,69,2,10
t_lock,70,3,12
t_lock,71,4,11
t_lock,72,5,13
t_lock,73,8,16
t_lock,74,13,17
t_lock,75,10,2
t_lock,76,4,8
t_lock,77,6,1
t_lock,78,8,15
t_lock,79,8,1
t_lock,80,6,6
t_lock,81,24,31
t_lock,82,28,19
t_lock,83,43,34
t_lock,84,22,25
t_lock,85,13,13
t_lock,86,14,18
t_lock,87,16,19
t_lock,88,21,17
t_lock,89,105,111
t_lock,90,68,59
t_lock,91,6,13
t_lock,92,29,25
t_lock,93,29,37
t_lock,94,65,68
t_lock,95,50,40
t_lock,96,70,70
t_lock,97,46,46
t_lock,98,19,9
t_lock,99,58,53
t_lock,100,44,51
t_lock,101,17,10
t_lock,102,31,38
t_lock,103,34,31
t_lock,104,9,3
t_lock,105,16,24
t_lock,106,23,29
t_lock,107,17,10
t_lock,108,23,22
t_lock,109,23,30
t_lock,110,58,53
t_lock,111,53,50
t_lock,112,39,39
t_lock,113,24,31
t_lock,114,55,63
t_lock,115,92,88
t_lock,116,14,5
t_lock,117,11,10
t_lock,118,21,27
t_lock,119,30,38
t_lock,120,9,18
t_lock,121,40,37
t_lock,122,22,17
t_lock,123,1,6
t_lock,124,34,36
t_lock,125,12,3
t_lock,126,20,19
t_lock,127,34,39
t_lock,128,15,6
t_lock,129,28,36
t_lock,130,6,10
t_lock,131,12,17
t_lock,132,13,3
t_lock,133,26,20
t_lock,134,37,30
t_lock,135,26,20
t_lock,136,22,28
t_lock,137,40,35
t_lock,138,13,16
t_lock,139,15,17
t_lock,140,2,11
t_lock,141,33,25
t_lock,142,3,5
t_lock,143,4,10
t_lock,144,5,10
t_lock,145,1,9
t_lock,146,2,8
t_lock,147,16,9
t_lock,148,15,21
t_lock,149,8,16
t_lock,150,1,2
t_lock,151,35,45
t_lock,152,8,4
t_lock,153,29,28
t_lock,154,56,54
t_lock,155,35,32
t_lock,156,4,2
t_lock,157,5,8
t_lock,158,17,24
t_lock,159,30,30
t_lock,160,22,15
t_lock,161,11,17
t_lock,162,21,16
t_lock,163,46,55
t_lock,164,14,22
t_lock,165,8,6
t_lock,166,18,11
t_lock,167,9,4
t_lock,168,9,5
t_lock,169,27,32
t_lock,170,8,18
t_lock,171,18,16
t_lock,172,60,54
t_lock,173,2,10
t_lock,174,2,8
t_lock,175,3,13
t_lock,176,28,18
t_lock,177,14,8
t_lock,178,30,27
t_lock,179,63,73
t_lock,180,37,31
t_lock,181,29,39
t_lock,182,10,2
t_lock,183,37,40
t_lock,184,33,39
t_lock,185,44,36
t_lock,186,9,16
t_lock,187,28,24
t_lock,188,18,10
t_lock,189,2,9
t_lock,190,17,24
t_lock,191,5,15
t_lock,192,5,12
t_lock,193,4,8
t_lock,194,9,19
t_lock,195,7,15
t_lock,196,5,11
t_lock,197,4,10
t_lock,198,4,12
t_lock,199,3,13
t_lock,200,5,7
t_lock,201,14,14
t_lock,202,6,14
t_lock,203,2,12
t_lock,204,3,7
t_lock,205,7,3
t_lock,206,13,10
t_lock,207,4,6
t_lock,208,16,13
t_lock,209,9,12
t_lock,210,3,7
t_lock,211,13,17
t_lock,212,10,5
t_lock,213,6,12
t_lock,214,14,4
t_lock,215,8,11
t_lock,216,6,2
t_lock,217,7,7
t_lock,218,8,17
t_lock,219,19,28
t_lock,220,15,21
t_lock,221,19,19
t_lock,222,31,40
t_lock,223,6,16
t_lock,224,5,15
t_lock,225,28,21
t_lock,226,72,65
t_lock,227,39,49
t_lock,228,16,15
t_lock,229,22,22
t_lock,230,28,21
t_lock,231,27,30
t_lock,232,9,2
t_lock,233,11,2
t_lock,234,5,2
t_lock,235,3,2
t_lock,236,2,6
t_lock,237,2,12
t_lock,238,3,13
t_lock,239,3,9
t_lock,240,10,9
t_lock,241,4,9
t_lock,242,2,5
t_lock,243,2,8
t_lock,244,7,4
t_lock,245,4,10
t_lock,246,3,1
t_lock,247,5,10
t_lock,248,5,8
t_lock,249,4,10
t_lock,250,1,1
t_lock,251,3,12
t_lock,252,12,18
t_lock,253,5,7
t_lock,254,8,6
t_lock,255,16,7
t_lock,256,4,12
t_lock,257,33,23
t_lock,258,13,15
t_lock,259,6,11
t_lock,260,4,7
t_lock,261,15,9
t_lock,262,11,5
t_lock,263,40,47
t_lock,264,72,70
t_lock,265,23,19
t_lock,266,9,18
t_lock,267,19,15
t_lock,268,22,16
t_lock,269,5,4
t_lock,270,26,20
t_lock,271,13,14
t_lock,272,7,16
t_lock,273,3,11
t_lock,274,30,36
t_lock,275,11,7
t_lock,276,20,12
t_lock,277,9,6
t_lock,278,11,10
t_lock,279,2,3
t_lock,280,2,8
t_lock,281,6,1
t_lock,282,6,5
t_lock,283,32,23
t_lock,284,62,52
t_lock,285,7,11
t_lock,286,1,7
t_lock,287,1,10
t_lock,288,33,36
t_lock,289,19,23
t_lock,290,10,19
t_lock,291,6,6
t_lock,292,14,15
t_lock,293,8,11
t_lock,294,6,16
t_lock,295,4,1
t_lock,296,6,16
t_lock,297,9,4
t_lock,298,5,3
t_lock,299,7,12
t_lock,300,6,15
t_lock,301,22,17
t_lock,302,27,36
t_lock,303,6,2
t_lock,304,10,8
t_lock,305,5,11
t_lock,306,12,8
t_lock,307,14,18
t_lock,308,14,15
t_lock,309,20,23
t_lock,310,42,39
t_lock,311,32,35
t_lock,312,9,8
t_lock,313,14,14
t_lock,314,13,19
t_lock,315,16,6
t_lock,316,28,34
t_lock,317,5,15
t_lock,318,1,9
t_lock,319,3,11
t_lock,320,14,21
t_lock,321,15,9
t_lock,322,39,32
t_lock,323,155,152
t_lock,324,8,8
t_lock,325,1,5
t_lock,326,80,88
t_lock,327,22,27
t_lock,328,60,65
t_lock,329,3,8
t_lock,330,1,4
t_lock,331,2,9
t_lock,332,2,1
t_lock,333,4,1
t_lock,334,2,10
t_lock,335,2,10
t_lock,336,2,5
t_lock,337,33,29
t_lock,338,29,28
t_lock,339,5,2
t_lock,340,28,23
t_lock,341,10,18
t_lock,342,2,11
t_lock,343,11,1
t_lock,344,4,11
t_lock,345,1,1
t_lock,346,2,10
t_lock,347,1,10
t_lock,348,1,8
t_lock,349,2,6
t_lock,350,13,22
t_lock,351,9,3
t_lock,352,13,14
t_lock,353,8,9
t_lock,354,6,4
t_lock,355,6,9
t_lock,356,9,9
t_lock,357,10,12
t_lock,358,37,30
t_lock,359,2,5
t_lock,360,1,4
t_lock,361,18,16
t_lock,362,7,12
t_lock,363,17,21
t_lock,364,10,18
t_lock,365,20,11
t_lock,366,13,15
t_lock,367,5,8
t_lock,368,7,17
t_lock,369,9,15
t_lock,370,14,8
t_lock,371,27,35
t_lock,372,25,23
t_lock,373,49,50
t_lock,374,25,34
t_lock,375,38,29
t_lock,376,44,48
t_lock,377,35,40
t_lock,378,38,28
t_lock,379,43,50
t_lock,380,29,21
t_lock,381,84,85
t_lock,382,55,48
t_lock,383,45,47
t_lock,384,8,12
t_lock,385,36,37
t_lock,386,46,53
t_lock,387,13,10
t_lock,388,9,9
t_lock,389,7,13
t_lock,390,6,10
t_lock,391,1,11
t_lock,392,4,9
t_lock,393,18,23
t_lock,394,1,4
t_lock,395,63,56
t_lock,396,11,11
t_lock,397,35,45
t_lock,398,76,84
t_lock,399,5,15
t_lock,400,111,105
t_lock,401,26,32
t_lock,402,65,72
t_lock,403,10,18
t_lock,404,230,64
t_lock,405,18,13
t_lock,406,46,47
t_lock,407,47,42
t_lock,408,29,21
t_lock,409,13,22
t_lock,410,5,13
t_lock,411,6,9
t_lock,412,12,18
t_lock,413,23,33
t_lock,414,4,6
t_lock,415,7,15
t_lock,416,10,3
t_lock,417,2,1
t_lock,418,22,23
t_lock,419,1,8
t_lock,420,5,12
t_lock,421,12,6
t_lock,422,20,19
t_lock,423,8,9
t_lock,424,2,5
t_lock,425,9,5
t_lock,426,7,10
t_lock,427,23,27
t_lock,428,34,40
t_lock,429,8,11
t_lock,430,3,1
t_lock,431,1,7
t_lock,432,8,5
t_lock,433,2,7
t_lock,434,4,8
t_lock,435,114,105
t_lock,436,55,63
t_lock,437,4,2
t_lock,438,1,9
t_lock,439,8,8
t_lock,440,2,5
t_lock,441,1,9
t_lock,442,7,11
t_lock,443,2,8
t_lock,444,12,14
t_lock,445,26,16
t_lock,446,19,11
t_lock,447,19,12
t_lock,448,25,19
t_lock,449,7,1
t_lock,450,19,12
t_lock,451,15,16
t_lock,452,9,13
t_lock,453,11,19
t_lock,454,27,22
t_lock,455,13,13
t_lock,456,5,11
t_lock,457,18,13
t_lock,458,14,7
t_lock,459,80,85
t_lock,460,12,17
t_lock,461,9,19
t_lock,462,30,21
t_lock,463,15,18
t_lock,464,41,41
t_lock,465,30,33
t_lock,466,41,46
t_lock,467,3,2
t_lock,468,18,21
t_lock,469,35,41
t_lock,470,49,48
t_lock,471,32,39
t_lock,472,17,27
t_lock,473,47,47
t_lock,474,7,5
t_lock,475,5,9
t_lock,476,10,11
t_lock,477,3,9
t_lock,478,2,7
t_lock,479,10,17
t_lock,480,3,13
t_lock,481,5,4
t_lock,482,8,7
t_lock,483,16,21
t_lock,484,16,6
t_lock,485,7,17
t_lock,486,3,6
t_lock,487,8,5
t_lock,488,11,3
t_lock,489,17,26
t_lock,490,5,6
t_lock,491,12,21
t_lock,492,29,34
t_lock,493,12,21
t_lock,494,41,49
t_lock,495,19,22
t_lock,496,4,3
t_lock,497,18,25
t_lock,498,28,19
t_lock,499,18,13
t_lock,500,51,47
t_lock,501,35,30
t_lock,502,13,16
t_lock,503,23,24
t_lock,504,29,19
t_lock,505,8,13
t_lock,506,42,38
t_lock,507,10,18
t_lock,508,3,3
t_lock,509,16,11
t_lock,510,21,16
t_lock,511,5,13
t_lock,512,4,8
t_lock,513,6,1
t_lock,514,9,15
t_lock,515,10,2
t_lock,516,5,7
t_lock,517,27,26
t_lock,518,50,51
t_lock,519,3,7
t_lock,520,18,15
t_lock,521,8,16
t_lock,522,14,22
t_lock,523,6,14
t_lock,524,3,3
t_lock,525,4,6
t_lock,526,4,11
t_lock,527,8,18
t_lock,528,4,13
t_lock,529,8,4
t_lock,530,14,11
t_lock,531,7,17
t_lock,532,10,14
t_lock,533,71,73
t_lock,534,5,15
t_lock,535,5,12
t_lock,536,4,7
t_lock,537,88,90
t_lock,538,9,2
t_lock,539,41,32
t_lock,540,3,11
t_lock,541,4,6
t_lock,542,11,19
t_lock,543,10,10
t_lock,544,18,26
t_lock,545,14,4
t_lock,546,7,17
t_lock,547,17,22
t_lock,548,12,2
t_lock,549,17,26
t_lock,550,22,14
t_lock,551,10,17
t_lock,552,21,31
t_lock,553,45,37
t_lock,554,8,10
t_lock,555,15,8
t_lock,556,7,4
t_lock,557,17,12
t_lock,558,5,11
t_lock,559,34,40
t_lock,560,14,14
t_lock,561,30,35
t_lock,562,47,41
t_lock,563,11,18
t_lock,564,4,14
t_lock,565,20,24
t_lock,566,16,21
t_lock,567,82,76
t_lock,568,16,18
t_lock,569,11,8
t_lock,570,5,13
t_lock,571,9,3
t_lock,572,16,8
t_lock,573,35,40
t_lock,574,8,6
t_lock,575,9,18
t_lock,576,4,10
t_lock,577,13,12
t_lock,578,13,8
t_lock,579,15,6
t_lock,580,14,23
t_lock,581,26,19
t_lock,582,4,13
t_lock,583,16,24
t_lock,584,22,29
t_lock,585,16,20
t_lock,586,4,6
t_lock,587,5,6
t_lock,588,37,33
t_lock,589,17,7
t_lock,590,10,8
t_lock,591,32,27
t_lock,592,9,12
t_lock,593,7,12
t_lock,594,4,8
t_lock,595,1,7
t_lock,596,7,7
t_lock,597,10,10
t_lock,598,22,15
t_lock,599,8,12
t_lock,600,5,3
t_lock,601,5,12
t_lock,602,2,12
t_lock,603,11,4
t_lock,604,2,8
t_lock,605,6,16
t_lock,606,17,10
t_lock,607,3,6
t_lock,608,6,8
t_lock,609,5,3
t_lock,610,7,17
t_lock,611,9,11
t_lock,612,4,11
t_lock,613,5,12
t_lock,614,12,9
t_lock,615,5,6
t_lock,616,22,17
t_lock,617,12,5
t_lock,618,8,14
t_lock,619,2,1
t_lock,620,5,14
t_lock,621,16,11
t_lock,622,13,3
t_lock,623,12,8
t_lock,624,16,14
t_lock,625,4,8
t_lock,626,2,8
t_lock,627,4,13
t_lock,628,11,19
t_lock,629,10,14
t_lock,630,11,3
t_lock,631,11,1
t_lock,632,31,34
t_lock,633,22,13
t_lock,634,9,2
t_lock,635,7,14
t_lock,636,4,5
t_lock,637,4,2
t_lock,638,1,10
t_lock,639,2,9
t_lock,640,3,10
t_lock,641,2,7
t_lock,642,8,1
t_lock,643,29,19
t_lock,644,1,1
t_lock,645,1,1
t_lock,646,1,3
t_lock,647,10,9
t_lock,648,2,6
t_lock,649,27,37
t_lock,650,144,152
t_lock,651,1,10
t_lock,652,1,3
t_lock,653,11,11
t_lock,654,6,12
t_lock,655,18,15
t_lock,656,14,15
t_lock,657,18,16
t_lock,658,6,6
t_lock,659,3,10
t_lock,660,8,6
t_lock,661,43,35
t_lock,662,32,41
t_lock,663,9,17
t_lock,664,13,6
t_lock,665,5,3
t_lock,666,8,3
t_lock,667,15,19
t_lock,668,83,85
t_lock,669,8,5
t_lock,670,7,16
t_lock,671,6,16
t_lock,672,7,9
t_lock,673,10,8
t_lock,674,2,7
t_lock,675,17,18
t_lock,676,4,11
t_lock,677,25,35
t_lock,678,20,13
t_lock,679,10,18
t_lock,680,18,14
t_lock,681,4,2
t_lock,682,9,19
t_lock,683,32,26
t_lock,684,9,5
t_lock,685,35,33
t_lock,686,25,24
t_lock,687,64,72
t_lock,688,6,12
t_lock,689,7,15
t_lock,690,26,25
t_lock,691,45,55
t_lock,692,22,32
t_lock,693,84,82
t_lock,694,5,3
t_lock,695,19,22
t_lock,696,16,9
t_lock,697,4,2
t_lock,698,12,8
t_lock,699,3,9
t_lock,700,2,7
t_lock,701,10,20
t_lock,702,17,13
t_lock,703,18,25
t_lock,704,9,7
t_lock,705,5,9
t_lock,706,8,3
t_lock,707,13,23
t_lock,708,5,4
t_lock,709,9,1
t_lock,710,10,10
t_lock,711,5,5
t_lock,712,7,3
t_lock,713,10,7
t_lock,714,4,5
t_lock,715,12,8
t_lock,716,8,18
t_lock,717,4,7
t_lock,718,17,26
t_lock,719,17,27
t_lock,720,9,2
t_lock,721,5,7
t_lock,722,32,25
t_lock,723,31,39
t_lock,724,13,6
t_lock,725,19,9
t_lock,726,36,27
t_lock,727,41,47
t_lock,728,152,144
t_lock,729,33,31
t_lock,730,6,3
t_lock,731,28,21
t_lock,732,28,34
t_lock,733,20,23
t_lock,734,8,10
t_lock,735,23,20
t_lock,736,11,3
t_lock,737,14,6
t_lock,738,24,20
t_lock,739,15,15
t_lock,740,6,15
t_lock,741,44,45
t_lock,742,32,38
t_lock,743,30,39
t_lock,744,15,11
t_lock,745,24,14
t_lock,746,46,53
t_lock,747,54,53
t_lock,748,86,77
t_lock,749,37,29
t_lock,750,21,24
t_lock,751,36,46
t_lock,752,24,20
t_lock,753,23,13
t_lock,754,46,40
t_lock,755,4,8
t_lock,756,14,4
t_lock,757,12,16
t_lock,758,11,4
t_lock,759,7,11
t_lock,760,3,7
t_lock,761,15,21
t_lock,762,55,53
t_lock,763,34,40
t_lock,764,6,4
t_lock,765,24,22
t_lock,766,36,40
t_lock,767,35,43
t_lock,768,9,14
t_lock,769,47,46
t_lock,770,19,18
t_lock,771,9,3
t_lock,772,46,52
t_lock,773,9,17
t_lock,774,4,5
t_lock,775,32,37
t_lock,776,5,10
t_lock,777,8,13
t_lock,778,34,26
t_lock,779,13,19
t_lock,780,29,20
t_lock,781,13,10
t_lock,782,60,68
t_lock,783,26,32
t_lock,784,90,88
t_lock,785,7,13
t_lock,786,58,54
t_lock,787,33,26
t_lock,788,3,9
t_lock,789,7,15
t_lock,790,4,8
t_lock,791,107,114
t_lock,792,42,42
t_lock,793,2,1
t_lock,794,6,10
t_lock,795,13,20
t_lock,796,23,31
t_lock,797,17,22
t_lock,798,28,19
t_lock,799,20,12
t_lock,800,13,12
t_lock,801,18,22
t_lock,802,33,42
t_lock,803,21,18
t_lock,804,6,2
t_lock,805,15,21
t_lock,806,19,9
t_lock,807,13,21
t_lock,808,59,49
t_lock,809,19,10
t_lock,810,5,8
t_lock,811,7,15
t_lock,812,12,9
t_lock,813,24,28
t_lock,814,30,31
t_lock,815,40,49
t_lock,816,12,18
t_lock,817,12,21
t_lock,818,46,50
t_lock,819,20,21
t_lock,820,41,43
t_lock,821,7,3
t_lock,822,6,6
t_lock,823,7,15
t_lock,824,5,5
t_lock,825,2,1
t_lock,826,7,7
t_lock,827,5,12
t_lock,828,9,1
t_lock,829,11,15
t_lock,830,8,11
t_lock,831,8,12
t_lock,832,9,16
t_lock,833,8,16
t_lock,834,7,1
t_lock,835,2,1
t_lock,836,4,14
t_lock,837,8,13
t_lock,838,12,16
t_lock,839,18,20
t_lock,840,18,15
t_lock,841,13,4
t_lock,842,16,14
t_lock,843,5,10
t_lock,844,8,7
t_lock,845,13,7
t_lock,846,48,56
t_lock,847,34,33
t_lock,848,3,11
t_lock,849,28,23
t_lock,850,9,8
t_lock,851,13,20
t_lock,852,16,20
t_lock,853,8,5
t_lock,854,28,30
t_lock,855,12,14
t_lock,856,6,13
t_lock,857,17,24
t_lock,858,22,19
t_lock,859,23,33
t_lock,860,9,12
t_lock,861,2,9
t_lock,862,4,11
t_lock,863,45,52
t_lock,864,9,13
t_lock,865,2,1
t_lock,866,4,7
t_lock,867,19,22
t_lock,868,42,50
t_lock,869,9,6
t_lock,870,9,7
t_lock,871,19,26
t_lock,872,5,2
t_lock,873,12,5
t_lock,874,2,1
t_lock,875,10,10
t_lock,876,5,3
t_lock,877,2,4
t_lock,878,3,7
t_lock,879,10,18
t_lock,880,5,10
t_lock,881,5,6
t_lock,882,8,5
t_lock,883,19,17
t_lock,884,21,18
t_lock,885,20,26
t_lock,886,7,12
t_lock,887,6,3
t_lock,888,18,21
t_lock,889,24,14
t_lock,890,7,11
t_lock,891,11,15
t_lock,892,19,18
t_lock,893,4,7
t_lock,894,2,9
t_lock,895,11,2
t_lock,896,2,8
t_lock,897,6,4
t_lock,898,16,24
t_lock,899,13,12
t_lock,900,5,12
t_lock,901,7,11
t_lock,902,4,7
t_lock,903,14,10
t_lock,904,5,10
t_lock,905,45,37
t_lock,906,29,34
t_lock,907,22,12
t_lock,908,17,9
t_lock,909,11,4
t_lock,910,21,15
t_lock,911,13,8
t_lock,912,31,24
t_lock,913,11,12
t_lock,914,50,53
t_lock,915,3,6
t_lock,916,5,9
t_lock,917,3,8
t_lock,918,11,3
t_lock,919,8,6
t_lock,920,11,1
t_lock,921,12,4
t_lock,922,8,13
t_lock,923,34,42
t_lock,924,8,10
t_lock,925,9,9
t_lock,926,11,12
t_lock,927,13,8
t_lock,928,12,20
t_lock,929,22,29
t_lock,930,50,41
t_lock,931,19,16
t_lock,932,13,10
t_lock,933,14,16
t_lock,934,13,23
t_lock,935,1,9
t_lock,936,33,36
t_lock,937,2,9
t_lock,938,3,2
t_lock,939,7,17
t_lock,940,25,27
t_lock,941,39,43
t_lock,942,30,24
t_lock,943,3,11
t_lock,944,4,14
t_lock,945,20,18
t_lock,946,21,31
t_lock,947,40,41
t_lock,948,36,45
t_lock,949,5,1
t_lock,950,13,12
t_lock,951,52,54
t_lock,952,34,38
t_lock,953,10,10
t_lock,954,4,5
t_lock,955,9,3
t_lock,956,38,44
t_lock,957,17,17
t_lock,958,4,8
t_lock,959,9,13
t_lock,960,31,35
t_lock,961,19,14
t_lock,962,29,20
t_lock,963,4,7
t_lock,964,5,12
t_lock,965,9,4
t_lock,966,4,1
t_lock,967,4,13
t_lock,968,9,13
t_lock,969,7,5
t_lock,970,5,2
t_lock,971,5,11
t_lock,972,7,13
t_lock,973,25,24
t_lock,974,16,19
t_lock,975,13,12
t_lock,976,8,9
t_lock,977,6,16
t_lock,978,6,4
t_lock,979,23,20
t_lock,980,17,18
t_lock,981,36,36
t_lock,982,27,35
t_lock,983,40,42
t_lock,984,42,42
t_lock,985,44,53
t_lock,986,21,28
t_lock,987,1,3
t_lock,988,40,35
t_lock,989,48,46
t_lock,990,11,2
t_lock,991,15,20
t_lock,992,24,15
t_lock,993,78,82
t_lock,994,26,36
t_lock,995,39,39
t_lock,996,16,25
t_lock,997,15,25
t_lock,998,42,50
t_lock,999,13,23
t_lock,1000,11,8
t_lock,1001,11,7
t_lock,1002,13,23
t_lock,1003,13,22
t_lock,1004,4,14
t_lock,1005,14,8
t_lock,1006,13,17
t_lock,1007,9,3
t_lock,1008,40,50
t_lock,1009,5,10
t_lock,1010,9,6
t_lock,1011,8,1
t_lock,1012,8,4
t_lock,1013,13,4
t_lock,1014,10,6
t_lock,1015,13,22
t_lock,1016,26,26
t_lock,1017,22,17
t_lock,1018,16,16
t_lock,1019,14,5
t_lock,1020,15,17
t_lock,1021,5,13
t_lock,1022,29,23
t_lock,1023,39,42
t_lock,1024,33,31
t_lock,1025,4,5
t_lock,1026,2,7
t_lock,1027,3,12
t_lock,1028,30,26
t_lock,1029,7,5
t_lock,1030,27,29
t_lock,1031,19,20
t_lock,1032,18,8
t_lock,1033,19,14
t_lock,1034,8,13
t_lock,1035,44,44
t_lock,1036,11,14
t_lock,1037,45,47
t_lock,1038,27,33
t_lock,1039,4,1
t_lock,1040,4,3
t_lock,1041,9,12
t_lock,1042,31,35
t_lock,1043,47,43
t_lock,1044,83,82
t_lock,1045,46,51
t_lock,1046,10,15
t_lock,1047,11,15
t_lock,1048,9,7
t_lock,1049,13,15
t_lock,1050,9,4
t_lock,1051,15,14
t_lock,1052,2,12
t_lock,1053,17,17
t_lock,1054,9,6
t_lock,1055,46,48
t_lock,1056,39,38
t_lock,1057,51,50
t_lock,1058,4,2
t_lock,1059,30,37
t_lock,1060,72,73
t_lock,1061,24,33
t_lock,1062,21,15
t_lock,1063,3,5
t_lock,1064,37,27
t_lock,1065,77,72
t_lock,1066,19,11
t_lock,1067,6,7
t_lock,1068,14,18
t_lock,1069,13,5
t_lock,1070,1,2
t_lock,1071,7,4
t_lock,1072,9,16
t_lock,1073,6,13
t_lock,1074,20,20
t_lock,1075,2,9
t_lock,1076,32,41
t_lock,1077,24,30
t_lock,1078,25,27
t_lock,1079,10,16
t_lock,1080,2,5
t_lock,1081,28,33
t_lock,1082,25,26
t_lock,1083,16,6
t_lock,1084,6,3
t_lock,1085,1,6
t_lock,1086,3,13
t_lock,1087,2,8
t_lock,1088,28,33
t_lock,1089,6,14
t_lock,1090,24,29
t_lock,1091,14,5
t_lock,1092,31,29
t_lock,1093,30,26
t_lock,1094,35,33
t_lock,1095,48,45
t_lock,1096,36,38
t_lock,1097,3,11
t_lock,1098,27,29
t_lock,1099,61,64
t_lock,1100,8,17
t_lock,1101,5,12
t_lock,1102,8,3
t_lock,1103,32,37
t_lock,1104,11,3
t_lock,1105,8,15
t_lock,1106,33,40
t_lock,1107,16,25
t_lock,1108,6,3
t_lock,1109,13,6
t_lock,1110,15,17
t_lock,1111,26,25
t_lock,1112,26,16
t_lock,1113,59,61
t_lock,1114,105,111
t_lock,1115,8,4
t_lock,1116,36,39
t_lock,1117,10,20
t_lock,1118,5,7
t_lock,1119,28,20
t_lock,1120,113,114
t_lock,1121,6,12
t_lock,1122,40,38
t_lock,1123,11,20
t_lock,1124,24,32
t_lock,1125,33,27
t_lock,1126,2,9
t_lock,1127,13,5
t_lock,1128,25,34
t_lock,1129,8,11
t_lock,1130,27,28
t_lock,1131,51,46
t_lock,1132,12,8
t_lock,1133,73,72
t_lock,1134,19,28
t_lock,1135,11,6
t_lock,1136,22,28
t_lock,1137,14,17
t_lock,1138,32,23
t_lock,1139,46,43
t_lock,1140,55,63
t_lock,1141,35,45
t_lock,1142,35,27
t_lock,1143,44,49
t_lock,1144,11,19
t_lock,1145,11,9
t_lock,1146,42,37
t_lock,1147,7,10
t_lock,1148,5,5
t_lock,1149,18,14
t_lock,1150,23,28
t_lock,1151,16,26
t_lock,1152,35,28
t_lock,1153,20,20
t_lock,1154,24,25
t_lock,1155,22,25
t_lock,1156,24,30
t_lock,1157,29,36
t_lock,1158,14,19
t_lock,1159,15,9
t_lock,1160,5,6
t_lock,1161,19,16
t_lock,1162,13,12
t_lock,1163,11,11
t_lock,1164,8,2
t_lock,1165,9,6
t_lock,1166,43,52
t_lock,1167,2,6
t_lock,1168,11,2
t_lock,1169,4,2
t_lock,1170,36,40
t_lock,1171,33,26
t_lock,1172,5,12
t_lock,1173,4,3
t_lock,1174,4,1
t_lock,1175,6,8
t_lock,1176,41,48
t_lock,1177,18,9
t_lock,1178,11,20
t_lock,1179,5,2
t_lock,1180,3,4
t_lock,1181,7,3
t_lock,1182,17,26
t_lock,1183,6,9
t_obs,0,11,11
t_obs,1,10,16
t_obs,2,13,14
t_obs,3,2,4
t_obs,4,9,9
t_obs,5,54,48
t_obs,6,9,10
t_obs,7,2,11
t_obs,8,11,15
t_obs,9,4,8
t_obs,10,75,85
t_obs,11,48,48
t_obs,12,37,39
t_obs,13,9,7
t_obs,14,46,45
t_obs,15,168,168
t_obs,16,540,540
t_obs,17,89,99
t_obs,18,3,13
t_obs,19,2,11
t_obs,20,3,10
t_obs,21,3,10
t_obs,22,3,3
t_obs,23,4,13
t_obs,24,3,7
t_obs,25,2,2
t_obs,26,3,13
t_obs,27,2,8
t_obs,28,18,25
t_obs,29,18,15
t_obs,30,8,2
t_obs,31,21,29
t_obs,32,15,9
t_obs,33,44,38
t_obs,34,23,26
t_obs,35,14,21
t_obs,36,37,28
t_obs,37,9,16
t_obs,38,7,2
t_obs,39,7,14
t_obs,40,4,6
t_obs,41,11,5
t_obs,42,105,95
t_obs,43,5,9
t_obs,44,25,20
t_obs,45,95,85
t_obs,46,59,54
t_obs,47,50,57
t_obs,48,77,83
t_obs,49,14,15
t_obs,50,14,8
t_obs,51,20,10
t_obs,52,31,32
t_obs,53,7,8
t_obs,54,17,13
t_obs,55,33,43
t_obs,56,19,19
t_obs,57,23,33
t_obs,58,31,38
t_obs,59,58,61
t_obs,60,54,54
t_obs,61,89,85
t_obs,62,34,33
t_obs,63,23,23
t_obs,64,40,39
t_obs,65,27,36
t_obs,66,1,3
t_obs,67,3,3
t_obs,68,8,9
t_obs,69,7,8
t_obs,70,57,48
t_obs,71,7,1
t_obs,72,18,27
t_obs,73,38,38
t_obs,74,17,21
t_obs,75,41,44
t_obs,76,19,13
t_obs,77,116,125
t_obs,78,32,32
t_obs,79,52,52
t_obs,80,14,21
t_obs,81,6,10
t_obs,82,15,20
t_obs,83,25,20
t_obs,84,25,25
t_obs,85,22,29
t_obs,86,42,50
t_obs,87,3,9
t_obs,88,16,24
t_obs,89,30,32
t_obs,90,30,30
t_obs,91,3,2
t_obs,92,20,28
t_obs,93,49,39
t_obs,94,14,14
t_obs,95,16,16
t_obs,96,4,1
t_obs,97,9,2
t_obs,98,22,20
t_obs,99,19,16
t_obs,100,60,53
t_obs,101,2,8
t_obs,102,2,8
t_obs,103,3,3
t_obs,104,28,28
t_obs,105,13,16
t_obs,106,17,21
t_obs,107,35,34
t_obs,108,29,24
t_obs,109,10,13
t_obs,110,25,34
t_obs,111,19,19
t_obs,112,30,30
t_obs,113,20,12
t_obs,114,24,17
t_obs,115,6,12
t_obs,116,5,14
t_obs,117,7,1
t_obs,118,7,5
t_obs,119,5,10
t_obs,120,5,15
t_obs,121,5,4
t_obs,122,7,5
t_obs,123,8,11
t_obs,124,13,22
t_obs,125,7,5
t_obs,126,10,18
t_obs,127,7,1
t_obs,128,15,13
t_obs,129,6,6
t_obs,130,9,1
t_obs,131,10,9
t_obs,132,11,6
t_obs,133,21,30
t_obs,134,31,34
t_obs,135,3,3
t_obs,136,5,9
t_obs,137,27,25
t_obs,138,72,78
t_obs,139,40,47
t_obs,140,18,16
t_obs,141,11,14
t_obs,142,21,12
t_obs,143,27,26
t_obs,144,4,4
t_obs,145,10,10
t_obs,146,3,5
t_obs,147,11,3
t_obs,148,1,1
t_obs,149,5,5
t_obs,150,3,9
t_obs,151,1,9
t_obs,152,4,4
t_obs,153,4,1
t_obs,154,18,17
t_obs,155,7,8
t_obs,156,21,29
t_obs,157,3,3
t_obs,158,5,5
t_obs,159,5,15
t_obs,160,6,10
t_obs,161,9,9
t_obs,162,72,63
t_obs,163,12,20
t_obs,164,10,10
t_obs,165,38,40
t_obs,166,8,8
t_obs,167,11,11
t_obs,168,6,13
t_obs,169,4,5
t_obs,170,21,21
t_obs,171,11,13
t_obs,172,4,6
t_obs,173,6,6
t_obs,174,5,1
t_obs,175,5,10
t_obs,176,3,5
t_obs,177,7,12
t_obs,178,6,6
t_obs,179,32,33
t_obs,180,56,56
t_obs,181,8,1
t_obs,182,12,20
t_obs,183,1,7
t_obs,184,15,7
t_obs,185,10,7
t_obs,186,10,10
t_obs,187,6,12
t_obs,188,7,8
t_obs,189,2,12
t_obs,190,8,6
t_obs,191,24,15
t_obs,192,29,36
t_obs,193,10,14
t_obs,194,4,4
t_obs,195,4,4
t_obs,196,52,57
t_obs,197,23,19
t_obs,198,3,2
t_obs,199,4,2
t_obs,200,13,15
t_obs,201,12,12
t_obs,202,5,10
t_obs,203,3,6
t_obs,204,10,6
t_obs,205,15,18
t_obs,206,39,39
t_obs,207,60,61
t_obs,208,17,23
t_obs,209,23,13
t_obs,210,22,16
t_obs,211,54,62
t_obs,212,6,5
t_obs,213,5,14
t_obs,214,7,7
t_obs,215,4,2
t_obs,216,3,5
t_obs,217,8,15
t_obs,218,13,15
t_obs,219,6,10
t_obs,220,21,21
t_obs,221,15,8
t_obs,222,5,5
t_obs,223,9,14
t_obs,224,7,1
t_obs,225,12,11
t_obs,226,14,14
t_obs,227,11,13
t_obs,228,1,2
t_obs,229,11,18
t_obs,230,10,17
t_obs,231,14,14
t_obs,232,2,3
t_obs,233,1,10
t_obs,234,2,8
t_obs,235,7,2
t_obs,236,15,6
t_obs,237,45,49
t_obs,238,12,12
t_obs,239,15,7
t_obs,240,19,9
t_obs,241,45,36
t_obs,242,37,46
t_obs,243,23,32
t_obs,244,20,20
t_obs,245,58,62
t_obs,246,38,43
t_obs,247,36,36
t_obs,248,46,43
t_obs,249,31,23
t_obs,250,6,15
t_obs,251,55,60
t_obs,252,71,77
t_obs,253,8,12
t_obs,254,31,39
t_obs,255,52,46
t_obs,256,12,12
t_obs,257,9,19
t_obs,258,19,11
t_obs,259,1,9
t_obs,260,13,13
t_obs,261,56,52
t_obs,262,34,31
t_obs,263,16,13
t_obs,264,7,17
t_obs,265,39,48
t_obs,266,100,94
t_obs,267,13,5
t_obs,268,5,4
t_obs,269,23,15
t_obs,270,5,13
t_obs,271,3,8
t_obs,272,13,13
t_obs,273,13,23
t_obs,274,16,20
t_obs,275,6,6
t_obs,276,13,12
t_obs,277,4,10
t_obs,278,5,7
t_obs,279,14,14
t_obs,280,25,20
t_obs,281,37,30
t_obs,282,23,29
t_obs,283,16,10
t_obs,284,41,36
t_obs,285,26,35
t_obs,286,90,99
t_obs,287,19,19
t_obs,288,8,6
t_obs,289,6,5
t_obs,290,9,15
t_obs,291,1,1
t_obs,292,8,17
t_obs,293,2,2
t_obs,294,13,13
t_obs,295,9,2
t_obs,296,11,11
t_obs,297,34,36
t_obs,298,4,8
t_obs,299,2,4
t_obs,300,11,7
t_obs,301,3,6
t_obs,302,11,7
t_obs,303,4,7
t_obs,304,24,24
t_obs,305,30,33
t_obs,306,25,34
t_obs,307,16,16
t_obs,308,5,5
t_obs,309,4,14
t_obs,310,32,25
t_obs,311,16,8
t_obs,312,16,21
t_obs,313,37,29
t_obs,314,42,32
t_obs,315,4,3
t_obs,316,10,14
t_obs,317,46,42
t_obs,318,51,49
t_obs,319,31,36
t_obs,320,8,8
t_obs,321,56,61
t_obs,322,4,4
t_obs,323,5,14
t_obs,324,11,15
t_obs,325,6,5
t_obs,326,4,8
t_obs,327,10,10
t_obs,328,4,8
t_obs,329,5,4
t_obs,330,22,28
t_obs,331,34,34
t_obs,332,32,37
t_obs,333,63,63
t_obs,334,56,56
t_obs,335,60,60
t_obs,336,35,35
t_obs,337,9,17
t_obs,338,39,36
t_obs,339,4,11
t_obs,340,7,7
t_obs,341,20,26
t_obs,342,47,41
t_obs,343,34,29
t_obs,344,25,19
t_obs,345,22,13
t_obs,346,27,27
t_obs,347,28,28
t_obs,348,37,27
t_obs,349,14,14
t_obs,350,13,6
t_obs,351,27,32
t_obs,352,9,8
t_obs,353,19,20
t_obs,354,71,74
t_obs,355,8,8
t_obs,356,54,56
t_obs,357,12,12
t_obs,358,24,16
t_obs,359,17,22
t_obs,360,16,26
t_obs,361,6,8
t_obs,362,24,24
t_obs,363,29,29
t_obs,364,5,8
t_obs,365,17,24
t_obs,366,45,50
t_obs,367,9,12
t_obs,368,16,15
t_obs,369,8,3
t_obs,370,21,21
t_obs,371,11,16
t_obs,372,36,36
t_obs,373,16,19
t_obs,374,34,27
t_obs,375,15,21
t_obs,376,31,31
t_obs,377,10,10
t_obs,378,14,21
t_obs,379,83,81
t_obs,380,12,11
t_obs,381,13,15
t_obs,382,10,3
t_obs,383,4,13
t_obs,384,19,16
t_obs,385,16,16
t_obs,386,9,5
t_obs,387,10,2
t_obs,388,5,6
t_obs,389,16,8
t_obs,390,5,8
t_obs,391,18,26
t_obs,392,37,37
t_obs,393,25,25
t_obs,394,4,4
t_obs,395,7,2
t_obs,396,3,9
t_obs,397,26,22
t_obs,398,4,2
t_obs,399,16,16
t_obs,400,78,84
t_obs,401,17,17
t_obs,402,50,49
t_obs,403,31,27
t_obs,404,9,9
t_obs,405,7,16
t_obs,406,14,14
t_obs,407,5,13
t_obs,408,19,13
t_obs,409,13,19
t_obs,410,11,15
t_obs,411,2,9
t_obs,412,19,19
t_obs,413,7,13
t_obs,414,9,17
t_obs,415,11,15
t_obs,416,11,6
t_obs,417,2,2
t_obs,418,7,13
t_obs,419,19,11
t_obs,420,7,8
t_obs,421,5,12
t_obs,422,17,8
t_obs,423,11,16
t_obs,424,33,37
t_obs,425,23,30
t_obs,426,11,1
t_obs,427,5,5
t_obs,428,5,5
t_obs,429,2,2
t_obs,430,4,8
t_obs,431,3,3
t_obs,432,8,13
t_obs,433,20,19
t_obs,434,3,6
t_obs,435,1,8
t_obs,436,10,10
t_obs,437,5,5
t_obs,438,17,17
t_obs,439,2,3
t_obs,440,2,9
t_obs,441,3,12
t_obs,442,6,5
t_obs,443,15,16
t_obs,444,19,13
t_obs,445,8,11
t_obs,446,44,51
t_obs,447,33,30
t_obs,448,23,23
t_obs,449,17,20
t_obs,450,24,24
t_obs,451,9,9
t_obs,452,31,31
t_obs,453,84,84
t_obs,454,10,10
t_obs,455,8,13
t_obs,456,5,1
t_obs,457,6,13
t_obs,458,10,12
t_obs,459,17,17
t_obs,460,4,4
t_obs,461,19,19
t_obs,462,12,19
t_obs,463,8,4
t_obs,464,11,10
t_obs,465,36,42
t_obs,466,52,43
t_obs,467,34,34
t_obs,468,9,9
t_obs,469,9,9
t_obs,470,46,40
t_obs,471,47,55
t_obs,472,6,6
t_obs,473,1,7
t_obs,474,12,21
t_obs,475,7,9
t_obs,476,8,8
t_obs,477,17,17
t_obs,478,9,9
t_obs,479,5,15
t_obs,480,20,19
t_obs,481,14,5
t_obs,482,14,6
t_obs,483,4,4
t_obs,484,21,26
t_obs,485,18,14
t_obs,486,19,24
t_obs,487,18,11
t_obs,488,9,2
t_obs,489,26,26
t_obs,490,85,95
t_obs,491,25,25
t_obs,492,42,44
t_obs,493,32,23
t_obs,494,32,32
t_obs,495,15,12
t_obs,496,41,43
t_obs,497,15,7
t_obs,498,10,2
t_obs,499,25,35
t_obs,500,16,18
t_obs,501,11,6
t_obs,502,33,24
t_obs,503,33,31
t_obs,504,59,49
t_obs,505,36,27
t_obs,506,32,42
t_obs,507,16,11
t_obs,508,26,26
t_obs,509,53,47
t_obs,510,49,49
t_obs,511,89,83
t_obs,512,22,27
t_obs,513,39,39
t_obs,514,26,23
t_obs,515,29,32
t_obs,516,7,7
t_obs,517,16,12
t_obs,518,25,22
t_obs,519,57,57
t_obs,520,44,41
t_obs,521,28,21
t_obs,522,17,7
t_obs,523,110,100
t_obs,524,47,47
t_obs,525,28,33
t_obs,526,51,41
t_obs,527,8,3
t_obs,528,5,1
t_obs,529,5,5
t_obs,530,21,30
t_obs,531,12,12
t_obs,532,13,13
t_obs,533,15,18
t_obs,534,5,5
t_obs,535,62,72
t_obs,536,25,32
t_obs,537,104,105
t_obs,538,7,16
t_obs,539,61,61
t_obs,540,16,13
t_obs,541,3,2
t_obs,542,7,7
t_obs,543,125,122
t_obs,544,106,99
t_obs,545,32,29
t_obs,546,2,4
t_obs,547,122,122
t_obs,548,13,13
t_obs,549,17,17
t_obs,550,28,28
t_obs,551,17,27
t_obs,552,13,15
t_obs,553,22,21
t_obs,554,6,14
t_obs,555,19,19
t_obs,556,19,9
t_obs,557,5,15
t_obs,558,7,7
t_obs,559,24,22
t_obs,560,40,46
t_obs,561,47,54
t_obs,562,32,30
t_obs,563,46,37
t_obs,564,8,10
t_obs,565,3,4
t_obs,566,8,3
t_obs,567,23,23
t_obs,568,14,15
t_obs,569,10,16
t_obs,570,9,9
t_obs,571,10,2
t_obs,572,3,12
t_obs,573,10,5
t_obs,574,17,20
t_obs,575,18,27
t_obs,576,17,16
t_obs,577,21,22
t_obs,578,34,38
t_obs,579,5,7
t_obs,580,24,23
t_obs,581,51,47
t_obs,582,3,11
t_obs,583,10,10
t_obs,584,18,23
t_obs,585,17,16
t_obs,586,17,26
t_obs,587,33,31
t_obs,588,6,10
t_obs,589,23,33
t_obs,590,8,8
t_obs,591,23,31
t_obs,592,12,2
t_obs,593,6,14
t_obs,594,51,45
t_obs,595,4,2
t_obs,596,43,51
t_obs,597,8,8
t_obs,598,9,9
t_obs,599,9,3
t_obs,600,11,20
t_obs,601,6,13
t_obs,602,11,18
t_obs,603,3,9
t_obs,604,11,17
t_obs,605,17,25
t_obs,606,13,3
t_obs,607,8,15
t_obs,608,7,9
t_obs,609,16,23
t_obs,610,13,13
t_obs,611,14,19
t_obs,612,9,8
t_obs,613,20,22
t_obs,614,20,19
t_obs,615,23,16
t_obs,616,36,36
t_obs,617,22,19
t_obs,618,18,18
t_obs,619,13,15
t_obs,620,14,11
t_obs,621,33,36
t_obs,622,62,62
t_obs,623,6,5
t_obs,624,57,57
t_obs,625,25,21
t_obs,626,12,12
t_obs,627,22,31
t_obs,628,10,10
t_obs,629,18,17
t_obs,630,12,6
t_obs,631,48,48
t_obs,632,13,13
t_obs,633,13,15
t_obs,634,16,16
t_obs,635,22,29
t_obs,636,18,13
t_obs,637,21,22
t_obs,638,18,24
t_obs,639,24,16
t_obs,640,35,35
t_obs,641,47,52
t_obs,642,22,21
t_obs,643,3,7
t_obs,644,4,11
t_obs,645,30,30
t_obs,646,42,42
t_obs,647,20,16
t_obs,648,35,35
t_obs,649,53,63
t_obs,650,34,43
t_obs,651,9,7
t_obs,652,10,19
t_obs,653,54,54
t_obs,654,17,14
t_obs,655,2,5
t_obs,656,31,31
t_obs,657,7,17
t_obs,658,6,16
t_obs,659,6,16
t_obs,660,5,5
t_obs,661,9,5
t_obs,662,8,8
t_obs,663,5,5
t_obs,664,6,16
t_obs,665,7,7
t_obs,666,42,42
t_obs,667,16,21
t_obs,668,13,5
t_obs,669,12,12
t_obs,670,29,21
t_obs,671,8,11
t_obs,672,17,13
t_obs,673,37,34
t_obs,674,30,36
t_obs,675,40,39
t_obs,676,60,63
t_obs,677,47,55
t_obs,678,99,99
t_obs,679,30,27
t_obs,680,48,39
t_obs,681,11,16
t_obs,682,16,15
t_obs,683,31,37
t_obs,684,86,89
t_obs,685,94,94
t_obs,686,5,12
t_obs,687,13,15
t_obs,688,34,28
t_obs,689,75,77
t_obs,690,13,4
t_obs,691,11,5
t_obs,692,12,3
t_obs,693,13,7
t_obs,694,15,15
t_obs,695,9,6
t_obs,696,15,15
t_obs,697,35,35
t_obs,698,5,8
t_obs,699,14,10
t_obs,700,9,9
t_obs,701,12,20
t_obs,702,14,14
t_obs,703,14,14
t_obs,704,29,20
t_obs,705,21,29
t_obs,706,21,23
t_obs,707,8,12
t_obs,708,10,19
t_obs,709,16,17
t_obs,710,20,27
t_obs,711,28,28
t_obs,712,3,3
t_obs,713,3,3
t_obs,714,4,10
t_obs,715,11,20
t_obs,716,8,12
t_obs,717,18,18
t_obs,718,21,23
t_obs,719,23,32
t_obs,720,33,23
t_obs,721,17,23
t_obs,722,44,34
t_obs,723,32,32
t_obs,724,45,39
t_obs,725,27,27
t_obs,726,4,7
t_obs,727,14,14
t_obs,728,10,8
t_obs,729,31,28
t_obs,730,22,25
t_obs,731,74,84
t_obs,732,27,27
t_obs,733,22,20
t_obs,734,21,21
t_obs,735,16,15
t_obs,736,16,16
t_obs,737,28,22
t_obs,738,18,19
t_obs,739,1,1
t_obs,740,22,24
t_obs,741,18,21
t_obs,742,9,3
t_obs,743,40,38
t_obs,744,89,85
t_obs,745,24,23
t_obs,746,22,12
t_obs,747,45,52
t_obs,748,165,168
t_obs,749,20,20
t_obs,750,7,1
t_obs,751,77,71
t_obs,752,9,9
t_obs,753,8,9
t_obs,754,13,6
t_obs,755,33,23
t_obs,756,27,27
t_obs,757,24,20
t_obs,758,9,14
t_obs,759,11,12
t_obs,760,29,34
t_obs,761,26,30
t_obs,762,17,24
t_obs,763,6,6
t_obs,764,31,31
t_obs,765,37,44
t_obs,766,26,19
t_obs,767,13,9
t_obs,768,39,31
t_obs,769,18,8
t_obs,770,33,30
t_obs,771,47,47
t_obs,772,33,37
t_obs,773,63,71
t_obs,774,89,85
t_obs,775,30,24
t_obs,776,5,9
t_obs,777,4,11
t_obs,778,37,44
t_obs,779,19,25
t_obs,780,27,28
t_obs,781,16,16
t_obs,782,46,43
t_obs,783,26,26
t_obs,784,56,51
t_obs,785,103,105
t_obs,786,6,13
t_obs,787,36,30
t_obs,788,10,15
t_obs,789,22,32
t_obs,790,28,20
t_obs,791,20,10
t_obs,792,70,70
t_obs,793,20,20
t_obs,794,33,33
t_obs,795,10,18
t_obs,796,5,13
t_obs,797,13,13
t_obs,798,16,16
t_obs,799,2,2
t_obs,800,57,55
t_obs,801,11,20
t_obs,802,12,22
t_obs,803,81,81
t_obs,804,45,55
t_obs,805,12,21
t_obs,806,22,22
t_obs,807,22,23
t_obs,808,14,24
t_obs,809,50,43
t_obs,810,10,10
t_obs,811,81,77
t_obs,812,9,3
t_obs,813,25,22
t_obs,814,19,24
t_obs,815,13,13
t_obs,816,32,34
t_obs,817,36,42
t_obs,818,5,13
t_obs,819,22,30
t_obs,820,33,30
t_obs,821,22,22
t_obs,822,49,48
t_obs,823,22,13
t_obs,824,23,23
t_obs,825,47,52
t_obs,826,48,51
t_obs,827,36,44
t_obs,828,30,30
t_obs,829,16,22
t_obs,830,7,17
t_obs,831,20,12
t_obs,832,14,4
t_obs,833,11,15
t_obs,834,8,5
t_obs,835,13,8
t_obs,836,36,29
t_obs,837,14,9
t_obs,838,11,17
t_obs,839,9,15
t_obs,840,31,27
t_obs,841,9,4
t_obs,842,6,6
t_obs,843,8,12
t_obs,844,12,12
t_obs,845,12,12
t_obs,846,10,12
t_obs,847,6,11
t_obs,848,3,8
t_obs,849,10,16
t_obs,850,21,29
t_obs,851,27,31
root_cause (trigger),0,misread_output,misread_output
root_cause (trigger),1,knowledge_gap,knowledge_gap
root_cause (trigger),2,spec_neglect,spec_neglect
root_cause (trigger),3,knowledge_gap,knowledge_gap
root_cause (trigger),4,knowledge_gap,knowledge_gap
root_cause (trigger),5,knowledge_gap,knowledge_gap
root_cause (trigger),6,spec_neglect,spec_neglect
root_cause (trigger),7,spec_neglect,false_premise
root_cause (trigger),8,capability_limit,false_premise
root_cause (trigger),9,knowledge_gap,misread_output
root_cause (trigger),10,spec_neglect,spec_neglect
root_cause (trigger),11,spec_neglect,ignored_signal
root_cause (trigger),12,ignored_signal,ignored_signal
root_cause (trigger),13,false_premise,false_premise
root_cause (trigger),14,knowledge_gap,knowledge_gap
root_cause (trigger),15,environment_obstacle_mishandled,environment_obstacle_mishandled
root_cause (trigger),16,false_premise,false_premise
root_cause (trigger),17,false_premise,false_premise
root_cause (trigger),18,false_premise,false_premise
root_cause (trigger),19,knowledge_gap,knowledge_gap
root_cause (trigger),20,premature_action,premature_action
root_cause (trigger),21,false_premise,false_premise
root_cause (trigger),22,false_premise,false_premise
root_cause (trigger),23,knowledge_gap,environment_obstacle_mishandled
root_cause (trigger),24,false_premise,false_premise
root_cause (trigger),25,environment_obstacle_mishandled,environment_obstacle_mishandled
root_cause (trigger),26,false_premise,false_premise
root_cause (trigger),27,false_premise,false_premise
root_cause (trigger),28,knowledge_gap,knowledge_gap
root_cause (trigger),29,false_premise,false_premise
root_cause (trigger),30,environment_obstacle_mishandled,environment_obstacle_mishandled
root_cause (trigger),31,knowledge_gap,knowledge_gap
root_cause (trigger),32,knowledge_gap,premature_action
root_cause (trigger),33,false_premise,false_premise
root_cause (trigger),34,knowledge_gap,knowledge_gap
root_cause (trigger),35,spec_neglect,spec_neglect
root_cause (trigger),36,false_premise,false_premise
root_cause (trigger),37,false_premise,false_premise
root_cause (trigger),38,spec_neglect,spec_neglect
root_cause (trigger),39,false_premise,false_premise
root_cause (trigger),40,capability_limit,other
root_cause (trigger),41,capability_limit,premature_action
root_cause (trigger),42,false_premise,false_premise
root_cause (trigger),43,spec_neglect,spec_neglect
root_cause (trigger),44,false_premise,false_premise
root_cause (trigger),45,knowledge_gap,false_premise
root_cause (trigger),46,false_premise,false_premise
root_cause (trigger),47,false_premise,false_premise
root_cause (trigger),48,spec_neglect,spec_neglect
root_cause (trigger),49,false_premise,false_premise
root_cause (trigger),50,false_premise,false_premise
root_cause (trigger),51,false_premise,false_premise
root_cause (trigger),52,false_premise,false_premise
root_cause (trigger),53,premature_action,premature_action
root_cause (trigger),54,false_premise,false_premise
root_cause (trigger),55,knowledge_gap,knowledge_gap
root_cause (trigger),56,knowledge_gap,knowledge_gap
root_cause (trigger),57,capability_limit,capability_limit
root_cause (trigger),58,spec_neglect,spec_neglect
root_cause (trigger),59,false_premise,false_premise
root_cause (trigger),60,false_premise,false_premise
root_cause (trigger),61,false_premise,false_premise
root_cause (trigger),62,knowledge_gap,knowledge_gap
root_cause (trigger),63,spec_neglect,spec_neglect
root_cause (trigger),64,spec_neglect,capability_limit
root_cause (trigger),65,spec_neglect,spec_neglect
root_cause (trigger),66,capability_limit,capability_limit
root_cause (trigger),67,false_premise,false_premise
root_cause (trigger),68,false_premise,ignored_signal
root_cause (trigger),69,capability_limit,capability_limit
root_cause (trigger),70,false_premise,false_premise
root_cause (trigger),71,false_premise,false_premise
root_cause (trigger),72,false_premise,false_premise
root_cause (trigger),73,ignored_signal,ignored_signal
root_cause (trigger),74,spec_neglect,spec_neglect
root_cause (trigger),75,false_premise,false_premise
root_cause (trigger),76,false_premise,false_premise
root_cause (trigger),77,false_premise,ignored_signal
root_cause (trigger),78,false_premise,false_premise
root_cause (trigger),79,spec_neglect,spec_neglect
root_cause (trigger),80,spec_neglect,spec_neglect
root_cause (trigger),81,knowledge_gap,knowledge_gap
root_cause (trigger),82,spec_neglect,spec_neglect
root_cause (trigger),83,false_premise,false_premise
root_cause (trigger),84,false_premise,false_premise
root_cause (trigger),85,knowledge_gap,knowledge_gap
root_cause (trigger),86,spec_neglect,spec_neglect
root_cause (trigger),87,knowledge_gap,knowledge_gap
root_cause (trigger),88,false_premise,false_premise
root_cause (trigger),89,spec_neglect,spec_neglect
root_cause (trigger),90,false_premise,false_premise
root_cause (trigger),91,false_premise,false_premise
root_cause (trigger),92,knowledge_gap,knowledge_gap
root_cause (trigger),93,false_premise,false_premise
root_cause (trigger),94,premature_action,premature_action
root_cause (trigger),95,spec_neglect,knowledge_gap
root_cause (trigger),96,knowledge_gap,knowledge_gap
root_cause (trigger),97,misread_output,misread_output
root_cause (trigger),98,ignored_signal,ignored_signal
root_cause (trigger),99,knowledge_gap,knowledge_gap
root_cause (trigger),100,spec_neglect,spec_neglect
root_cause (trigger),101,misread_output,misread_output
root_cause (trigger),102,false_premise,false_premise
root_cause (trigger),103,capability_limit,capability_limit
root_cause (trigger),104,environment_obstacle_mishandled,environment_obstacle_mishandled
root_cause (trigger),105,knowledge_gap,knowledge_gap
root_cause (trigger),106,false_premise,false_premise
root_cause (trigger),107,false_premise,false_premise
root_cause (trigger),108,environment_obstacle_mishandled,misread_output
root_cause (trigger),109,spec_neglect,false_premise
root_cause (trigger),110,knowledge_gap,knowledge_gap
root_cause (trigger),111,knowledge_gap,spec_neglect
root_cause (trigger),112,spec_neglect,spec_neglect
root_cause (trigger),113,spec_neglect,spec_neglect
root_cause (trigger),114,false_premise,false_premise
root_cause (trigger),115,knowledge_gap,knowledge_gap
root_cause (trigger),116,premature_action,premature_action
root_cause (trigger),117,false_premise,false_premise
root_cause (trigger),118,ignored_signal,ignored_signal
root_cause (trigger),119,misread_output,misread_output
root_cause (trigger),120,environment_obstacle_mishandled,capability_limit
root_cause (trigger),121,knowledge_gap,knowledge_gap
root_cause (trigger),122,knowledge_gap,premature_action
root_cause (trigger),123,knowledge_gap,knowledge_gap
root_cause (trigger),124,spec_neglect,spec_neglect
root_cause (trigger),125,false_premise,false_premise
root_cause (trigger),126,false_premise,ignored_signal
root_cause (trigger),127,knowledge_gap,knowledge_gap
root_cause (trigger),128,false_premise,false_premise
root_cause (trigger),129,false_premise,environment_obstacle_mishandled
root_cause (trigger),130,ignored_signal,ignored_signal
root_cause (trigger),131,false_premise,false_premise
root_cause (trigger),132,spec_neglect,spec_neglect
root_cause (trigger),133,false_premise,false_premise
root_cause (trigger),134,knowledge_gap,knowledge_gap
root_cause (trigger),135,false_premise,false_premise
root_cause (trigger),136,false_premise,false_premise
root_cause (trigger),137,knowledge_gap,knowledge_gap
root_cause (trigger),138,knowledge_gap,knowledge_gap
root_cause (trigger),139,knowledge_gap,knowledge_gap
root_cause (trigger),140,spec_neglect,spec_neglect
root_cause (trigger),141,knowledge_gap,misread_output
root_cause (trigger),142,knowledge_gap,other
root_cause (trigger),143,knowledge_gap,knowledge_gap
root_cause (trigger),144,false_premise,false_premise
root_cause (trigger),145,knowledge_gap,knowledge_gap
root_cause (trigger),146,knowledge_gap,knowledge_gap
root_cause (trigger),147,ignored_signal,ignored_signal
root_cause (trigger),148,knowledge_gap,knowledge_gap
root_cause (trigger),149,environment_obstacle_mishandled,environment_obstacle_mishandled
root_cause (trigger),150,premature_action,premature_action
root_cause (trigger),151,knowledge_gap,knowledge_gap
root_cause (trigger),152,environment_obstacle_mishandled,ignored_signal
root_cause (trigger),153,premature_action,premature_action
root_cause (trigger),154,false_premise,false_premise
root_cause (trigger),155,false_premise,false_premise
root_cause (trigger),156,ignored_signal,ignored_signal
root_cause (trigger),157,spec_neglect,spec_neglect
root_cause (trigger),158,ignored_signal,ignored_signal
root_cause (trigger),159,capability_limit,capability_limit
root_cause (trigger),160,spec_neglect,spec_neglect
root_cause (trigger),161,knowledge_gap,knowledge_gap
root_cause (trigger),162,false_premise,false_premise
root_cause (trigger),163,false_premise,false_premise
root_cause (trigger),164,false_premise,false_premise
root_cause (trigger),165,false_premise,false_premise
root_cause (trigger),166,false_premise,false_premise
root_cause (trigger),167,false_premise,false_premise
root_cause (trigger),168,capability_limit,capability_limit
root_cause (trigger),169,capability_limit,environment_obstacle_mishandled
root_cause (trigger),170,false_premise,false_premise
root_cause (trigger),171,knowledge_gap,knowledge_gap
root_cause (trigger),172,false_premise,false_premise
root_cause (trigger),173,knowledge_gap,knowledge_gap
root_cause (trigger),174,knowledge_gap,knowledge_gap
root_cause (trigger),175,false_premise,false_premise
root_cause (trigger),176,knowledge_gap,knowledge_gap
root_cause (trigger),177,knowledge_gap,knowledge_gap
root_cause (trigger),178,knowledge_gap,knowledge_gap
root_cause (trigger),179,false_premise,spec_neglect
root_cause (trigger),180,false_premise,false_premise
root_cause (trigger),181,misread_output,misread_output
root_cause (trigger),182,false_premise,false_premise
root_cause (trigger),183,knowledge_gap,knowledge_gap
root_cause (trigger),184,knowledge_gap,knowledge_gap
root_cause (trigger),185,ignored_signal,ignored_signal
root_cause (trigger),186,false_premise,false_premise
root_cause (trigger),187,spec_neglect,spec_neglect
root_cause (trigger),188,spec_neglect,spec_neglect
root_cause (trigger),189,spec_neglect,spec_neglect
root_cause (trigger),190,spec_neglect,spec_neglect
root_cause (trigger),191,false_premise,false_premise
root_cause (trigger),192,false_premise,false_premise
root_cause (trigger),193,false_premise,false_premise
root_cause (trigger),194,capability_limit,capability_limit
root_cause (trigger),195,misread_output,misread_output
root_cause (trigger),196,false_premise,false_premise
root_cause (trigger),197,false_premise,misread_output
root_cause (trigger),198,misread_output,misread_output
root_cause (trigger),199,misread_output,misread_output
root_cause (trigger),200,capability_limit,capability_limit
root_cause (trigger),201,false_premise,false_premise
root_cause (trigger),202,capability_limit,capability_limit
root_cause (trigger),203,premature_action,premature_action
root_cause (trigger),204,false_premise,false_premise
root_cause (trigger),205,capability_limit,capability_limit
root_cause (trigger),206,false_premise,false_premise
root_cause (trigger),207,misread_output,misread_output
root_cause (trigger),208,false_premise,capability_limit
root_cause (trigger),209,ignored_signal,ignored_signal
root_cause (trigger),210,false_premise,false_premise
root_cause (trigger),211,premature_action,premature_action
root_cause (trigger),212,false_premise,false_premise
root_cause (trigger),213,misread_output,misread_output
root_cause (trigger),214,knowledge_gap,knowledge_gap
root_cause (trigger),215,false_premise,false_premise
root_cause (trigger),216,false_premise,false_premise
root_cause (trigger),217,environment_obstacle_mishandled,environment_obstacle_mishandled
root_cause (trigger),218,false_premise,misread_output
root_cause (trigger),219,spec_neglect,spec_neglect
root_cause (trigger),220,false_premise,false_premise
root_cause (trigger),221,spec_neglect,spec_neglect
root_cause (trigger),222,false_premise,environment_obstacle_mishandled
root_cause (trigger),223,false_premise,false_premise
root_cause (trigger),224,knowledge_gap,other
root_cause (trigger),225,spec_neglect,spec_neglect
root_cause (trigger),226,spec_neglect,spec_neglect
root_cause (trigger),227,spec_neglect,false_premise
root_cause (trigger),228,spec_neglect,spec_neglect
root_cause (trigger),229,false_premise,spec_neglect
root_cause (trigger),230,false_premise,false_premise
root_cause (trigger),231,false_premise,false_premise
root_cause (trigger),232,false_premise,false_premise
root_cause (trigger),233,misread_output,ignored_signal
root_cause (trigger),234,knowledge_gap,knowledge_gap
root_cause (trigger),235,knowledge_gap,knowledge_gap
root_cause (trigger),236,knowledge_gap,knowledge_gap
root_cause (trigger),237,knowledge_gap,knowledge_gap
root_cause (trigger),238,false_premise,false_premise
root_cause (trigger),239,spec_neglect,spec_neglect
root_cause (trigger),240,knowledge_gap,knowledge_gap
root_cause (trigger),241,knowledge_gap,knowledge_gap
root_cause (trigger),242,false_premise,false_premise
root_cause (trigger),243,knowledge_gap,ignored_signal
root_cause (trigger),244,false_premise,false_premise
root_cause (trigger),245,knowledge_gap,knowledge_gap
root_cause (trigger),246,false_premise,false_premise
root_cause (trigger),247,false_premise,ignored_signal
root_cause (trigger),248,ignored_signal,ignored_signal
root_cause (trigger),249,false_premise,false_premise
root_cause (trigger),250,false_premise,false_premise
root_cause (trigger),251,false_premise,false_premise
root_cause (trigger),252,false_premise,false_premise
root_cause (trigger),253,spec_neglect,spec_neglect
root_cause (trigger),254,false_premise,false_premise
root_cause (trigger),255,capability_limit,capability_limit
root_cause (trigger),256,premature_action,premature_action
root_cause (trigger),257,false_premise,false_premise
root_cause (trigger),258,knowledge_gap,knowledge_gap
root_cause (trigger),259,premature_action,premature_action
root_cause (trigger),260,false_premise,false_premise
root_cause (trigger),261,false_premise,false_premise
root_cause (trigger),262,knowledge_gap,knowledge_gap
root_cause (trigger),263,premature_action,premature_action
root_cause (trigger),264,false_premise,false_premise
root_cause (trigger),265,ignored_signal,ignored_signal
root_cause (trigger),266,false_premise,false_premise
root_cause (trigger),267,knowledge_gap,knowledge_gap
root_cause (trigger),268,false_premise,false_premise
root_cause (trigger),269,premature_action,premature_action
root_cause (trigger),270,false_premise,false_premise
root_cause (trigger),271,premature_action,premature_action
root_cause (trigger),272,premature_action,premature_action
root_cause (trigger),273,knowledge_gap,knowledge_gap
root_cause (trigger),274,knowledge_gap,knowledge_gap
root_cause (trigger),275,premature_action,premature_action
root_cause (trigger),276,premature_action,premature_action
root_cause (trigger),277,false_premise,false_premise
root_cause (trigger),278,false_premise,premature_action
root_cause (trigger),279,false_premise,false_premise
root_cause (trigger),280,false_premise,false_premise
root_cause (trigger),281,knowledge_gap,knowledge_gap
root_cause (trigger),282,knowledge_gap,knowledge_gap
root_cause (trigger),283,knowledge_gap,knowledge_gap
root_cause (trigger),284,ignored_signal,ignored_signal
root_cause (trigger),285,environment_obstacle_mishandled,environment_obstacle_mishandled
root_cause (trigger),286,false_premise,false_premise
root_cause (trigger),287,false_premise,spec_neglect
root_cause (trigger),288,knowledge_gap,knowledge_gap
root_cause (trigger),289,false_premise,misread_output
root_cause (trigger),290,ignored_signal,misread_output
root_cause (trigger),291,knowledge_gap,environment_obstacle_mishandled
root_cause (trigger),292,false_premise,false_premise
root_cause (trigger),293,false_premise,false_premise
root_cause (trigger),294,false_premise,false_premise
root_cause (trigger),295,false_premise,false_premise
root_cause (trigger),296,false_premise,false_premise
root_cause (trigger),297,knowledge_gap,knowledge_gap
root_cause (trigger),298,knowledge_gap,knowledge_gap
root_cause (trigger),299,capability_limit,capability_limit
root_cause (trigger),300,false_premise,false_premise
root_cause (trigger),301,false_premise,false_premise
root_cause (trigger),302,spec_neglect,environment_obstacle_mishandled
root_cause (trigger),303,false_premise,misread_output
root_cause (trigger),304,false_premise,false_premise
root_cause (trigger),305,misread_output,misread_output
root_cause (trigger),306,false_premise,false_premise
root_cause (trigger),307,spec_neglect,misread_output
root_cause (trigger),308,ignored_signal,ignored_signal
root_cause (trigger),309,environment_obstacle_mishandled,ignored_signal
root_cause (trigger),310,premature_action,ignored_signal
root_cause (trigger),311,environment_obstacle_mishandled,environment_obstacle_mishandled
root_cause (trigger),312,ignored_signal,ignored_signal
root_cause (trigger),313,environment_obstacle_mishandled,environment_obstacle_mishandled
root_cause (trigger),314,false_premise,false_premise
root_cause (trigger),315,ignored_signal,ignored_signal
root_cause (trigger),316,environment_obstacle_mishandled,environment_obstacle_mishandled
root_cause (trigger),317,knowledge_gap,knowledge_gap
root_cause (trigger),318,false_premise,false_premise
root_cause (trigger),319,environment_obstacle_mishandled,environment_obstacle_mishandled
root_cause (trigger),320,environment_obstacle_mishandled,environment_obstacle_mishandled
root_cause (trigger),321,environment_obstacle_mishandled,environment_obstacle_mishandled
root_cause (trigger),322,environment_obstacle_mishandled,environment_obstacle_mishandled
root_cause (trigger),323,environment_obstacle_mishandled,environment_obstacle_mishandled
root_cause (trigger),324,environment_obstacle_mishandled,ignored_signal
root_cause (trigger),325,false_premise,environment_obstacle_mishandled
root_cause (trigger),326,environment_obstacle_mishandled,environment_obstacle_mishandled
root_cause (trigger),327,environment_obstacle_mishandled,environment_obstacle_mishandled
root_cause (trigger),328,environment_obstacle_mishandled,environment_obstacle_mishandled
root_cause (trigger),329,false_premise,false_premise
root_cause (trigger),330,capability_limit,capability_limit
root_cause (trigger),331,spec_neglect,spec_neglect
root_cause (trigger),332,knowledge_gap,knowledge_gap
root_cause (trigger),333,ignored_signal,ignored_signal
root_cause (trigger),334,capability_limit,capability_limit
root_cause (trigger),335,capability_limit,capability_limit
root_cause (trigger),336,knowledge_gap,knowledge_gap
root_cause (trigger),337,false_premise,false_premise
root_cause (trigger),338,other,other
root_cause (trigger),339,spec_neglect,spec_neglect
root_cause (trigger),340,capability_limit,capability_limit
root_cause (trigger),341,knowledge_gap,knowledge_gap
root_cause (trigger),342,spec_neglect,spec_neglect
root_cause (trigger),343,false_premise,false_premise
root_cause (trigger),344,false_premise,capability_limit
root_cause (trigger),345,capability_limit,capability_limit
root_cause (trigger),346,knowledge_gap,knowledge_gap
root_cause (trigger),347,capability_limit,ignored_signal
root_cause (trigger),348,premature_action,premature_action
root_cause (trigger),349,capability_limit,capability_limit
root_cause (trigger),350,misread_output,misread_output
root_cause (trigger),351,false_premise,false_premise
root_cause (trigger),352,environment_obstacle_mishandled,environment_obstacle_mishandled
root_cause (trigger),353,false_premise,false_premise
root_cause (trigger),354,false_premise,false_premise
root_cause (trigger),355,false_premise,false_premise
root_cause (trigger),356,false_premise,false_premise
root_cause (trigger),357,false_premise,false_premise
root_cause (trigger),358,false_premise,false_premise
root_cause (trigger),359,knowledge_gap,knowledge_gap
root_cause (trigger),360,knowledge_gap,knowledge_gap
root_cause (trigger),361,environment_obstacle_mishandled,environment_obstacle_mishandled
root_cause (trigger),362,false_premise,false_premise
root_cause (trigger),363,knowledge_gap,knowledge_gap
root_cause (trigger),364,misread_output,misread_output
root_cause (trigger),365,false_premise,ignored_signal
root_cause (trigger),366,knowledge_gap,knowledge_gap
root_cause (trigger),367,false_premise,false_premise
root_cause (trigger),368,environment_obstacle_mishandled,environment_obstacle_mishandled
root_cause (trigger),369,false_premise,false_premise
root_cause (trigger),370,false_premise,false_premise
root_cause (trigger),371,misread_output,other
root_cause (trigger),372,false_premise,false_premise
root_cause (trigger),373,misread_output,misread_output
root_cause (trigger),374,false_premise,false_premise
root_cause (trigger),375,misread_output,false_premise
root_cause (trigger),376,misread_output,misread_output
root_cause (trigger),377,environment_obstacle_mishandled,false_premise
root_cause (trigger),378,false_premise,false_premise
root_cause (trigger),379,misread_output,misread_output
root_cause (trigger),380,false_premise,false_premise
root_cause (trigger),381,false_premise,false_premise
root_cause (trigger),382,false_premise,false_premise
root_cause (trigger),383,misread_output,misread_output
root_cause (trigger),384,environment_obstacle_mishandled,environment_obstacle_mishandled
root_cause (trigger),385,false_premise,false_premise
root_cause (trigger),386,false_premise,false_premise
root_cause (trigger),387,capability_limit,capability_limit
root_cause (trigger),388,capability_limit,capability_limit
root_cause (trigger),389,capability_limit,capability_limit
root_cause (trigger),390,capability_limit,capability_limit
root_cause (trigger),391,other,other
root_cause (trigger),392,capability_limit,capability_limit
root_cause (trigger),393,capability_limit,capability_limit
root_cause (trigger),394,environment_obstacle_mishandled,environment_obstacle_mishandled
root_cause (trigger),395,false_premise,false_premise
root_cause (trigger),396,ignored_signal,ignored_signal
root_cause (trigger),397,spec_neglect,spec_neglect
root_cause (trigger),398,ignored_signal,ignored_signal
root_cause (trigger),399,spec_neglect,spec_neglect
root_cause (trigger),400,other,ignored_signal
root_cause (trigger),401,capability_limit,capability_limit
root_cause (trigger),402,false_premise,false_premise
root_cause (trigger),403,spec_neglect,spec_neglect
root_cause (trigger),404,environment_obstacle_mishandled,environment_obstacle_mishandled
root_cause (trigger),405,knowledge_gap,false_premise
root_cause (trigger),406,false_premise,false_premise
root_cause (trigger),407,environment_obstacle_mishandled,environment_obstacle_mishandled
root_cause (trigger),408,spec_neglect,spec_neglect
root_cause (trigger),409,false_premise,false_premise
root_cause (trigger),410,knowledge_gap,knowledge_gap
root_cause (trigger),411,false_premise,knowledge_gap
root_cause (trigger),412,false_premise,false_premise
root_cause (trigger),413,false_premise,capability_limit
root_cause (trigger),414,capability_limit,capability_limit
root_cause (trigger),415,false_premise,false_premise
root_cause (trigger),416,environment_obstacle_mishandled,environment_obstacle_mishandled
root_cause (trigger),417,knowledge_gap,knowledge_gap
root_cause (trigger),418,misread_output,misread_output
root_cause (trigger),419,premature_action,premature_action
root_cause (trigger),420,false_premise,false_premise
root_cause (trigger),421,false_premise,false_premise
root_cause (trigger),422,capability_limit,capability_limit
root_cause (trigger),423,false_premise,false_premise
root_cause (trigger),424,other,other
root_cause (trigger),425,false_premise,false_premise
root_cause (trigger),426,false_premise,false_premise
root_cause (trigger),427,capability_limit,capability_limit
root_cause (trigger),428,capability_limit,capability_limit
root_cause (trigger),429,spec_neglect,spec_neglect
root_cause (trigger),430,capability_limit,capability_limit
root_cause (trigger),431,spec_neglect,spec_neglect
root_cause (trigger),432,false_premise,false_premise
root_cause (trigger),433,capability_limit,capability_limit
root_cause (trigger),434,false_premise,false_premise
root_cause (trigger),435,false_premise,false_premise
root_cause (trigger),436,knowledge_gap,knowledge_gap
root_cause (trigger),437,false_premise,false_premise
root_cause (trigger),438,capability_limit,capability_limit
root_cause (trigger),439,knowledge_gap,knowledge_gap
root_cause (trigger),440,spec_neglect,spec_neglect
root_cause (trigger),441,spec_neglect,spec_neglect
root_cause (trigger),442,capability_limit,environment_obstacle_mishandled
root_cause (trigger),443,false_premise,false_premise
root_cause (trigger),444,false_premise,false_premise
root_cause (trigger),445,spec_neglect,spec_neglect
root_cause (trigger),446,environment_obstacle_mishandled,environment_obstacle_mishandled
root_cause (trigger),447,knowledge_gap,knowledge_gap
root_cause (trigger),448,capability_limit,capability_limit
root_cause (trigger),449,environment_obstacle_mishandled,environment_obstacle_mishandled
root_cause (trigger),450,environment_obstacle_mishandled,environment_obstacle_mishandled
root_cause (trigger),451,environment_obstacle_mishandled,capability_limit
root_cause (trigger),452,false_premise,false_premise
root_cause (trigger),453,false_premise,false_premise
root_cause (trigger),454,environment_obstacle_mishandled,environment_obstacle_mishandled
root_cause (trigger),455,knowledge_gap,knowledge_gap
root_cause (trigger),456,knowledge_gap,knowledge_gap
root_cause (trigger),457,environment_obstacle_mishandled,environment_obstacle_mishandled
root_cause (trigger),458,environment_obstacle_mishandled,environment_obstacle_mishandled
root_cause (trigger),459,environment_obstacle_mishandled,environment_obstacle_mishandled
root_cause (trigger),460,environment_obstacle_mishandled,environment_obstacle_mishandled
root_cause (trigger),461,knowledge_gap,knowledge_gap
root_cause (trigger),462,false_premise,false_premise
root_cause (trigger),463,environment_obstacle_mishandled,environment_obstacle_mishandled
root_cause (trigger),464,false_premise,false_premise
root_cause (trigger),465,environment_obstacle_mishandled,environment_obstacle_mishandled
root_cause (trigger),466,environment_obstacle_mishandled,environment_obstacle_mishandled
root_cause (trigger),467,knowledge_gap,knowledge_gap
root_cause (trigger),468,ignored_signal,ignored_signal
root_cause (trigger),469,environment_obstacle_mishandled,environment_obstacle_mishandled
root_cause (trigger),470,environment_obstacle_mishandled,environment_obstacle_mishandled
root_cause (trigger),471,capability_limit,capability_limit
root_cause (trigger),472,knowledge_gap,knowledge_gap
root_cause (trigger),473,spec_neglect,spec_neglect
root_cause (trigger),474,spec_neglect,spec_neglect
root_cause (trigger),475,capability_limit,spec_neglect
root_cause (trigger),476,spec_neglect,spec_neglect
root_cause (trigger),477,false_premise,false_premise
root_cause (trigger),478,misread_output,misread_output
root_cause (trigger),479,misread_output,misread_output
root_cause (trigger),480,false_premise,false_premise
root_cause (trigger),481,false_premise,false_premise
root_cause (trigger),482,false_premise,false_premise
root_cause (trigger),483,false_premise,environment_obstacle_mishandled
root_cause (trigger),484,false_premise,spec_neglect
root_cause (trigger),485,false_premise,false_premise
root_cause (trigger),486,false_premise,other
root_cause (trigger),487,false_premise,false_premise
root_cause (trigger),488,false_premise,false_premise
root_cause (trigger),489,spec_neglect,spec_neglect
root_cause (trigger),490,false_premise,false_premise
root_cause (trigger),491,false_premise,false_premise
root_cause (trigger),492,spec_neglect,spec_neglect
root_cause (trigger),493,knowledge_gap,knowledge_gap
root_cause (trigger),494,environment_obstacle_mishandled,environment_obstacle_mishandled
root_cause (trigger),495,ignored_signal,ignored_signal
root_cause (trigger),496,knowledge_gap,knowledge_gap
root_cause (trigger),497,spec_neglect,spec_neglect
root_cause (trigger),498,spec_neglect,environment_obstacle_mishandled
root_cause (trigger),499,spec_neglect,spec_neglect
root_cause (trigger),500,false_premise,false_premise
root_cause (trigger),501,knowledge_gap,knowledge_gap
root_cause (trigger),502,knowledge_gap,false_premise
root_cause (trigger),503,premature_action,premature_action
root_cause (trigger),504,spec_neglect,spec_neglect
root_cause (trigger),505,knowledge_gap,knowledge_gap
root_cause (trigger),506,premature_action,premature_action
root_cause (trigger),507,knowledge_gap,environment_obstacle_mishandled
root_cause (trigger),508,knowledge_gap,knowledge_gap
root_cause (trigger),509,knowledge_gap,knowledge_gap
root_cause (trigger),510,spec_neglect,spec_neglect
root_cause (trigger),511,knowledge_gap,knowledge_gap
root_cause (trigger),512,false_premise,false_premise
root_cause (trigger),513,false_premise,false_premise
root_cause (trigger),514,knowledge_gap,other
root_cause (trigger),515,knowledge_gap,knowledge_gap
root_cause (trigger),516,spec_neglect,spec_neglect
root_cause (trigger),517,ignored_signal,ignored_signal
root_cause (trigger),518,capability_limit,capability_limit
root_cause (trigger),519,false_premise,false_premise
root_cause (trigger),520,environment_obstacle_mishandled,environment_obstacle_mishandled
root_cause (trigger),521,knowledge_gap,knowledge_gap
root_cause (trigger),522,knowledge_gap,capability_limit
root_cause (trigger),523,false_premise,false_premise
root_cause (trigger),524,knowledge_gap,knowledge_gap
root_cause (trigger),525,false_premise,false_premise
root_cause (trigger),526,false_premise,false_premise
root_cause (trigger),527,knowledge_gap,knowledge_gap
root_cause (trigger),528,false_premise,false_premise
root_cause (trigger),529,spec_neglect,other
root_cause (trigger),530,false_premise,other
root_cause (trigger),531,spec_neglect,spec_neglect
root_cause (trigger),532,spec_neglect,spec_neglect
root_cause (trigger),533,spec_neglect,spec_neglect
root_cause (trigger),534,spec_neglect,spec_neglect
root_cause (trigger),535,spec_neglect,environment_obstacle_mishandled
root_cause (trigger),536,spec_neglect,spec_neglect
root_cause (trigger),537,spec_neglect,spec_neglect
root_cause (trigger),538,capability_limit,capability_limit
root_cause (trigger),539,capability_limit,capability_limit
root_cause (trigger),540,false_premise,other
root_cause (trigger),541,spec_neglect,spec_neglect
root_cause (trigger),542,spec_neglect,spec_neglect
root_cause (trigger),543,spec_neglect,spec_neglect
root_cause (trigger),544,false_premise,false_premise
root_cause (trigger),545,environment_obstacle_mishandled,environment_obstacle_mishandled
root_cause (trigger),546,false_premise,false_premise
root_cause (trigger),547,spec_neglect,spec_neglect
root_cause (trigger),548,capability_limit,capability_limit
root_cause (trigger),549,environment_obstacle_mishandled,environment_obstacle_mishandled
root_cause (trigger),550,knowledge_gap,knowledge_gap
root_cause (trigger),551,false_premise,false_premise
root_cause (trigger),552,false_premise,false_premise
root_cause (trigger),553,false_premise,false_premise
root_cause (trigger),554,knowledge_gap,knowledge_gap
root_cause (trigger),555,false_premise,false_premise
root_cause (trigger),556,false_premise,false_premise
root_cause (trigger),557,knowledge_gap,knowledge_gap
root_cause (trigger),558,knowledge_gap,knowledge_gap
root_cause (trigger),559,false_premise,false_premise
root_cause (trigger),560,misread_output,misread_output
root_cause (trigger),561,false_premise,false_premise
root_cause (trigger),562,knowledge_gap,knowledge_gap
root_cause (trigger),563,spec_neglect,spec_neglect
root_cause (trigger),564,knowledge_gap,knowledge_gap
root_cause (trigger),565,knowledge_gap,knowledge_gap
root_cause (trigger),566,knowledge_gap,knowledge_gap
root_cause (trigger),567,capability_limit,capability_limit
root_cause (trigger),568,misread_output,misread_output
root_cause (trigger),569,false_premise,false_premise
root_cause (trigger),570,false_premise,false_premise
root_cause (trigger),571,environment_obstacle_mishandled,environment_obstacle_mishandled
root_cause (trigger),572,capability_limit,capability_limit
root_cause (trigger),573,knowledge_gap,knowledge_gap
root_cause (trigger),574,capability_limit,capability_limit
root_cause (trigger),575,false_premise,false_premise
root_cause (trigger),576,spec_neglect,spec_neglect
root_cause (trigger),577,false_premise,knowledge_gap
root_cause (trigger),578,knowledge_gap,knowledge_gap
root_cause (trigger),579,knowledge_gap,knowledge_gap
root_cause (trigger),580,environment_obstacle_mishandled,environment_obstacle_mishandled
root_cause (trigger),581,environment_obstacle_mishandled,environment_obstacle_mishandled
root_cause (trigger),582,false_premise,false_premise
root_cause (trigger),583,knowledge_gap,knowledge_gap
root_cause (trigger),584,knowledge_gap,knowledge_gap
root_cause (trigger),585,premature_action,premature_action
root_cause (trigger),586,capability_limit,capability_limit
root_cause (trigger),587,knowledge_gap,knowledge_gap
root_cause (trigger),588,misread_output,misread_output
root_cause (trigger),589,ignored_signal,ignored_signal
root_cause (trigger),590,premature_action,premature_action
root_cause (trigger),591,knowledge_gap,knowledge_gap
root_cause (trigger),592,environment_obstacle_mishandled,environment_obstacle_mishandled
root_cause (trigger),593,knowledge_gap,knowledge_gap
root_cause (trigger),594,knowledge_gap,knowledge_gap
root_cause (trigger),595,spec_neglect,spec_neglect
root_cause (trigger),596,false_premise,capability_limit
root_cause (trigger),597,false_premise,false_premise
root_cause (trigger),598,environment_obstacle_mishandled,environment_obstacle_mishandled
root_cause (trigger),599,other,other
root_cause (trigger),600,spec_neglect,spec_neglect
root_cause (trigger),601,spec_neglect,spec_neglect
root_cause (trigger),602,capability_limit,capability_limit
root_cause (trigger),603,spec_neglect,spec_neglect
root_cause (trigger),604,misread_output,misread_output
root_cause (trigger),605,false_premise,other
root_cause (trigger),606,false_premise,false_premise
root_cause (trigger),607,false_premise,false_premise
root_cause (trigger),608,capability_limit,other
root_cause (trigger),609,false_premise,false_premise
root_cause (trigger),610,false_premise,false_premise
root_cause (trigger),611,false_premise,false_premise
root_cause (trigger),612,knowledge_gap,knowledge_gap
root_cause (trigger),613,knowledge_gap,knowledge_gap
root_cause (trigger),614,spec_neglect,spec_neglect
root_cause (trigger),615,spec_neglect,spec_neglect
root_cause (trigger),616,false_premise,false_premise
root_cause (trigger),617,false_premise,false_premise
root_cause (trigger),618,spec_neglect,spec_neglect
root_cause (trigger),619,premature_action,environment_obstacle_mishandled
root_cause (trigger),620,knowledge_gap,knowledge_gap
root_cause (trigger),621,false_premise,false_premise
root_cause (trigger),622,spec_neglect,spec_neglect
root_cause (trigger),623,false_premise,spec_neglect
root_cause (trigger),624,false_premise,false_premise
root_cause (trigger),625,capability_limit,capability_limit
root_cause (trigger),626,knowledge_gap,knowledge_gap
root_cause (trigger),627,spec_neglect,spec_neglect
root_cause (trigger),628,false_premise,false_premise
root_cause (trigger),629,knowledge_gap,knowledge_gap
root_cause (trigger),630,false_premise,false_premise
root_cause (trigger),631,spec_neglect,spec_neglect
root_cause (trigger),632,environment_obstacle_mishandled,environment_obstacle_mishandled
root_cause (trigger),633,knowledge_gap,knowledge_gap
root_cause (trigger),634,environment_obstacle_mishandled,environment_obstacle_mishandled
root_cause (trigger),635,false_premise,false_premise
root_cause (trigger),636,false_premise,false_premise
root_cause (trigger),637,knowledge_gap,knowledge_gap
root_cause (trigger),638,false_premise,false_premise
root_cause (trigger),639,knowledge_gap,knowledge_gap
root_cause (trigger),640,false_premise,environment_obstacle_mishandled
root_cause (trigger),641,false_premise,false_premise
root_cause (trigger),642,false_premise,other
root_cause (trigger),643,environment_obstacle_mishandled,environment_obstacle_mishandled
root_cause (trigger),644,spec_neglect,spec_neglect
root_cause (trigger),645,false_premise,false_premise
root_cause (trigger),646,premature_action,premature_action
root_cause (trigger),647,false_premise,capability_limit
root_cause (trigger),648,false_premise,false_premise
root_cause (trigger),649,false_premise,ignored_signal
root_cause (trigger),650,false_premise,false_premise
root_cause (trigger),651,false_premise,false_premise
root_cause (trigger),652,false_premise,false_premise
root_cause (trigger),653,false_premise,false_premise
root_cause (trigger),654,premature_action,premature_action
root_cause (trigger),655,knowledge_gap,false_premise
root_cause (trigger),656,spec_neglect,spec_neglect
root_cause (trigger),657,false_premise,false_premise
root_cause (trigger),658,spec_neglect,spec_neglect
root_cause (trigger),659,spec_neglect,spec_neglect
root_cause (trigger),660,knowledge_gap,knowledge_gap
root_cause (trigger),661,environment_obstacle_mishandled,environment_obstacle_mishandled
root_cause (trigger),662,spec_neglect,false_premise
root_cause (trigger),663,spec_neglect,spec_neglect
root_cause (trigger),664,spec_neglect,environment_obstacle_mishandled
root_cause (trigger),665,spec_neglect,knowledge_gap
root_cause (trigger),666,spec_neglect,ignored_signal
root_cause (trigger),667,environment_obstacle_mishandled,environment_obstacle_mishandled
root_cause (trigger),668,knowledge_gap,knowledge_gap
root_cause (trigger),669,spec_neglect,spec_neglect
root_cause (trigger),670,false_premise,false_premise
root_cause (trigger),671,capability_limit,capability_limit
root_cause (trigger),672,knowledge_gap,knowledge_gap
root_cause (trigger),673,knowledge_gap,knowledge_gap
root_cause (trigger),674,false_premise,spec_neglect
root_cause (trigger),675,environment_obstacle_mishandled,environment_obstacle_mishandled
root_cause (trigger),676,knowledge_gap,knowledge_gap
root_cause (trigger),677,spec_neglect,spec_neglect
root_cause (trigger),678,environment_obstacle_mishandled,environment_obstacle_mishandled
root_cause (trigger),679,knowledge_gap,knowledge_gap
root_cause (trigger),680,knowledge_gap,knowledge_gap
root_cause (trigger),681,knowledge_gap,knowledge_gap
root_cause (trigger),682,knowledge_gap,knowledge_gap
root_cause (trigger),683,knowledge_gap,knowledge_gap
root_cause (trigger),684,knowledge_gap,knowledge_gap
root_cause (trigger),685,environment_obstacle_mishandled,environment_obstacle_mishandled
root_cause (trigger),686,false_premise,false_premise
root_cause (trigger),687,environment_obstacle_mishandled,environment_obstacle_mishandled
root_cause (trigger),688,knowledge_gap,knowledge_gap
root_cause (trigger),689,spec_neglect,spec_neglect
root_cause (trigger),690,knowledge_gap,knowledge_gap
root_cause (trigger),691,knowledge_gap,knowledge_gap
root_cause (trigger),692,knowledge_gap,environment_obstacle_mishandled
root_cause (trigger),693,knowledge_gap,knowledge_gap
root_cause (trigger),694,knowledge_gap,environment_obstacle_mishandled
root_cause (trigger),695,knowledge_gap,knowledge_gap
root_cause (trigger),696,knowledge_gap,knowledge_gap
root_cause (trigger),697,false_premise,false_premise
root_cause (trigger),698,capability_limit,capability_limit
root_cause (trigger),699,spec_neglect,spec_neglect
root_cause (trigger),700,false_premise,false_premise
root_cause (trigger),701,knowledge_gap,knowledge_gap
root_cause (trigger),702,knowledge_gap,knowledge_gap
root_cause (trigger),703,ignored_signal,ignored_signal
root_cause (trigger),704,ignored_signal,ignored_signal
root_cause (trigger),705,spec_neglect,spec_neglect
root_cause (trigger),706,false_premise,false_premise
root_cause (trigger),707,knowledge_gap,knowledge_gap
root_cause (trigger),708,spec_neglect,spec_neglect
root_cause (trigger),709,false_premise,false_premise
root_cause (trigger),710,false_premise,false_premise
root_cause (trigger),711,false_premise,false_premise
root_cause (trigger),712,spec_neglect,spec_neglect
root_cause (trigger),713,knowledge_gap,knowledge_gap
root_cause (trigger),714,spec_neglect,spec_neglect
root_cause (trigger),715,spec_neglect,spec_neglect
root_cause (trigger),716,spec_neglect,spec_neglect
root_cause (trigger),717,knowledge_gap,knowledge_gap
root_cause (trigger),718,spec_neglect,spec_neglect
root_cause (trigger),719,environment_obstacle_mishandled,environment_obstacle_mishandled
root_cause (trigger),720,environment_obstacle_mishandled,environment_obstacle_mishandled
root_cause (trigger),721,false_premise,false_premise
root_cause (trigger),722,capability_limit,capability_limit
root_cause (trigger),723,environment_obstacle_mishandled,environment_obstacle_mishandled
root_cause (trigger),724,knowledge_gap,knowledge_gap
root_cause (trigger),725,environment_obstacle_mishandled,knowledge_gap
root_cause (trigger),726,environment_obstacle_mishandled,environment_obstacle_mishandled
root_cause (trigger),727,knowledge_gap,knowledge_gap
root_cause (trigger),728,ignored_signal,ignored_signal
root_cause (trigger),729,ignored_signal,ignored_signal
root_cause (trigger),730,knowledge_gap,knowledge_gap
root_cause (trigger),731,capability_limit,capability_limit
root_cause (trigger),732,false_premise,false_premise
root_cause (trigger),733,false_premise,false_premise
root_cause (trigger),734,misread_output,misread_output
root_cause (trigger),735,false_premise,false_premise
root_cause (trigger),736,false_premise,false_premise
root_cause (trigger),737,premature_action,knowledge_gap
root_cause (trigger),738,false_premise,false_premise
root_cause (trigger),739,false_premise,false_premise
root_cause (trigger),740,spec_neglect,spec_neglect
root_cause (trigger),741,spec_neglect,spec_neglect
root_cause (trigger),742,false_premise,false_premise
root_cause (trigger),743,false_premise,false_premise
root_cause (trigger),744,false_premise,premature_action
root_cause (trigger),745,false_premise,false_premise
root_cause (trigger),746,false_premise,false_premise
root_cause (trigger),747,false_premise,false_premise
root_cause (trigger),748,knowledge_gap,other
root_cause (trigger),749,misread_output,misread_output
root_cause (trigger),750,false_premise,false_premise
root_cause (trigger),751,capability_limit,capability_limit
root_cause (trigger),752,false_premise,false_premise
root_cause (trigger),753,ignored_signal,ignored_signal
root_cause (trigger),754,false_premise,false_premise
root_cause (trigger),755,knowledge_gap,knowledge_gap
root_cause (trigger),756,false_premise,false_premise
root_cause (trigger),757,false_premise,false_premise
root_cause (trigger),758,false_premise,false_premise
root_cause (trigger),759,false_premise,false_premise
root_cause (trigger),760,false_premise,false_premise
root_cause (trigger),761,false_premise,false_premise
root_cause (trigger),762,false_premise,false_premise
root_cause (trigger),763,false_premise,false_premise
root_cause (trigger),764,premature_action,premature_action
root_cause (trigger),765,knowledge_gap,ignored_signal
root_cause (trigger),766,ignored_signal,ignored_signal
root_cause (trigger),767,false_premise,false_premise
root_cause (trigger),768,false_premise,false_premise
root_cause (trigger),769,false_premise,false_premise
root_cause (trigger),770,false_premise,false_premise
root_cause (trigger),771,ignored_signal,ignored_signal
root_cause (trigger),772,false_premise,other
root_cause (trigger),773,false_premise,false_premise
root_cause (trigger),774,false_premise,false_premise
root_cause (trigger),775,false_premise,false_premise
root_cause (trigger),776,knowledge_gap,knowledge_gap
root_cause (trigger),777,knowledge_gap,knowledge_gap
root_cause (trigger),778,false_premise,ignored_signal
root_cause (trigger),779,false_premise,false_premise
root_cause (trigger),780,false_premise,spec_neglect
root_cause (trigger),781,false_premise,false_premise
root_cause (trigger),782,knowledge_gap,knowledge_gap
root_cause (trigger),783,ignored_signal,ignored_signal
root_cause (trigger),784,knowledge_gap,knowledge_gap
root_cause (trigger),785,knowledge_gap,knowledge_gap
root_cause (trigger),786,knowledge_gap,knowledge_gap
root_cause (trigger),787,knowledge_gap,knowledge_gap
root_cause (trigger),788,ignored_signal,ignored_signal
root_cause (trigger),789,knowledge_gap,knowledge_gap
root_cause (trigger),790,misread_output,misread_output
root_cause (trigger),791,false_premise,environment_obstacle_mishandled
root_cause (trigger),792,false_premise,false_premise
root_cause (trigger),793,misread_output,misread_output
root_cause (trigger),794,misread_output,misread_output
root_cause (trigger),795,knowledge_gap,knowledge_gap
root_cause (trigger),796,ignored_signal,ignored_signal
root_cause (trigger),797,environment_obstacle_mishandled,environment_obstacle_mishandled
root_cause (trigger),798,knowledge_gap,knowledge_gap
root_cause (trigger),799,knowledge_gap,knowledge_gap
root_cause (trigger),800,false_premise,false_premise
root_cause (trigger),801,spec_neglect,spec_neglect
root_cause (trigger),802,misread_output,misread_output
root_cause (trigger),803,false_premise,false_premise
root_cause (trigger),804,other,other
root_cause (trigger),805,spec_neglect,spec_neglect
root_cause (trigger),806,false_premise,false_premise
root_cause (trigger),807,false_premise,false_premise
root_cause (trigger),808,false_premise,false_premise
root_cause (trigger),809,knowledge_gap,knowledge_gap
root_cause (trigger),810,false_premise,spec_neglect
root_cause (trigger),811,other,other
root_cause (trigger),812,knowledge_gap,knowledge_gap
root_cause (trigger),813,knowledge_gap,knowledge_gap
root_cause (trigger),814,knowledge_gap,environment_obstacle_mishandled
root_cause (trigger),815,spec_neglect,premature_action
root_cause (trigger),816,false_premise,false_premise
root_cause (trigger),817,false_premise,false_premise
root_cause (trigger),818,spec_neglect,spec_neglect
root_cause (trigger),819,spec_neglect,spec_neglect
root_cause (trigger),820,false_premise,premature_action
root_cause (trigger),821,capability_limit,capability_limit
root_cause (trigger),822,capability_limit,other
root_cause (trigger),823,spec_neglect,ignored_signal
root_cause (trigger),824,knowledge_gap,knowledge_gap
root_cause (trigger),825,capability_limit,capability_limit
root_cause (trigger),826,knowledge_gap,knowledge_gap
root_cause (trigger),827,ignored_signal,false_premise
root_cause (trigger),828,knowledge_gap,knowledge_gap
root_cause (trigger),829,spec_neglect,knowledge_gap
root_cause (trigger),830,false_premise,false_premise
root_cause (trigger),831,false_premise,false_premise
root_cause (trigger),832,capability_limit,capability_limit
root_cause (trigger),833,spec_neglect,spec_neglect
root_cause (trigger),834,spec_neglect,ignored_signal
root_cause (trigger),835,knowledge_gap,knowledge_gap
root_cause (trigger),836,capability_limit,capability_limit
root_cause (trigger),837,spec_neglect,spec_neglect
root_cause (trigger),838,spec_neglect,spec_neglect
root_cause (trigger),839,false_premise,false_premise
root_cause (trigger),840,false_premise,false_premise
root_cause (trigger),841,premature_action,premature_action
root_cause (trigger),842,environment_obstacle_mishandled,environment_obstacle_mishandled
root_cause (trigger),843,environment_obstacle_mishandled,environment_obstacle_mishandled
root_cause (trigger),844,false_premise,misread_output
root_cause (trigger),845,environment_obstacle_mishandled,environment_obstacle_mishandled
root_cause (trigger),846,misread_output,misread_output
root_cause (trigger),847,spec_neglect,other
root_cause (trigger),848,knowledge_gap,knowledge_gap
root_cause (trigger),849,false_premise,misread_output
root_cause (trigger),850,environment_obstacle_mishandled,environment_obstacle_mishandled
root_cause (trigger),851,environment_obstacle_mishandled,environment_obstacle_mishandled
root_cause (trigger),852,spec_neglect,spec_neglect
root_cause (trigger),853,false_premise,false_premise
root_cause (trigger),854,false_premise,false_premise
root_cause (trigger),855,environment_obstacle_mishandled,environment_obstacle_mishandled
root_cause (trigger),856,knowledge_gap,knowledge_gap
root_cause (trigger),857,spec_neglect,spec_neglect
root_cause (trigger),858,false_premise,false_premise
root_cause (trigger),859,knowledge_gap,spec_neglect
root_cause (trigger),860,capability_limit,capability_limit
root_cause (trigger),861,capability_limit,capability_limit
root_cause (trigger),862,knowledge_gap,misread_output
root_cause (trigger),863,ignored_signal,ignored_signal
root_cause (trigger),864,knowledge_gap,knowledge_gap
root_cause (trigger),865,premature_action,premature_action
root_cause (trigger),866,knowledge_gap,knowledge_gap
root_cause (trigger),867,premature_action,environment_obstacle_mishandled
root_cause (trigger),868,false_premise,spec_neglect
root_cause (trigger),869,misread_output,other
root_cause (trigger),870,knowledge_gap,knowledge_gap
root_cause (trigger),871,false_premise,false_premise
root_cause (trigger),872,capability_limit,capability_limit
root_cause (trigger),873,misread_output,ignored_signal
root_cause (trigger),874,capability_limit,capability_limit
root_cause (trigger),875,misread_output,misread_output
root_cause (trigger),876,spec_neglect,spec_neglect
root_cause (trigger),877,spec_neglect,spec_neglect
root_cause (trigger),878,spec_neglect,spec_neglect
root_cause (trigger),879,spec_neglect,spec_neglect
root_cause (trigger),880,false_premise,false_premise
root_cause (trigger),881,spec_neglect,spec_neglect
root_cause (trigger),882,spec_neglect,other
root_cause (trigger),883,spec_neglect,spec_neglect
root_cause (trigger),884,spec_neglect,spec_neglect
root_cause (trigger),885,knowledge_gap,knowledge_gap
root_cause (trigger),886,misread_output,misread_output
root_cause (trigger),887,spec_neglect,ignored_signal
root_cause (trigger),888,spec_neglect,spec_neglect
root_cause (trigger),889,spec_neglect,spec_neglect
root_cause (trigger),890,spec_neglect,spec_neglect
root_cause (trigger),891,premature_action,premature_action
root_cause (trigger),892,spec_neglect,spec_neglect
root_cause (trigger),893,spec_neglect,spec_neglect
root_cause (trigger),894,spec_neglect,spec_neglect
root_cause (trigger),895,spec_neglect,spec_neglect
root_cause (trigger),896,spec_neglect,knowledge_gap
root_cause (trigger),897,capability_limit,capability_limit
root_cause (trigger),898,false_premise,false_premise
root_cause (trigger),899,false_premise,false_premise
root_cause (trigger),900,false_premise,false_premise
root_cause (trigger),901,capability_limit,capability_limit
root_cause (trigger),902,spec_neglect,other
root_cause (trigger),903,false_premise,knowledge_gap
root_cause (trigger),904,capability_limit,capability_limit
root_cause (trigger),905,false_premise,false_premise
root_cause (trigger),906,false_premise,false_premise
root_cause (trigger),907,knowledge_gap,knowledge_gap
root_cause (trigger),908,knowledge_gap,knowledge_gap
root_cause (trigger),909,false_premise,false_premise
root_cause (trigger),910,knowledge_gap,capability_limit
root_cause (trigger),911,knowledge_gap,knowledge_gap
root_cause (trigger),912,false_premise,false_premise
root_cause (trigger),913,false_premise,false_premise
root_cause (trigger),914,false_premise,false_premise
root_cause (trigger),915,false_premise,false_premise
root_cause (trigger),916,spec_neglect,spec_neglect
root_cause (trigger),917,knowledge_gap,knowledge_gap
root_cause (trigger),918,knowledge_gap,knowledge_gap
root_cause (trigger),919,ignored_signal,ignored_signal
root_cause (trigger),920,false_premise,false_premise
root_cause (trigger),921,knowledge_gap,knowledge_gap
root_cause (trigger),922,spec_neglect,spec_neglect
root_cause (trigger),923,false_premise,false_premise
root_cause (trigger),924,capability_limit,capability_limit
root_cause (trigger),925,spec_neglect,spec_neglect
root_cause (trigger),926,false_premise,false_premise
root_cause (trigger),927,spec_neglect,spec_neglect
root_cause (trigger),928,spec_neglect,false_premise
root_cause (trigger),929,spec_neglect,spec_neglect
root_cause (trigger),930,misread_output,misread_output
root_cause (trigger),931,spec_neglect,spec_neglect
root_cause (trigger),932,spec_neglect,spec_neglect
root_cause (trigger),933,spec_neglect,spec_neglect
root_cause (trigger),934,false_premise,false_premise
root_cause (trigger),935,spec_neglect,spec_neglect
root_cause (trigger),936,spec_neglect,spec_neglect
root_cause (trigger),937,spec_neglect,spec_neglect
root_cause (trigger),938,premature_action,premature_action
root_cause (trigger),939,capability_limit,capability_limit
root_cause (trigger),940,spec_neglect,spec_neglect
root_cause (trigger),941,spec_neglect,spec_neglect
root_cause (trigger),942,knowledge_gap,knowledge_gap
root_cause (trigger),943,knowledge_gap,knowledge_gap
root_cause (trigger),944,spec_neglect,spec_neglect
root_cause (trigger),945,premature_action,premature_action
root_cause (trigger),946,environment_obstacle_mishandled,environment_obstacle_mishandled
root_cause (trigger),947,capability_limit,capability_limit
root_cause (trigger),948,ignored_signal,ignored_signal
root_cause (trigger),949,spec_neglect,spec_neglect
root_cause (trigger),950,spec_neglect,spec_neglect
root_cause (trigger),951,capability_limit,premature_action
root_cause (trigger),952,knowledge_gap,knowledge_gap
root_cause (trigger),953,capability_limit,capability_limit
root_cause (trigger),954,capability_limit,capability_limit
root_cause (trigger),955,capability_limit,capability_limit
root_cause (trigger),956,misread_output,false_premise
root_cause (trigger),957,spec_neglect,spec_neglect
root_cause (trigger),958,environment_obstacle_mishandled,environment_obstacle_mishandled
root_cause (trigger),959,capability_limit,capability_limit
root_cause (trigger),960,spec_neglect,spec_neglect
root_cause (trigger),961,spec_neglect,spec_neglect
root_cause (trigger),962,spec_neglect,spec_neglect
root_cause (trigger),963,knowledge_gap,knowledge_gap
root_cause (trigger),964,knowledge_gap,knowledge_gap
root_cause (trigger),965,capability_limit,capability_limit
root_cause (trigger),966,knowledge_gap,knowledge_gap
root_cause (trigger),967,knowledge_gap,knowledge_gap
root_cause (trigger),968,capability_limit,capability_limit
root_cause (trigger),969,false_premise,false_premise
root_cause (trigger),970,capability_limit,capability_limit
root_cause (trigger),971,capability_limit,capability_limit
root_cause (trigger),972,false_premise,false_premise
root_cause (trigger),973,false_premise,false_premise
root_cause (trigger),974,false_premise,false_premise
root_cause (trigger),975,knowledge_gap,environment_obstacle_mishandled
root_cause (trigger),976,knowledge_gap,knowledge_gap
root_cause (trigger),977,environment_obstacle_mishandled,environment_obstacle_mishandled
root_cause (trigger),978,knowledge_gap,knowledge_gap
root_cause (trigger),979,false_premise,false_premise
root_cause (trigger),980,false_premise,false_premise
root_cause (trigger),981,environment_obstacle_mishandled,false_premise
root_cause (trigger),982,environment_obstacle_mishandled,environment_obstacle_mishandled
root_cause (trigger),983,false_premise,false_premise
root_cause (trigger),984,environment_obstacle_mishandled,environment_obstacle_mishandled
root_cause (trigger),985,spec_neglect,spec_neglect
root_cause (trigger),986,false_premise,false_premise
root_cause (trigger),987,spec_neglect,ignored_signal
root_cause (trigger),988,environment_obstacle_mishandled,other
root_cause (trigger),989,spec_neglect,spec_neglect
root_cause (trigger),990,environment_obstacle_mishandled,environment_obstacle_mishandled
root_cause (trigger),991,knowledge_gap,knowledge_gap
root_cause (trigger),992,false_premise,false_premise
root_cause (trigger),993,environment_obstacle_mishandled,environment_obstacle_mishandled
root_cause (trigger),994,false_premise,false_premise
root_cause (trigger),995,premature_action,premature_action
root_cause (trigger),996,misread_output,misread_output
root_cause (trigger),997,false_premise,false_premise
root_cause (trigger),998,knowledge_gap,knowledge_gap
root_cause (trigger),999,false_premise,false_premise
root_cause (trigger),1000,capability_limit,capability_limit
root_cause (trigger),1001,ignored_signal,ignored_signal
root_cause (trigger),1002,misread_output,misread_output
root_cause (trigger),1003,knowledge_gap,knowledge_gap
root_cause (trigger),1004,knowledge_gap,knowledge_gap
root_cause (trigger),1005,knowledge_gap,knowledge_gap
root_cause (trigger),1006,knowledge_gap,knowledge_gap
root_cause (trigger),1007,knowledge_gap,knowledge_gap
root_cause (trigger),1008,knowledge_gap,knowledge_gap
root_cause (trigger),1009,capability_limit,capability_limit
root_cause (trigger),1010,knowledge_gap,knowledge_gap
root_cause (trigger),1011,ignored_signal,spec_neglect
root_cause (trigger),1012,false_premise,false_premise
root_cause (trigger),1013,misread_output,misread_output
root_cause (trigger),1014,ignored_signal,ignored_signal
root_cause (trigger),1015,misread_output,misread_output
root_cause (trigger),1016,knowledge_gap,knowledge_gap
root_cause (trigger),1017,knowledge_gap,knowledge_gap
root_cause (trigger),1018,misread_output,misread_output
root_cause (trigger),1019,capability_limit,capability_limit
root_cause (trigger),1020,knowledge_gap,knowledge_gap
root_cause (trigger),1021,knowledge_gap,knowledge_gap
root_cause (trigger),1022,environment_obstacle_mishandled,environment_obstacle_mishandled
root_cause (trigger),1023,capability_limit,capability_limit
root_cause (trigger),1024,premature_action,premature_action
root_cause (trigger),1025,false_premise,false_premise
root_cause (trigger),1026,knowledge_gap,knowledge_gap
root_cause (trigger),1027,premature_action,capability_limit
root_cause (trigger),1028,knowledge_gap,knowledge_gap
root_cause (trigger),1029,knowledge_gap,misread_output
root_cause (trigger),1030,knowledge_gap,knowledge_gap
root_cause (trigger),1031,environment_obstacle_mishandled,environment_obstacle_mishandled
root_cause (trigger),1032,false_premise,false_premise
root_cause (trigger),1033,knowledge_gap,other
root_cause (trigger),1034,environment_obstacle_mishandled,environment_obstacle_mishandled
root_cause (trigger),1035,false_premise,false_premise
root_cause (trigger),1036,false_premise,false_premise
root_cause (trigger),1037,environment_obstacle_mishandled,spec_neglect
root_cause (trigger),1038,environment_obstacle_mishandled,environment_obstacle_mishandled
root_cause (trigger),1039,ignored_signal,ignored_signal
root_cause (trigger),1040,false_premise,environment_obstacle_mishandled
root_cause (trigger),1041,environment_obstacle_mishandled,environment_obstacle_mishandled
root_cause (trigger),1042,knowledge_gap,knowledge_gap
root_cause (trigger),1043,knowledge_gap,environment_obstacle_mishandled
root_cause (trigger),1044,knowledge_gap,knowledge_gap
root_cause (trigger),1045,knowledge_gap,knowledge_gap
root_cause (trigger),1046,environment_obstacle_mishandled,environment_obstacle_mishandled
root_cause (trigger),1047,knowledge_gap,capability_limit
root_cause (trigger),1048,knowledge_gap,knowledge_gap
root_cause (trigger),1049,capability_limit,capability_limit
root_cause (trigger),1050,knowledge_gap,spec_neglect
root_cause (trigger),1051,environment_obstacle_mishandled,environment_obstacle_mishandled
root_cause (trigger),1052,knowledge_gap,premature_action
root_cause (trigger),1053,knowledge_gap,spec_neglect
root_cause (trigger),1054,spec_neglect,spec_neglect
root_cause (trigger),1055,false_premise,false_premise
root_cause (trigger),1056,knowledge_gap,knowledge_gap
root_cause (trigger),1057,spec_neglect,spec_neglect
root_cause (trigger),1058,spec_neglect,spec_neglect
root_cause (trigger),1059,capability_limit,capability_limit
root_cause (trigger),1060,spec_neglect,spec_neglect
root_cause (trigger),1061,misread_output,misread_output
root_cause (trigger),1062,ignored_signal,ignored_signal
root_cause (trigger),1063,knowledge_gap,knowledge_gap
root_cause (trigger),1064,capability_limit,capability_limit
root_cause (trigger),1065,spec_neglect,spec_neglect
root_cause (trigger),1066,environment_obstacle_mishandled,environment_obstacle_mishandled
root_cause (trigger),1067,environment_obstacle_mishandled,false_premise
root_cause (trigger),1068,premature_action,premature_action
root_cause (trigger),1069,capability_limit,capability_limit
root_cause (trigger),1070,false_premise,false_premise
root_cause (trigger),1071,false_premise,false_premise
root_cause (trigger),1072,capability_limit,capability_limit
root_cause (trigger),1073,knowledge_gap,knowledge_gap
root_cause (trigger),1074,knowledge_gap,knowledge_gap
root_cause (trigger),1075,knowledge_gap,knowledge_gap
root_cause (trigger),1076,false_premise,false_premise
root_cause (trigger),1077,false_premise,knowledge_gap
root_cause (trigger),1078,ignored_signal,capability_limit
root_cause (trigger),1079,capability_limit,capability_limit
root_cause (trigger),1080,knowledge_gap,knowledge_gap
root_cause (trigger),1081,ignored_signal,ignored_signal
root_cause (trigger),1082,knowledge_gap,false_premise
root_cause (trigger),1083,false_premise,ignored_signal
root_cause (trigger),1084,knowledge_gap,knowledge_gap
root_cause (trigger),1085,capability_limit,false_premise
root_cause (trigger),1086,false_premise,false_premise
root_cause (trigger),1087,capability_limit,capability_limit
root_cause (trigger),1088,knowledge_gap,knowledge_gap
root_cause (trigger),1089,false_premise,false_premise
root_cause (trigger),1090,knowledge_gap,spec_neglect
root_cause (trigger),1091,knowledge_gap,knowledge_gap
root_cause (trigger),1092,spec_neglect,spec_neglect
root_cause (trigger),1093,knowledge_gap,knowledge_gap
root_cause (trigger),1094,knowledge_gap,knowledge_gap
root_cause (trigger),1095,false_premise,other
root_cause (trigger),1096,ignored_signal,ignored_signal
root_cause (trigger),1097,knowledge_gap,knowledge_gap
root_cause (trigger),1098,knowledge_gap,knowledge_gap
root_cause (trigger),1099,false_premise,false_premise
root_cause (trigger),1100,false_premise,false_premise
root_cause (trigger),1101,capability_limit,capability_limit
root_cause (trigger),1102,misread_output,misread_output
root_cause (trigger),1103,knowledge_gap,knowledge_gap
root_cause (trigger),1104,knowledge_gap,knowledge_gap
root_cause (trigger),1105,false_premise,false_premise
root_cause (trigger),1106,premature_action,premature_action
root_cause (trigger),1107,spec_neglect,spec_neglect
root_cause (trigger),1108,false_premise,false_premise
root_cause (trigger),1109,premature_action,premature_action
root_cause (trigger),1110,environment_obstacle_mishandled,environment_obstacle_mishandled
root_cause (trigger),1111,ignored_signal,ignored_signal
root_cause (trigger),1112,environment_obstacle_mishandled,environment_obstacle_mishandled
root_cause (trigger),1113,environment_obstacle_mishandled,environment_obstacle_mishandled
root_cause (trigger),1114,spec_neglect,spec_neglect
root_cause (trigger),1115,premature_action,knowledge_gap
root_cause (trigger),1116,environment_obstacle_mishandled,environment_obstacle_mishandled
root_cause (trigger),1117,capability_limit,capability_limit
root_cause (trigger),1118,false_premise,false_premise
root_cause (trigger),1119,capability_limit,capability_limit
root_cause (trigger),1120,environment_obstacle_mishandled,environment_obstacle_mishandled
root_cause (trigger),1121,misread_output,misread_output
root_cause (trigger),1122,false_premise,false_premise
root_cause (trigger),1123,knowledge_gap,knowledge_gap
root_cause (trigger),1124,knowledge_gap,knowledge_gap
root_cause (trigger),1125,knowledge_gap,premature_action
root_cause (trigger),1126,capability_limit,capability_limit
root_cause (trigger),1127,knowledge_gap,knowledge_gap
root_cause (trigger),1128,knowledge_gap,capability_limit
root_cause (trigger),1129,capability_limit,capability_limit
root_cause (trigger),1130,misread_output,misread_output
root_cause (trigger),1131,knowledge_gap,knowledge_gap
root_cause (trigger),1132,ignored_signal,ignored_signal
root_cause (trigger),1133,false_premise,false_premise
root_cause (trigger),1134,misread_output,misread_output
root_cause (trigger),1135,knowledge_gap,knowledge_gap
root_cause (trigger),1136,knowledge_gap,spec_neglect
root_cause (trigger),1137,knowledge_gap,knowledge_gap
root_cause (trigger),1138,knowledge_gap,false_premise
root_cause (trigger),1139,misread_output,knowledge_gap
root_cause (trigger),1140,knowledge_gap,knowledge_gap
root_cause (trigger),1141,knowledge_gap,spec_neglect
root_cause (trigger),1142,knowledge_gap,misread_output
root_cause (trigger),1143,knowledge_gap,knowledge_gap
root_cause (trigger),1144,environment_obstacle_mishandled,environment_obstacle_mishandled
root_cause (trigger),1145,environment_obstacle_mishandled,environment_obstacle_mishandled
root_cause (trigger),1146,ignored_signal,ignored_signal
root_cause (trigger),1147,knowledge_gap,knowledge_gap
root_cause (trigger),1148,knowledge_gap,misread_output
root_cause (trigger),1149,false_premise,false_premise
root_cause (trigger),1150,false_premise,false_premise
root_cause (trigger),1151,premature_action,premature_action
root_cause (trigger),1152,environment_obstacle_mishandled,environment_obstacle_mishandled
root_cause (trigger),1153,false_premise,false_premise
root_cause (trigger),1154,knowledge_gap,ignored_signal
root_cause (trigger),1155,environment_obstacle_mishandled,environment_obstacle_mishandled
root_cause (trigger),1156,knowledge_gap,knowledge_gap
root_cause (trigger),1157,capability_limit,capability_limit
root_cause (trigger),1158,knowledge_gap,knowledge_gap
root_cause (trigger),1159,knowledge_gap,knowledge_gap
root_cause (trigger),1160,capability_limit,capability_limit
root_cause (trigger),1161,premature_action,premature_action
root_cause (trigger),1162,premature_action,premature_action
root_cause (trigger),1163,knowledge_gap,knowledge_gap
root_cause (trigger),1164,knowledge_gap,knowledge_gap
root_cause (trigger),1165,knowledge_gap,knowledge_gap
root_cause (trigger),1166,misread_output,misread_output
root_cause (trigger),1167,false_premise,misread_output
root_cause (trigger),1168,capability_limit,capability_limit
root_cause (trigger),1169,knowledge_gap,knowledge_gap
root_cause (trigger),1170,knowledge_gap,other
root_cause (trigger),1171,knowledge_gap,knowledge_gap
root_cause (trigger),1172,capability_limit,capability_limit
root_cause (trigger),1173,capability_limit,capability_limit
root_cause (trigger),1174,knowledge_gap,capability_limit
root_cause (trigger),1175,knowledge_gap,knowledge_gap
root_cause (trigger),1176,false_premise,false_premise
root_cause (trigger),1177,false_premise,spec_neglect
root_cause (trigger),1178,knowledge_gap,spec_neglect
root_cause (trigger),1179,knowledge_gap,knowledge_gap
root_cause (trigger),1180,knowledge_gap,knowledge_gap
root_cause (trigger),1181,capability_limit,knowledge_gap
root_cause (trigger),1182,knowledge_gap,knowledge_gap
root_cause (trigger),1183,knowledge_gap,knowledge_gap
awareness,0,aware_too_late,aware_too_late
awareness,1,never_aware,never_aware
awareness,2,aware_wrong_fix,aware_wrong_fix
awareness,3,never_aware,never_aware
awareness,4,never_aware,never_aware
awareness,5,aware_wrong_fix,aware_wrong_fix
awareness,6,never_aware,never_aware
awareness,7,never_aware,never_aware
awareness,8,never_aware,never_aware
awareness,9,never_aware,never_aware
awareness,10,never_aware,never_aware
awareness,11,never_aware,never_aware
awareness,12,aware_abandoned,aware_abandoned
awareness,13,never_aware,never_aware
awareness,14,never_aware,never_aware
awareness,15,aware_abandoned,aware_abandoned
awareness,16,never_aware,never_aware
awareness,17,never_aware,never_aware
awareness,18,never_aware,never_aware
awareness,19,aware_wrong_fix,aware_wrong_fix
awareness,20,aware_wrong_fix,aware_wrong_fix
awareness,21,aware_wrong_fix,aware_wrong_fix
awareness,22,never_aware,never_aware
awareness,23,aware_wrong_fix,aware_wrong_fix
awareness,24,never_aware,never_aware
awareness,25,aware_wrong_fix,aware_wrong_fix
awareness,26,never_aware,never_aware
awareness,27,never_aware,never_aware
awareness,28,never_aware,never_aware
awareness,29,aware_wrong_fix,aware_too_late
awareness,30,aware_wrong_fix,aware_wrong_fix
awareness,31,aware_wrong_fix,aware_wrong_fix
awareness,32,never_aware,never_aware
awareness,33,never_aware,never_aware
awareness,34,never_aware,never_aware
awareness,35,never_aware,never_aware
awareness,36,never_aware,never_aware
awareness,37,aware_wrong_fix,aware_wrong_fix
awareness,38,never_aware,never_aware
awareness,39,never_aware,never_aware
awareness,40,never_aware,never_aware
awareness,41,never_aware,never_aware
awareness,42,never_aware,never_aware
awareness,43,aware_wrong_fix,aware_wrong_fix
awareness,44,never_aware,never_aware
awareness,45,never_aware,never_aware
awareness,46,never_aware,never_aware
awareness,47,never_aware,never_aware
awareness,48,never_aware,never_aware
awareness,49,never_aware,never_aware
awareness,50,never_aware,never_aware
awareness,51,aware_wrong_fix,aware_wrong_fix
awareness,52,never_aware,never_aware
awareness,53,never_aware,never_aware
awareness,54,never_aware,never_aware
awareness,55,never_aware,never_aware
awareness,56,never_aware,never_aware
awareness,57,never_aware,never_aware
awareness,58,never_aware,never_aware
awareness,59,never_aware,never_aware
awareness,60,never_aware,never_aware
awareness,61,never_aware,never_aware
awareness,62,aware_wrong_fix,aware_wrong_fix
awareness,63,never_aware,never_aware
awareness,64,never_aware,never_aware
awareness,65,never_aware,aware_abandoned
awareness,66,never_aware,never_aware
awareness,67,never_aware,never_aware
awareness,68,never_aware,never_aware
awareness,69,never_aware,never_aware
awareness,70,never_aware,never_aware
awareness,71,never_aware,never_aware
awareness,72,never_aware,aware_abandoned
awareness,73,aware_wrong_fix,aware_wrong_fix
awareness,74,aware_wrong_fix,aware_wrong_fix
awareness,75,never_aware,never_aware
awareness,76,never_aware,never_aware
awareness,77,never_aware,never_aware
awareness,78,aware_wrong_fix,aware_wrong_fix
awareness,79,never_aware,aware_too_late
awareness,80,never_aware,never_aware
awareness,81,aware_wrong_fix,aware_wrong_fix
awareness,82,never_aware,never_aware
awareness,83,never_aware,never_aware
awareness,84,never_aware,never_aware
awareness,85,never_aware,never_aware
awareness,86,never_aware,never_aware
awareness,87,never_aware,never_aware
awareness,88,never_aware,never_aware
awareness,89,never_aware,never_aware
awareness,90,never_aware,never_aware
awareness,91,never_aware,never_aware
awareness,92,aware_wrong_fix,aware_too_late
awareness,93,never_aware,never_aware
awareness,94,aware_wrong_fix,never_aware
awareness,95,never_aware,never_aware
awareness,96,never_aware,never_aware
awareness,97,never_aware,never_aware
awareness,98,aware_too_late,aware_too_late
awareness,99,never_aware,never_aware
awareness,100,never_aware,never_aware
awareness,101,never_aware,never_aware
awareness,102,aware_wrong_fix,aware_wrong_fix
awareness,103,never_aware,never_aware
awareness,104,aware_abandoned,aware_abandoned
awareness,105,aware_wrong_fix,aware_wrong_fix
awareness,106,never_aware,never_aware
awareness,107,aware_too_late,aware_wrong_fix
awareness,108,never_aware,aware_too_late
awareness,109,never_aware,never_aware
awareness,110,never_aware,aware_abandoned
awareness,111,aware_wrong_fix,aware_wrong_fix
awareness,112,never_aware,never_aware
awareness,113,never_aware,never_aware
awareness,114,aware_wrong_fix,aware_wrong_fix
awareness,115,never_aware,never_aware
awareness,116,aware_wrong_fix,aware_wrong_fix
awareness,117,never_aware,never_aware
awareness,118,never_aware,never_aware
awareness,119,aware_wrong_fix,aware_wrong_fix
awareness,120,never_aware,never_aware
awareness,121,never_aware,aware_too_late
awareness,122,aware_wrong_fix,aware_wrong_fix
awareness,123,aware_abandoned,aware_abandoned
awareness,124,never_aware,never_aware
awareness,125,aware_wrong_fix,aware_wrong_fix
awareness,126,aware_wrong_fix,aware_abandoned
awareness,127,never_aware,never_aware
awareness,128,aware_wrong_fix,aware_wrong_fix
awareness,129,aware_wrong_fix,aware_wrong_fix
awareness,130,never_aware,never_aware
awareness,131,aware_wrong_fix,never_aware
awareness,132,aware_wrong_fix,aware_wrong_fix
awareness,133,aware_wrong_fix,aware_wrong_fix
awareness,134,never_aware,never_aware
awareness,135,aware_wrong_fix,aware_wrong_fix
awareness,136,never_aware,never_aware
awareness,137,never_aware,aware_wrong_fix
awareness,138,never_aware,never_aware
awareness,139,never_aware,never_aware
awareness,140,never_aware,never_aware
awareness,141,never_aware,never_aware
awareness,142,never_aware,never_aware
awareness,143,aware_wrong_fix,aware_wrong_fix
awareness,144,never_aware,never_aware
awareness,145,never_aware,never_aware
awareness,146,never_aware,aware_abandoned
awareness,147,aware_wrong_fix,aware_wrong_fix
awareness,148,never_aware,never_aware
awareness,149,aware_wrong_fix,aware_wrong_fix
awareness,150,never_aware,never_aware
awareness,151,aware_wrong_fix,aware_wrong_fix
awareness,152,aware_abandoned,aware_abandoned
awareness,153,aware_wrong_fix,aware_too_late
awareness,154,aware_wrong_fix,aware_wrong_fix
awareness,155,aware_wrong_fix,aware_wrong_fix
awareness,156,aware_wrong_fix,aware_wrong_fix
awareness,157,never_aware,never_aware
awareness,158,never_aware,never_aware
awareness,159,never_aware,never_aware
awareness,160,aware_wrong_fix,aware_wrong_fix
awareness,161,never_aware,never_aware
awareness,162,aware_wrong_fix,aware_wrong_fix
awareness,163,aware_wrong_fix,aware_wrong_fix
awareness,164,never_aware,never_aware
awareness,165,aware_wrong_fix,aware_wrong_fix
awareness,166,never_aware,never_aware
awareness,167,aware_abandoned,aware_abandoned
awareness,168,aware_abandoned,aware_abandoned
awareness,169,aware_wrong_fix,aware_wrong_fix
awareness,170,aware_wrong_fix,aware_wrong_fix
awareness,171,never_aware,aware_abandoned
awareness,172,aware_wrong_fix,aware_wrong_fix
awareness,173,never_aware,never_aware
awareness,174,never_aware,never_aware
awareness,175,never_aware,never_aware
awareness,176,aware_wrong_fix,aware_wrong_fix
awareness,177,aware_wrong_fix,aware_wrong_fix
awareness,178,aware_wrong_fix,aware_wrong_fix
awareness,179,aware_wrong_fix,aware_wrong_fix
awareness,180,never_aware,never_aware
awareness,181,never_aware,never_aware
awareness,182,never_aware,never_aware
awareness,183,aware_wrong_fix,aware_wrong_fix
awareness,184,aware_wrong_fix,never_aware
awareness,185,aware_too_late,never_aware
awareness,186,never_aware,never_aware
awareness,187,never_aware,never_aware
awareness,188,never_aware,never_aware
awareness,189,never_aware,never_aware
awareness,190,never_aware,never_aware
awareness,191,never_aware,never_aware
awareness,192,never_aware,never_aware
awareness,193,never_aware,aware_wrong_fix
awareness,194,aware_wrong_fix,aware_wrong_fix
awareness,195,never_aware,never_aware
awareness,196,never_aware,never_aware
awareness,197,never_aware,never_aware
awareness,198,never_aware,never_aware
awareness,199,never_aware,never_aware
awareness,200,aware_wrong_fix,aware_wrong_fix
awareness,201,never_aware,aware_abandoned
awareness,202,never_aware,never_aware
awareness,203,never_aware,aware_abandoned
awareness,204,never_aware,never_aware
awareness,205,never_aware,never_aware
awareness,206,never_aware,never_aware
awareness,207,never_aware,never_aware
awareness,208,never_aware,never_aware
awareness,209,never_aware,never_aware
awareness,210,never_aware,never_aware
awareness,211,aware_wrong_fix,aware_wrong_fix
awareness,212,aware_wrong_fix,aware_wrong_fix
awareness,213,never_aware,never_aware
awareness,214,never_aware,never_aware
awareness,215,never_aware,never_aware
awareness,216,never_aware,never_aware
awareness,217,never_aware,never_aware
awareness,218,never_aware,never_aware
awareness,219,aware_wrong_fix,aware_wrong_fix
awareness,220,aware_wrong_fix,aware_wrong_fix
awareness,221,aware_wrong_fix,aware_wrong_fix
awareness,222,never_aware,never_aware
awareness,223,aware_wrong_fix,aware_wrong_fix
awareness,224,aware_too_late,aware_too_late
awareness,225,never_aware,never_aware
awareness,226,never_aware,never_aware
awareness,227,never_aware,never_aware
awareness,228,never_aware,never_aware
awareness,229,never_aware,never_aware
awareness,230,aware_wrong_fix,aware_wrong_fix
awareness,231,never_aware,never_aware
awareness,232,never_aware,never_aware
awareness,233,aware_wrong_fix,aware_wrong_fix
awareness,234,never_aware,aware_too_late
awareness,235,never_aware,never_aware
awareness,236,never_aware,never_aware
awareness,237,never_aware,never_aware
awareness,238,never_aware,never_aware
awareness,239,never_aware,never_aware
awareness,240,never_aware,never_aware
awareness,241,never_aware,never_aware
awareness,242,never_aware,never_aware
awareness,243,never_aware,never_aware
awareness,244,aware_wrong_fix,aware_wrong_fix
awareness,245,never_aware,never_aware
awareness,246,never_aware,never_aware
awareness,247,aware_wrong_fix,aware_abandoned
awareness,248,aware_wrong_fix,aware_wrong_fix
awareness,249,aware_wrong_fix,aware_wrong_fix
awareness,250,aware_wrong_fix,aware_wrong_fix
awareness,251,never_aware,aware_wrong_fix
awareness,252,aware_wrong_fix,aware_wrong_fix
awareness,253,never_aware,never_aware
awareness,254,never_aware,never_aware
awareness,255,aware_wrong_fix,aware_wrong_fix
awareness,256,aware_wrong_fix,aware_wrong_fix
awareness,257,never_aware,aware_too_late
awareness,258,aware_wrong_fix,aware_wrong_fix
awareness,259,aware_wrong_fix,aware_wrong_fix
awareness,260,aware_wrong_fix,never_aware
awareness,261,never_aware,never_aware
awareness,262,aware_wrong_fix,aware_wrong_fix
awareness,263,never_aware,never_aware
awareness,264,aware_wrong_fix,aware_wrong_fix
awareness,265,aware_wrong_fix,aware_wrong_fix
awareness,266,aware_wrong_fix,aware_wrong_fix
awareness,267,aware_wrong_fix,aware_wrong_fix
awareness,268,never_aware,never_aware
awareness,269,aware_wrong_fix,aware_wrong_fix
awareness,270,never_aware,never_aware
awareness,271,aware_too_late,aware_too_late
awareness,272,never_aware,never_aware
awareness,273,aware_wrong_fix,aware_wrong_fix
awareness,274,aware_wrong_fix,aware_wrong_fix
awareness,275,never_aware,never_aware
awareness,276,never_aware,never_aware
awareness,277,aware_wrong_fix,aware_wrong_fix
awareness,278,aware_wrong_fix,aware_wrong_fix
awareness,279,aware_wrong_fix,aware_wrong_fix
awareness,280,aware_too_late,aware_too_late
awareness,281,aware_wrong_fix,aware_wrong_fix
awareness,282,aware_wrong_fix,never_aware
awareness,283,aware_abandoned,aware_abandoned
awareness,284,aware_abandoned,aware_abandoned
awareness,285,aware_wrong_fix,aware_wrong_fix
awareness,286,never_aware,never_aware
awareness,287,aware_wrong_fix,aware_abandoned
awareness,288,aware_abandoned,aware_abandoned
awareness,289,aware_wrong_fix,aware_wrong_fix
awareness,290,aware_wrong_fix,never_aware
awareness,291,aware_wrong_fix,aware_wrong_fix
awareness,292,never_aware,never_aware
awareness,293,never_aware,never_aware
awareness,294,aware_too_late,aware_too_late
awareness,295,aware_wrong_fix,aware_wrong_fix
awareness,296,never_aware,never_aware
awareness,297,never_aware,never_aware
awareness,298,never_aware,never_aware
awareness,299,never_aware,never_aware
awareness,300,never_aware,never_aware
awareness,301,never_aware,never_aware
awareness,302,never_aware,never_aware
awareness,303,never_aware,never_aware
awareness,304,never_aware,never_aware
awareness,305,never_aware,never_aware
awareness,306,never_aware,never_aware
awareness,307,aware_wrong_fix,never_aware
awareness,308,never_aware,never_aware
awareness,309,aware_wrong_fix,aware_wrong_fix
awareness,310,never_aware,never_aware
awareness,311,aware_too_late,aware_too_late
awareness,312,aware_abandoned,aware_abandoned
awareness,313,aware_wrong_fix,aware_wrong_fix
awareness,314,aware_wrong_fix,aware_wrong_fix
awareness,315,aware_wrong_fix,aware_wrong_fix
awareness,316,aware_abandoned,aware_abandoned
awareness,317,aware_wrong_fix,aware_wrong_fix
awareness,318,never_aware,never_aware
awareness,319,never_aware,aware_too_late
awareness,320,aware_abandoned,aware_abandoned
awareness,321,aware_wrong_fix,aware_wrong_fix
awareness,322,aware_wrong_fix,aware_wrong_fix
awareness,323,aware_too_late,aware_too_late
awareness,324,never_aware,aware_abandoned
awareness,325,aware_wrong_fix,aware_wrong_fix
awareness,326,aware_wrong_fix,aware_wrong_fix
awareness,327,aware_too_late,aware_too_late
awareness,328,aware_wrong_fix,aware_wrong_fix
awareness,329,aware_wrong_fix,aware_wrong_fix
awareness,330,never_aware,never_aware
awareness,331,aware_wrong_fix,aware_wrong_fix
awareness,332,aware_wrong_fix,aware_too_late
awareness,333,aware_abandoned,aware_abandoned
awareness,334,aware_wrong_fix,aware_wrong_fix
awareness,335,never_aware,never_aware
awareness,336,aware_wrong_fix,aware_wrong_fix
awareness,337,aware_wrong_fix,aware_wrong_fix
awareness,338,never_aware,never_aware
awareness,339,never_aware,aware_too_late
awareness,340,aware_wrong_fix,aware_wrong_fix
awareness,341,aware_wrong_fix,aware_wrong_fix
awareness,342,never_aware,never_aware
awareness,343,aware_wrong_fix,aware_wrong_fix
awareness,344,aware_wrong_fix,aware_wrong_fix
awareness,345,never_aware,never_aware
awareness,346,never_aware,never_aware
awareness,347,never_aware,never_aware
awareness,348,never_aware,never_aware
awareness,349,never_aware,aware_wrong_fix
awareness,350,never_aware,never_aware
awareness,351,never_aware,never_aware
awareness,352,never_aware,never_aware
awareness,353,aware_wrong_fix,aware_wrong_fix
awareness,354,never_aware,never_aware
awareness,355,aware_wrong_fix,aware_wrong_fix
awareness,356,aware_abandoned,aware_abandoned
awareness,357,never_aware,never_aware
awareness,358,aware_wrong_fix,aware_wrong_fix
awareness,359,never_aware,never_aware
awareness,360,never_aware,never_aware
awareness,361,never_aware,never_aware
awareness,362,never_aware,never_aware
awareness,363,aware_wrong_fix,aware_wrong_fix
awareness,364,never_aware,never_aware
awareness,365,aware_wrong_fix,aware_wrong_fix
awareness,366,never_aware,never_aware
awareness,367,never_aware,never_aware
awareness,368,aware_wrong_fix,aware_wrong_fix
awareness,369,aware_wrong_fix,aware_wrong_fix
awareness,370,aware_wrong_fix,aware_wrong_fix
awareness,371,never_aware,never_aware
awareness,372,aware_wrong_fix,aware_wrong_fix
awareness,373,aware_wrong_fix,aware_wrong_fix
awareness,374,aware_wrong_fix,aware_wrong_fix
awareness,375,aware_wrong_fix,aware_wrong_fix
awareness,376,never_aware,never_aware
awareness,377,never_aware,never_aware
awareness,378,aware_wrong_fix,aware_wrong_fix
awareness,379,aware_wrong_fix,aware_too_late
awareness,380,aware_wrong_fix,aware_wrong_fix
awareness,381,never_aware,never_aware
awareness,382,aware_wrong_fix,aware_wrong_fix
awareness,383,aware_wrong_fix,aware_wrong_fix
awareness,384,aware_wrong_fix,aware_abandoned
awareness,385,aware_wrong_fix,aware_wrong_fix
awareness,386,never_aware,never_aware
awareness,387,never_aware,never_aware
awareness,388,never_aware,never_aware
awareness,389,never_aware,never_aware
awareness,390,never_aware,never_aware
awareness,391,never_aware,never_aware
awareness,392,never_aware,never_aware
awareness,393,never_aware,never_aware
awareness,394,never_aware,never_aware
awareness,395,never_aware,never_aware
awareness,396,aware_wrong_fix,aware_wrong_fix
awareness,397,aware_wrong_fix,aware_wrong_fix
awareness,398,aware_wrong_fix,aware_wrong_fix
awareness,399,never_aware,never_aware
awareness,400,never_aware,aware_abandoned
awareness,401,aware_wrong_fix,aware_wrong_fix
awareness,402,never_aware,never_aware
awareness,403,never_aware,never_aware
awareness,404,aware_wrong_fix,aware_wrong_fix
awareness,405,never_aware,never_aware
awareness,406,never_aware,never_aware
awareness,407,never_aware,never_aware
awareness,408,never_aware,never_aware
awareness,409,never_aware,never_aware
awareness,410,never_aware,never_aware
awareness,411,aware_wrong_fix,aware_wrong_fix
awareness,412,aware_wrong_fix,aware_wrong_fix
awareness,413,never_aware,never_aware
awareness,414,never_aware,never_aware
awareness,415,never_aware,never_aware
awareness,416,never_aware,never_aware
awareness,417,aware_wrong_fix,aware_wrong_fix
awareness,418,aware_wrong_fix,aware_wrong_fix
awareness,419,never_aware,never_aware
awareness,420,aware_wrong_fix,aware_wrong_fix
awareness,421,never_aware,never_aware
awareness,422,aware_wrong_fix,aware_wrong_fix
awareness,423,aware_abandoned,aware_abandoned
awareness,424,never_aware,never_aware
awareness,425,aware_wrong_fix,aware_wrong_fix
awareness,426,aware_wrong_fix,aware_wrong_fix
awareness,427,aware_wrong_fix,aware_wrong_fix
awareness,428,aware_wrong_fix,aware_wrong_fix
awareness,429,aware_too_late,aware_too_late
awareness,430,aware_wrong_fix,aware_too_late
awareness,431,never_aware,never_aware
awareness,432,never_aware,never_aware
awareness,433,aware_abandoned,aware_abandoned
awareness,434,aware_abandoned,aware_abandoned
awareness,435,aware_abandoned,aware_abandoned
awareness,436,aware_wrong_fix,aware_wrong_fix
awareness,437,aware_wrong_fix,aware_wrong_fix
awareness,438,never_aware,never_aware
awareness,439,never_aware,aware_wrong_fix
awareness,440,aware_wrong_fix,aware_wrong_fix
awareness,441,never_aware,never_aware
awareness,442,aware_too_late,aware_too_late
awareness,443,aware_wrong_fix,never_aware
awareness,444,never_aware,never_aware
awareness,445,never_aware,never_aware
awareness,446,never_aware,never_aware
awareness,447,aware_wrong_fix,aware_wrong_fix
awareness,448,never_aware,never_aware
awareness,449,aware_too_late,aware_too_late
awareness,450,aware_wrong_fix,aware_wrong_fix
awareness,451,never_aware,never_aware
awareness,452,aware_wrong_fix,aware_wrong_fix
awareness,453,aware_wrong_fix,aware_wrong_fix
awareness,454,aware_too_late,aware_wrong_fix
awareness,455,never_aware,never_aware
awareness,456,aware_wrong_fix,aware_wrong_fix
awareness,457,aware_wrong_fix,aware_wrong_fix
awareness,458,never_aware,never_aware
awareness,459,never_aware,never_aware
awareness,460,aware_abandoned,aware_abandoned
awareness,461,aware_wrong_fix,aware_too_late
awareness,462,never_aware,never_aware
awareness,463,aware_wrong_fix,aware_wrong_fix
awareness,464,aware_wrong_fix,aware_too_late
awareness,465,never_aware,never_aware
awareness,466,never_aware,never_aware
awareness,467,never_aware,never_aware
awareness,468,never_aware,never_aware
awareness,469,never_aware,never_aware
awareness,470,never_aware,never_aware
awareness,471,aware_wrong_fix,aware_wrong_fix
awareness,472,aware_wrong_fix,aware_wrong_fix
awareness,473,never_aware,aware_too_late
awareness,474,aware_wrong_fix,aware_wrong_fix
awareness,475,never_aware,aware_abandoned
awareness,476,never_aware,never_aware
awareness,477,never_aware,never_aware
awareness,478,never_aware,never_aware
awareness,479,never_aware,never_aware
awareness,480,never_aware,never_aware
awareness,481,never_aware,never_aware
awareness,482,never_aware,never_aware
awareness,483,never_aware,aware_too_late
awareness,484,never_aware,never_aware
awareness,485,never_aware,never_aware
awareness,486,aware_wrong_fix,aware_wrong_fix
awareness,487,aware_wrong_fix,aware_wrong_fix
awareness,488,never_aware,never_aware
awareness,489,aware_wrong_fix,aware_wrong_fix
awareness,490,never_aware,never_aware
awareness,491,never_aware,never_aware
awareness,492,never_aware,never_aware
awareness,493,never_aware,never_aware
awareness,494,never_aware,never_aware
awareness,495,never_aware,never_aware
awareness,496,never_aware,never_aware
awareness,497,aware_wrong_fix,aware_wrong_fix
awareness,498,never_aware,aware_too_late
awareness,499,aware_wrong_fix,aware_wrong_fix
awareness,500,aware_wrong_fix,aware_abandoned
awareness,501,aware_wrong_fix,aware_wrong_fix
awareness,502,never_aware,never_aware
awareness,503,never_aware,never_aware
awareness,504,never_aware,never_aware
awareness,505,never_aware,aware_abandoned
awareness,506,never_aware,never_aware
awareness,507,aware_wrong_fix,aware_wrong_fix
awareness,508,never_aware,never_aware
awareness,509,never_aware,never_aware
awareness,510,never_aware,never_aware
awareness,511,never_aware,never_aware
awareness,512,never_aware,aware_abandoned
awareness,513,never_aware,aware_too_late
awareness,514,never_aware,never_aware
awareness,515,never_aware,never_aware
awareness,516,never_aware,never_aware
awareness,517,aware_wrong_fix,aware_wrong_fix
awareness,518,aware_wrong_fix,aware_wrong_fix
awareness,519,never_aware,never_aware
awareness,520,aware_abandoned,aware_abandoned
awareness,521,never_aware,never_aware
awareness,522,aware_wrong_fix,aware_wrong_fix
awareness,523,aware_abandoned,aware_abandoned
awareness,524,never_aware,never_aware
awareness,525,aware_wrong_fix,aware_wrong_fix
awareness,526,never_aware,never_aware
awareness,527,never_aware,aware_too_late
awareness,528,never_aware,never_aware
awareness,529,never_aware,never_aware
awareness,530,never_aware,aware_wrong_fix
awareness,531,never_aware,aware_too_late
awareness,532,never_aware,never_aware
awareness,533,never_aware,never_aware
awareness,534,never_aware,never_aware
awareness,535,never_aware,never_aware
awareness,536,never_aware,never_aware
awareness,537,never_aware,never_aware
awareness,538,aware_wrong_fix,aware_wrong_fix
awareness,539,aware_wrong_fix,aware_abandoned
awareness,540,never_aware,never_aware
awareness,541,never_aware,never_aware
awareness,542,never_aware,never_aware
awareness,543,never_aware,never_aware
awareness,544,aware_wrong_fix,aware_wrong_fix
awareness,545,aware_too_late,aware_too_late
awareness,546,aware_wrong_fix,aware_wrong_fix
awareness,547,never_aware,never_aware
awareness,548,never_aware,aware_too_late
awareness,549,never_aware,never_aware
awareness,550,aware_wrong_fix,aware_wrong_fix
awareness,551,never_aware,never_aware
awareness,552,never_aware,never_aware
awareness,553,aware_wrong_fix,aware_wrong_fix
awareness,554,aware_wrong_fix,aware_too_late
awareness,555,never_aware,never_aware
awareness,556,aware_wrong_fix,aware_wrong_fix
awareness,557,aware_wrong_fix,aware_wrong_fix
awareness,558,aware_wrong_fix,aware_wrong_fix
awareness,559,never_aware,never_aware
awareness,560,aware_wrong_fix,aware_wrong_fix
awareness,561,aware_wrong_fix,aware_wrong_fix
awareness,562,aware_wrong_fix,aware_wrong_fix
awareness,563,never_aware,never_aware
awareness,564,aware_abandoned,aware_abandoned
awareness,565,aware_wrong_fix,aware_too_late
awareness,566,aware_wrong_fix,never_aware
awareness,567,aware_wrong_fix,aware_wrong_fix
awareness,568,never_aware,never_aware
awareness,569,aware_wrong_fix,aware_wrong_fix
awareness,570,aware_wrong_fix,aware_wrong_fix
awareness,571,never_aware,never_aware
awareness,572,never_aware,never_aware
awareness,573,aware_wrong_fix,never_aware
awareness,574,never_aware,never_aware
awareness,575,never_aware,never_aware
awareness,576,never_aware,never_aware
awareness,577,aware_wrong_fix,aware_wrong_fix
awareness,578,aware_wrong_fix,aware_wrong_fix
awareness,579,aware_wrong_fix,aware_too_late
awareness,580,never_aware,never_aware
awareness,581,aware_wrong_fix,aware_wrong_fix
awareness,582,never_aware,never_aware
awareness,583,aware_wrong_fix,aware_wrong_fix
awareness,584,aware_wrong_fix,aware_wrong_fix
awareness,585,aware_abandoned,aware_abandoned
awareness,586,never_aware,aware_abandoned
awareness,587,aware_wrong_fix,aware_wrong_fix
awareness,588,never_aware,never_aware
awareness,589,aware_wrong_fix,aware_wrong_fix
awareness,590,never_aware,aware_abandoned
awareness,591,aware_wrong_fix,aware_wrong_fix
awareness,592,aware_wrong_fix,aware_wrong_fix
awareness,593,never_aware,never_aware
awareness,594,never_aware,never_aware
awareness,595,never_aware,never_aware
awareness,596,never_aware,never_aware
awareness,597,aware_wrong_fix,aware_wrong_fix
awareness,598,aware_wrong_fix,aware_wrong_fix
awareness,599,never_aware,never_aware
awareness,600,never_aware,never_aware
awareness,601,never_aware,aware_wrong_fix
awareness,602,never_aware,never_aware
awareness,603,never_aware,never_aware
awareness,604,never_aware,never_aware
awareness,605,never_aware,never_aware
awareness,606,never_aware,never_aware
awareness,607,never_aware,never_aware
awareness,608,aware_wrong_fix,aware_abandoned
awareness,609,never_aware,aware_abandoned
awareness,610,never_aware,never_aware
awareness,611,never_aware,never_aware
awareness,612,never_aware,never_aware
awareness,613,never_aware,never_aware
awareness,614,never_aware,never_aware
awareness,615,never_aware,never_aware
awareness,616,never_aware,never_aware
awareness,617,never_aware,never_aware
awareness,618,never_aware,aware_too_late
awareness,619,never_aware,never_aware
awareness,620,never_aware,never_aware
awareness,621,never_aware,never_aware
awareness,622,never_aware,never_aware
awareness,623,never_aware,never_aware
awareness,624,never_aware,never_aware
awareness,625,never_aware,never_aware
awareness,626,never_aware,never_aware
awareness,627,never_aware,never_aware
awareness,628,never_aware,never_aware
awareness,629,never_aware,never_aware
awareness,630,never_aware,never_aware
awareness,631,never_aware,never_aware
awareness,632,never_aware,never_aware
awareness,633,aware_wrong_fix,aware_wrong_fix
awareness,634,never_aware,never_aware
awareness,635,never_aware,never_aware
awareness,636,aware_abandoned,aware_abandoned
awareness,637,never_aware,never_aware
awareness,638,never_aware,never_aware
awareness,639,never_aware,never_aware
awareness,640,never_aware,aware_abandoned
awareness,641,never_aware,never_aware
awareness,642,aware_wrong_fix,aware_wrong_fix
awareness,643,aware_abandoned,aware_abandoned
awareness,644,never_aware,never_aware
awareness,645,never_aware,never_aware
awareness,646,never_aware,never_aware
awareness,647,aware_wrong_fix,aware_wrong_fix
awareness,648,never_aware,never_aware
awareness,649,aware_wrong_fix,aware_wrong_fix
awareness,650,never_aware,never_aware
awareness,651,aware_wrong_fix,aware_wrong_fix
awareness,652,aware_wrong_fix,aware_wrong_fix
awareness,653,aware_wrong_fix,aware_wrong_fix
awareness,654,never_aware,aware_wrong_fix
awareness,655,aware_wrong_fix,never_aware
awareness,656,never_aware,never_aware
awareness,657,never_aware,never_aware
awareness,658,never_aware,never_aware
awareness,659,never_aware,never_aware
awareness,660,aware_wrong_fix,aware_wrong_fix
awareness,661,aware_wrong_fix,aware_wrong_fix
awareness,662,never_aware,never_aware
awareness,663,never_aware,never_aware
awareness,664,never_aware,never_aware
awareness,665,never_aware,never_aware
awareness,666,never_aware,never_aware
awareness,667,aware_wrong_fix,aware_wrong_fix
awareness,668,never_aware,never_aware
awareness,669,never_aware,never_aware
awareness,670,never_aware,never_aware
awareness,671,aware_wrong_fix,aware_wrong_fix
awareness,672,never_aware,never_aware
awareness,673,never_aware,never_aware
awareness,674,never_aware,never_aware
awareness,675,never_aware,never_aware
awareness,676,never_aware,never_aware
awareness,677,never_aware,never_aware
awareness,678,never_aware,never_aware
awareness,679,never_aware,never_aware
awareness,680,never_aware,never_aware
awareness,681,never_aware,never_aware
awareness,682,never_aware,never_aware
awareness,683,never_aware,never_aware
awareness,684,never_aware,never_aware
awareness,685,aware_wrong_fix,aware_too_late
awareness,686,never_aware,never_aware
awareness,687,aware_wrong_fix,aware_wrong_fix
awareness,688,aware_wrong_fix,aware_wrong_fix
awareness,689,never_aware,aware_wrong_fix
awareness,690,never_aware,aware_abandoned
awareness,691,aware_wrong_fix,aware_wrong_fix
awareness,692,aware_wrong_fix,aware_wrong_fix
awareness,693,never_aware,never_aware
awareness,694,never_aware,never_aware
awareness,695,never_aware,aware_wrong_fix
awareness,696,aware_wrong_fix,aware_wrong_fix
awareness,697,aware_wrong_fix,aware_wrong_fix
awareness,698,never_aware,never_aware
awareness,699,never_aware,aware_too_late
awareness,700,aware_wrong_fix,aware_wrong_fix
awareness,701,never_aware,never_aware
awareness,702,never_aware,never_aware
awareness,703,never_aware,never_aware
awareness,704,never_aware,never_aware
awareness,705,never_aware,never_aware
awareness,706,never_aware,never_aware
awareness,707,never_aware,never_aware
awareness,708,never_aware,never_aware
awareness,709,never_aware,never_aware
awareness,710,never_aware,never_aware
awareness,711,never_aware,never_aware
awareness,712,never_aware,never_aware
awareness,713,never_aware,never_aware
awareness,714,never_aware,never_aware
awareness,715,never_aware,never_aware
awareness,716,never_aware,never_aware
awareness,717,never_aware,never_aware
awareness,718,never_aware,never_aware
awareness,719,never_aware,never_aware
awareness,720,aware_wrong_fix,aware_wrong_fix
awareness,721,aware_too_late,aware_too_late
awareness,722,aware_wrong_fix,aware_wrong_fix
awareness,723,aware_wrong_fix,aware_wrong_fix
awareness,724,aware_wrong_fix,aware_wrong_fix
awareness,725,never_aware,never_aware
awareness,726,never_aware,never_aware
awareness,727,aware_wrong_fix,aware_wrong_fix
awareness,728,never_aware,never_aware
awareness,729,aware_wrong_fix,aware_wrong_fix
awareness,730,aware_wrong_fix,aware_wrong_fix
awareness,731,aware_wrong_fix,aware_abandoned
awareness,732,never_aware,never_aware
awareness,733,aware_wrong_fix,aware_wrong_fix
awareness,734,never_aware,never_aware
awareness,735,aware_wrong_fix,aware_wrong_fix
awareness,736,aware_wrong_fix,aware_wrong_fix
awareness,737,aware_wrong_fix,aware_too_late
awareness,738,aware_wrong_fix,aware_wrong_fix
awareness,739,never_aware,never_aware
awareness,740,never_aware,aware_wrong_fix
awareness,741,aware_wrong_fix,aware_wrong_fix
awareness,742,never_aware,never_aware
awareness,743,never_aware,never_aware
awareness,744,aware_wrong_fix,aware_wrong_fix
awareness,745,aware_wrong_fix,aware_wrong_fix
awareness,746,never_aware,never_aware
awareness,747,aware_wrong_fix,aware_wrong_fix
awareness,748,aware_too_late,aware_too_late
awareness,749,never_aware,never_aware
awareness,750,aware_wrong_fix,aware_wrong_fix
awareness,751,aware_abandoned,aware_abandoned
awareness,752,aware_wrong_fix,aware_wrong_fix
awareness,753,never_aware,never_aware
awareness,754,aware_wrong_fix,aware_wrong_fix
awareness,755,never_aware,never_aware
awareness,756,aware_wrong_fix,aware_wrong_fix
awareness,757,never_aware,never_aware
awareness,758,never_aware,never_aware
awareness,759,aware_wrong_fix,aware_wrong_fix
awareness,760,never_aware,never_aware
awareness,761,never_aware,never_aware
awareness,762,never_aware,never_aware
awareness,763,aware_wrong_fix,aware_wrong_fix
awareness,764,never_aware,never_aware
awareness,765,aware_wrong_fix,aware_wrong_fix
awareness,766,aware_wrong_fix,aware_wrong_fix
awareness,767,aware_wrong_fix,aware_wrong_fix
awareness,768,aware_wrong_fix,aware_wrong_fix
awareness,769,aware_abandoned,aware_abandoned
awareness,770,never_aware,never_aware
awareness,771,never_aware,never_aware
awareness,772,never_aware,never_aware
awareness,773,aware_wrong_fix,aware_too_late
awareness,774,never_aware,never_aware
awareness,775,aware_abandoned,aware_abandoned
awareness,776,aware_wrong_fix,aware_wrong_fix
awareness,777,aware_wrong_fix,aware_wrong_fix
awareness,778,aware_wrong_fix,aware_wrong_fix
awareness,779,never_aware,never_aware
awareness,780,never_aware,never_aware
awareness,781,aware_wrong_fix,aware_wrong_fix
awareness,782,aware_wrong_fix,aware_wrong_fix
awareness,783,never_aware,never_aware
awareness,784,aware_abandoned,aware_abandoned
awareness,785,never_aware,never_aware
awareness,786,never_aware,never_aware
awareness,787,aware_wrong_fix,aware_wrong_fix
awareness,788,never_aware,never_aware
awareness,789,never_aware,never_aware
awareness,790,aware_wrong_fix,aware_wrong_fix
awareness,791,aware_too_late,aware_too_late
awareness,792,aware_wrong_fix,aware_wrong_fix
awareness,793,never_aware,never_aware
awareness,794,never_aware,never_aware
awareness,795,aware_wrong_fix,aware_wrong_fix
awareness,796,never_aware,never_aware
awareness,797,never_aware,never_aware
awareness,798,aware_wrong_fix,aware_wrong_fix
awareness,799,aware_wrong_fix,never_aware
awareness,800,aware_wrong_fix,aware_wrong_fix
awareness,801,aware_wrong_fix,aware_abandoned
awareness,802,never_aware,never_aware
awareness,803,aware_wrong_fix,aware_wrong_fix
awareness,804,never_aware,never_aware
awareness,805,never_aware,never_aware
awareness,806,never_aware,never_aware
awareness,807,never_aware,never_aware
awareness,808,aware_wrong_fix,aware_wrong_fix
awareness,809,never_aware,never_aware
awareness,810,aware_wrong_fix,aware_wrong_fix
awareness,811,never_aware,aware_wrong_fix
awareness,812,never_aware,never_aware
awareness,813,never_aware,never_aware
awareness,814,never_aware,never_aware
awareness,815,never_aware,never_aware
awareness,816,never_aware,never_aware
awareness,817,aware_wrong_fix,aware_wrong_fix
awareness,818,aware_wrong_fix,aware_wrong_fix
awareness,819,never_aware,never_aware
awareness,820,never_aware,never_aware
awareness,821,never_aware,never_aware
awareness,822,never_aware,never_aware
awareness,823,never_aware,never_aware
awareness,824,never_aware,never_aware
awareness,825,never_aware,never_aware
awareness,826,never_aware,never_aware
awareness,827,never_aware,never_aware
awareness,828,aware_too_late,aware_too_late
awareness,829,never_aware,never_aware
awareness,830,never_aware,never_aware
awareness,831,never_aware,never_aware
awareness,832,never_aware,never_aware
awareness,833,never_aware,never_aware
awareness,834,never_aware,never_aware
awareness,835,never_aware,never_aware
awareness,836,never_aware,never_aware
awareness,837,never_aware,never_aware
awareness,838,never_aware,aware_abandoned
awareness,839,never_aware,never_aware
awareness,840,never_aware,never_aware
awareness,841,never_aware,never_aware
awareness,842,aware_wrong_fix,aware_wrong_fix
awareness,843,aware_wrong_fix,aware_too_late
awareness,844,never_aware,never_aware
awareness,845,never_aware,never_aware
awareness,846,aware_abandoned,aware_abandoned
awareness,847,never_aware,never_aware
awareness,848,never_aware,never_aware
awareness,849,never_aware,aware_abandoned
awareness,850,never_aware,never_aware
awareness,851,never_aware,never_aware
awareness,852,never_aware,aware_wrong_fix
awareness,853,never_aware,never_aware
awareness,854,never_aware,never_aware
awareness,855,never_aware,aware_too_late
awareness,856,never_aware,never_aware
awareness,857,never_aware,never_aware
awareness,858,aware_wrong_fix,aware_wrong_fix
awareness,859,never_aware,never_aware
awareness,860,aware_wrong_fix,aware_wrong_fix
awareness,861,never_aware,never_aware
awareness,862,never_aware,never_aware
awareness,863,never_aware,never_aware
awareness,864,never_aware,never_aware
awareness,865,never_aware,aware_wrong_fix
awareness,866,aware_wrong_fix,aware_wrong_fix
awareness,867,never_aware,never_aware
awareness,868,aware_wrong_fix,aware_wrong_fix
awareness,869,never_aware,never_aware
awareness,870,aware_wrong_fix,aware_wrong_fix
awareness,871,never_aware,never_aware
awareness,872,never_aware,never_aware
awareness,873,never_aware,never_aware
awareness,874,never_aware,never_aware
awareness,875,aware_wrong_fix,aware_abandoned
awareness,876,never_aware,never_aware
awareness,877,never_aware,never_aware
awareness,878,never_aware,never_aware
awareness,879,never_aware,never_aware
awareness,880,aware_wrong_fix,aware_wrong_fix
awareness,881,never_aware,never_aware
awareness,882,never_aware,never_aware
awareness,883,never_aware,never_aware
awareness,884,never_aware,aware_abandoned
awareness,885,aware_wrong_fix,aware_wrong_fix
awareness,886,aware_wrong_fix,aware_wrong_fix
awareness,887,never_aware,aware_too_late
awareness,888,aware_wrong_fix,aware_wrong_fix
awareness,889,never_aware,never_aware
awareness,890,never_aware,never_aware
awareness,891,aware_wrong_fix,aware_wrong_fix
awareness,892,never_aware,never_aware
awareness,893,never_aware,never_aware
awareness,894,never_aware,never_aware
awareness,895,never_aware,aware_too_late
awareness,896,never_aware,never_aware
awareness,897,aware_wrong_fix,aware_wrong_fix
awareness,898,aware_wrong_fix,aware_wrong_fix
awareness,899,aware_abandoned,aware_abandoned
awareness,900,aware_wrong_fix,aware_wrong_fix
awareness,901,aware_abandoned,aware_abandoned
awareness,902,never_aware,never_aware
awareness,903,aware_abandoned,aware_abandoned
awareness,904,aware_wrong_fix,aware_abandoned
awareness,905,aware_wrong_fix,aware_wrong_fix
awareness,906,aware_wrong_fix,aware_too_late
awareness,907,aware_abandoned,aware_abandoned
awareness,908,never_aware,never_aware
awareness,909,never_aware,never_aware
awareness,910,aware_wrong_fix,aware_wrong_fix
awareness,911,aware_abandoned,aware_abandoned
awareness,912,aware_wrong_fix,aware_wrong_fix
awareness,913,never_aware,never_aware
awareness,914,aware_wrong_fix,aware_wrong_fix
awareness,915,aware_wrong_fix,aware_wrong_fix
awareness,916,never_aware,aware_abandoned
awareness,917,aware_wrong_fix,aware_wrong_fix
awareness,918,aware_wrong_fix,aware_wrong_fix
awareness,919,never_aware,never_aware
awareness,920,never_aware,never_aware
awareness,921,aware_wrong_fix,aware_wrong_fix
awareness,922,never_aware,never_aware
awareness,923,never_aware,never_aware
awareness,924,never_aware,never_aware
awareness,925,never_aware,never_aware
awareness,926,never_aware,never_aware
awareness,927,never_aware,never_aware
awareness,928,never_aware,never_aware
awareness,929,never_aware,never_aware
awareness,930,never_aware,never_aware
awareness,931,never_aware,never_aware
awareness,932,never_aware,never_aware
awareness,933,never_aware,never_aware
awareness,934,aware_abandoned,aware_abandoned
awareness,935,never_aware,never_aware
awareness,936,never_aware,never_aware
awareness,937,never_aware,never_aware
awareness,938,never_aware,never_aware
awareness,939,never_aware,never_aware
awareness,940,never_aware,never_aware
awareness,941,never_aware,never_aware
awareness,942,aware_wrong_fix,aware_wrong_fix
awareness,943,never_aware,never_aware
awareness,944,never_aware,aware_too_late
awareness,945,aware_wrong_fix,aware_wrong_fix
awareness,946,never_aware,aware_wrong_fix
awareness,947,aware_wrong_fix,aware_too_late
awareness,948,never_aware,never_aware
awareness,949,never_aware,never_aware
awareness,950,never_aware,never_aware
awareness,951,never_aware,never_aware
awareness,952,never_aware,never_aware
awareness,953,never_aware,never_aware
awareness,954,aware_wrong_fix,aware_wrong_fix
awareness,955,never_aware,never_aware
awareness,956,aware_wrong_fix,aware_wrong_fix
awareness,957,never_aware,aware_abandoned
awareness,958,never_aware,never_aware
awareness,959,never_aware,never_aware
awareness,960,never_aware,aware_too_late
awareness,961,never_aware,never_aware
awareness,962,never_aware,never_aware
awareness,963,aware_wrong_fix,aware_wrong_fix
awareness,964,aware_wrong_fix,aware_wrong_fix
awareness,965,aware_abandoned,aware_abandoned
awareness,966,aware_wrong_fix,aware_wrong_fix
awareness,967,never_aware,never_aware
awareness,968,aware_wrong_fix,aware_wrong_fix
awareness,969,aware_wrong_fix,aware_wrong_fix
awareness,970,aware_wrong_fix,aware_abandoned
awareness,971,aware_wrong_fix,aware_wrong_fix
awareness,972,aware_wrong_fix,aware_wrong_fix
awareness,973,aware_wrong_fix,aware_wrong_fix
awareness,974,aware_wrong_fix,aware_wrong_fix
awareness,975,aware_too_late,aware_too_late
awareness,976,never_aware,never_aware
awareness,977,never_aware,never_aware
awareness,978,never_aware,never_aware
awareness,979,aware_wrong_fix,aware_wrong_fix
awareness,980,aware_wrong_fix,aware_wrong_fix
awareness,981,aware_wrong_fix,aware_wrong_fix
awareness,982,never_aware,never_aware
awareness,983,never_aware,never_aware
awareness,984,aware_wrong_fix,aware_wrong_fix
awareness,985,aware_wrong_fix,aware_wrong_fix
awareness,986,aware_wrong_fix,aware_wrong_fix
awareness,987,never_aware,never_aware
awareness,988,never_aware,never_aware
awareness,989,never_aware,aware_wrong_fix
awareness,990,aware_wrong_fix,aware_wrong_fix
awareness,991,aware_wrong_fix,aware_wrong_fix
awareness,992,aware_wrong_fix,aware_wrong_fix
awareness,993,aware_wrong_fix,aware_wrong_fix
awareness,994,aware_wrong_fix,aware_wrong_fix
awareness,995,aware_wrong_fix,aware_too_late
awareness,996,never_aware,never_aware
awareness,997,never_aware,never_aware
awareness,998,aware_wrong_fix,never_aware
awareness,999,aware_wrong_fix,aware_wrong_fix
awareness,1000,never_aware,never_aware
awareness,1001,never_aware,never_aware
awareness,1002,never_aware,never_aware
awareness,1003,never_aware,never_aware
awareness,1004,never_aware,aware_wrong_fix
awareness,1005,never_aware,never_aware
awareness,1006,aware_wrong_fix,aware_wrong_fix
awareness,1007,never_aware,never_aware
awareness,1008,never_aware,never_aware
awareness,1009,never_aware,never_aware
awareness,1010,aware_wrong_fix,never_aware
awareness,1011,never_aware,never_aware
awareness,1012,never_aware,aware_wrong_fix
awareness,1013,never_aware,never_aware
awareness,1014,never_aware,never_aware
awareness,1015,never_aware,aware_wrong_fix
awareness,1016,aware_wrong_fix,aware_wrong_fix
awareness,1017,never_aware,aware_too_late
awareness,1018,never_aware,never_aware
awareness,1019,aware_wrong_fix,aware_wrong_fix
awareness,1020,aware_wrong_fix,never_aware
awareness,1021,never_aware,aware_abandoned
awareness,1022,never_aware,never_aware
awareness,1023,aware_wrong_fix,aware_wrong_fix
awareness,1024,aware_wrong_fix,aware_wrong_fix
awareness,1025,aware_wrong_fix,aware_wrong_fix
awareness,1026,aware_wrong_fix,aware_wrong_fix
awareness,1027,aware_wrong_fix,aware_wrong_fix
awareness,1028,aware_wrong_fix,aware_wrong_fix
awareness,1029,never_aware,never_aware
awareness,1030,aware_wrong_fix,aware_abandoned
awareness,1031,aware_abandoned,aware_abandoned
awareness,1032,aware_abandoned,aware_abandoned
awareness,1033,aware_wrong_fix,aware_abandoned
awareness,1034,never_aware,never_aware
awareness,1035,aware_wrong_fix,aware_wrong_fix
awareness,1036,aware_wrong_fix,aware_wrong_fix
awareness,1037,aware_wrong_fix,aware_wrong_fix
awareness,1038,aware_wrong_fix,aware_wrong_fix
awareness,1039,never_aware,never_aware
awareness,1040,never_aware,never_aware
awareness,1041,aware_too_late,aware_too_late
awareness,1042,aware_wrong_fix,aware_wrong_fix
awareness,1043,aware_abandoned,aware_abandoned
awareness,1044,aware_wrong_fix,never_aware
awareness,1045,aware_wrong_fix,aware_wrong_fix
awareness,1046,aware_wrong_fix,aware_wrong_fix
awareness,1047,aware_wrong_fix,aware_wrong_fix
awareness,1048,never_aware,aware_wrong_fix
awareness,1049,aware_wrong_fix,aware_wrong_fix
awareness,1050,aware_wrong_fix,aware_wrong_fix
awareness,1051,aware_wrong_fix,aware_wrong_fix
awareness,1052,never_aware,never_aware
awareness,1053,never_aware,never_aware
awareness,1054,aware_wrong_fix,aware_abandoned
awareness,1055,aware_wrong_fix,aware_wrong_fix
awareness,1056,aware_wrong_fix,aware_too_late
awareness,1057,aware_wrong_fix,aware_wrong_fix
awareness,1058,aware_wrong_fix,aware_wrong_fix
awareness,1059,never_aware,never_aware
awareness,1060,never_aware,never_aware
awareness,1061,never_aware,never_aware
awareness,1062,aware_wrong_fix,aware_wrong_fix
awareness,1063,never_aware,never_aware
awareness,1064,aware_wrong_fix,aware_wrong_fix
awareness,1065,aware_wrong_fix,aware_wrong_fix
awareness,1066,never_aware,never_aware
awareness,1067,aware_wrong_fix,aware_wrong_fix
awareness,1068,never_aware,never_aware
awareness,1069,never_aware,never_aware
awareness,1070,never_aware,never_aware
awareness,1071,never_aware,never_aware
awareness,1072,aware_wrong_fix,aware_wrong_fix
awareness,1073,never_aware,aware_abandoned
awareness,1074,never_aware,never_aware
awareness,1075,never_aware,never_aware
awareness,1076,never_aware,never_aware
awareness,1077,never_aware,never_aware
awareness,1078,never_aware,never_aware
awareness,1079,aware_wrong_fix,aware_wrong_fix
awareness,1080,never_aware,never_aware
awareness,1081,never_aware,aware_too_late
awareness,1082,never_aware,never_aware
awareness,1083,never_aware,aware_too_late
awareness,1084,never_aware,never_aware
awareness,1085,never_aware,never_aware
awareness,1086,never_aware,aware_too_late
awareness,1087,never_aware,never_aware
awareness,1088,never_aware,never_aware
awareness,1089,aware_wrong_fix,aware_too_late
awareness,1090,never_aware,never_aware
awareness,1091,aware_wrong_fix,aware_wrong_fix
awareness,1092,never_aware,never_aware
awareness,1093,aware_wrong_fix,aware_wrong_fix
awareness,1094,aware_wrong_fix,aware_wrong_fix
awareness,1095,never_aware,never_aware
awareness,1096,never_aware,never_aware
awareness,1097,never_aware,never_aware
awareness,1098,never_aware,never_aware
awareness,1099,never_aware,never_aware
awareness,1100,never_aware,never_aware
awareness,1101,never_aware,never_aware
awareness,1102,aware_wrong_fix,aware_wrong_fix
awareness,1103,aware_wrong_fix,aware_too_late
awareness,1104,aware_abandoned,aware_abandoned
awareness,1105,never_aware,never_aware
awareness,1106,aware_wrong_fix,aware_wrong_fix
awareness,1107,never_aware,never_aware
awareness,1108,never_aware,aware_too_late
awareness,1109,never_aware,never_aware
awareness,1110,never_aware,aware_too_late
awareness,1111,aware_abandoned,aware_abandoned
awareness,1112,aware_wrong_fix,aware_wrong_fix
awareness,1113,aware_too_late,never_aware
awareness,1114,never_aware,never_aware
awareness,1115,aware_wrong_fix,aware_wrong_fix
awareness,1116,aware_wrong_fix,aware_wrong_fix
awareness,1117,never_aware,never_aware
awareness,1118,never_aware,never_aware
awareness,1119,aware_wrong_fix,aware_wrong_fix
awareness,1120,aware_too_late,aware_too_late
awareness,1121,never_aware,never_aware
awareness,1122,aware_wrong_fix,aware_wrong_fix
awareness,1123,aware_wrong_fix,aware_wrong_fix
awareness,1124,never_aware,never_aware
awareness,1125,never_aware,never_aware
awareness,1126,aware_wrong_fix,aware_wrong_fix
awareness,1127,never_aware,never_aware
awareness,1128,aware_wrong_fix,aware_wrong_fix
awareness,1129,aware_abandoned,aware_abandoned
awareness,1130,never_aware,never_aware
awareness,1131,aware_wrong_fix,aware_wrong_fix
awareness,1132,never_aware,never_aware
awareness,1133,aware_wrong_fix,aware_wrong_fix
awareness,1134,never_aware,never_aware
awareness,1135,aware_wrong_fix,aware_wrong_fix
awareness,1136,never_aware,never_aware
awareness,1137,aware_wrong_fix,never_aware
awareness,1138,aware_wrong_fix,aware_wrong_fix
awareness,1139,aware_wrong_fix,aware_wrong_fix
awareness,1140,aware_abandoned,aware_abandoned
awareness,1141,aware_too_late,aware_too_late
awareness,1142,aware_wrong_fix,aware_wrong_fix
awareness,1143,aware_wrong_fix,aware_wrong_fix
awareness,1144,never_aware,never_aware
awareness,1145,never_aware,aware_wrong_fix
awareness,1146,aware_wrong_fix,aware_too_late
awareness,1147,aware_wrong_fix,aware_wrong_fix
awareness,1148,never_aware,never_aware
awareness,1149,aware_wrong_fix,aware_wrong_fix
awareness,1150,never_aware,never_aware
awareness,1151,aware_abandoned,aware_abandoned
awareness,1152,aware_wrong_fix,never_aware
awareness,1153,never_aware,never_aware
awareness,1154,never_aware,never_aware
awareness,1155,aware_wrong_fix,aware_wrong_fix
awareness,1156,never_aware,never_aware
awareness,1157,aware_wrong_fix,aware_wrong_fix
awareness,1158,aware_wrong_fix,aware_wrong_fix
awareness,1159,never_aware,aware_too_late
awareness,1160,never_aware,never_aware
awareness,1161,aware_wrong_fix,aware_wrong_fix
awareness,1162,aware_wrong_fix,aware_wrong_fix
awareness,1163,aware_wrong_fix,aware_wrong_fix
awareness,1164,aware_abandoned,never_aware
awareness,1165,aware_wrong_fix,aware_wrong_fix
awareness,1166,never_aware,never_aware
awareness,1167,never_aware,never_aware
awareness,1168,never_aware,never_aware
awareness,1169,aware_wrong_fix,aware_wrong_fix
awareness,1170,aware_abandoned,aware_wrong_fix
awareness,1171,aware_abandoned,aware_abandoned
awareness,1172,aware_wrong_fix,aware_wrong_fix
awareness,1173,aware_wrong_fix,aware_wrong_fix
awareness,1174,never_aware,never_aware
awareness,1175,aware_wrong_fix,aware_wrong_fix
awareness,1176,aware_wrong_fix,aware_wrong_fix
awareness,1177,aware_abandoned,aware_abandoned
awareness,1178,aware_wrong_fix,aware_wrong_fix
awareness,1179,aware_wrong_fix,aware_wrong_fix
awareness,1180,aware_wrong_fix,aware_wrong_fix
awareness,1181,aware_wrong_fix,aware_wrong_fix
awareness,1182,aware_wrong_fix,aware_wrong_fix
awareness,1183,aware_abandoned,aware_too_late
tail_behavior,0,cosmetic_progress,cosmetic_progress
tail_behavior,1,immediate_claim,immediate_claim
tail_behavior,2,verification_theater,thrash_repeat
tail_behavior,3,verification_theater,verification_theater
tail_behavior,4,immediate_claim,immediate_claim
tail_behavior,5,new_wrong_direction,new_wrong_direction
tail_behavior,6,immediate_claim,new_wrong_direction
tail_behavior,7,immediate_claim,immediate_claim
tail_behavior,8,cosmetic_progress,cosmetic_progress
tail_behavior,9,verification_theater,verification_theater
tail_behavior,10,verification_theater,verification_theater
tail_behavior,11,immediate_claim,immediate_claim
tail_behavior,12,cosmetic_progress,cosmetic_progress
tail_behavior,13,fabrication,fabrication
tail_behavior,14,fabrication,immediate_claim
tail_behavior,15,fabrication,fabrication
tail_behavior,16,immediate_claim,immediate_claim
tail_behavior,17,verification_theater,verification_theater
tail_behavior,18,fabrication,fabrication
tail_behavior,19,verification_theater,verification_theater
tail_behavior,20,fabrication,cosmetic_progress
tail_behavior,21,cosmetic_progress,verification_theater
tail_behavior,22,thrash_repeat,thrash_repeat
tail_behavior,23,thrash_repeat,thrash_repeat
tail_behavior,24,thrash_repeat,thrash_repeat
tail_behavior,25,thrash_repeat,thrash_repeat
tail_behavior,26,new_wrong_direction,new_wrong_direction
tail_behavior,27,verification_theater,verification_theater
tail_behavior,28,verification_theater,verification_theater
tail_behavior,29,new_wrong_direction,new_wrong_direction
tail_behavior,30,thrash_repeat,thrash_repeat
tail_behavior,31,thrash_repeat,thrash_repeat
tail_behavior,32,immediate_claim,immediate_claim
tail_behavior,33,verification_theater,fabrication
tail_behavior,34,immediate_claim,immediate_claim
tail_behavior,35,verification_theater,verification_theater
tail_behavior,36,immediate_claim,immediate_claim
tail_behavior,37,verification_theater,immediate_claim
tail_behavior,38,verification_theater,verification_theater
tail_behavior,39,verification_theater,verification_theater
tail_behavior,40,immediate_claim,immediate_claim
tail_behavior,41,verification_theater,verification_theater
tail_behavior,42,immediate_claim,immediate_claim
tail_behavior,43,verification_theater,verification_theater
tail_behavior,44,verification_theater,verification_theater
tail_behavior,45,verification_theater,verification_theater
tail_behavior,46,fabrication,fabrication
tail_behavior,47,verification_theater,verification_theater
tail_behavior,48,immediate_claim,immediate_claim
tail_behavior,49,verification_theater,verification_theater
tail_behavior,50,immediate_claim,immediate_claim
tail_behavior,51,verification_theater,verification_theater
tail_behavior,52,verification_theater,verification_theater
tail_behavior,53,immediate_claim,immediate_claim
tail_behavior,54,verification_theater,cosmetic_progress
tail_behavior,55,verification_theater,verification_theater
tail_behavior,56,verification_theater,verification_theater
tail_behavior,57,verification_theater,cosmetic_progress
tail_behavior,58,verification_theater,verification_theater
tail_behavior,59,immediate_claim,immediate_claim
tail_behavior,60,immediate_claim,immediate_claim
tail_behavior,61,verification_theater,verification_theater
tail_behavior,62,verification_theater,verification_theater
tail_behavior,63,verification_theater,verification_theater
tail_behavior,64,verification_theater,cosmetic_progress
tail_behavior,65,verification_theater,verification_theater
tail_behavior,66,immediate_claim,fabrication
tail_behavior,67,verification_theater,verification_theater
tail_behavior,68,verification_theater,verification_theater
tail_behavior,69,verification_theater,cosmetic_progress
tail_behavior,70,verification_theater,verification_theater
tail_behavior,71,immediate_claim,immediate_claim
tail_behavior,72,verification_theater,verification_theater
tail_behavior,73,verification_theater,verification_theater
tail_behavior,74,verification_theater,verification_theater
tail_behavior,75,verification_theater,verification_theater
tail_behavior,76,immediate_claim,immediate_claim
tail_behavior,77,immediate_claim,thrash_repeat
tail_behavior,78,verification_theater,verification_theater
tail_behavior,79,immediate_claim,immediate_claim
tail_behavior,80,verification_theater,verification_theater
tail_behavior,81,immediate_claim,immediate_claim
tail_behavior,82,immediate_claim,fabrication
tail_behavior,83,verification_theater,verification_theater
tail_behavior,84,verification_theater,thrash_repeat
tail_behavior,85,immediate_claim,immediate_claim
tail_behavior,86,verification_theater,verification_theater
tail_behavior,87,verification_theater,verification_theater
tail_behavior,88,cosmetic_progress,cosmetic_progress
tail_behavior,89,immediate_claim,immediate_claim
tail_behavior,90,verification_theater,verification_theater
tail_behavior,91,thrash_repeat,thrash_repeat
tail_behavior,92,thrash_repeat,cosmetic_progress
tail_behavior,93,verification_theater,verification_theater
tail_behavior,94,cosmetic_progress,cosmetic_progress
tail_behavior,95,verification_theater,verification_theater
tail_behavior,96,verification_theater,fabrication
tail_behavior,97,cosmetic_progress,cosmetic_progress
tail_behavior,98,thrash_repeat,thrash_repeat
tail_behavior,99,verification_theater,verification_theater
tail_behavior,100,immediate_claim,immediate_claim
tail_behavior,101,verification_theater,verification_theater
tail_behavior,102,immediate_claim,immediate_claim
tail_behavior,103,thrash_repeat,thrash_repeat
tail_behavior,104,new_wrong_direction,new_wrong_direction
tail_behavior,105,thrash_repeat,thrash_repeat
tail_behavior,106,fabrication,fabrication
tail_behavior,107,thrash_repeat,thrash_repeat
tail_behavior,108,immediate_claim,immediate_claim
tail_behavior,109,new_wrong_direction,new_wrong_direction
tail_behavior,110,thrash_repeat,new_wrong_direction
tail_behavior,111,thrash_repeat,thrash_repeat
tail_behavior,112,immediate_claim,thrash_repeat
tail_behavior,113,immediate_claim,immediate_claim
tail_behavior,114,thrash_repeat,thrash_repeat
tail_behavior,115,thrash_repeat,thrash_repeat
tail_behavior,116,thrash_repeat,thrash_repeat
tail_behavior,117,cosmetic_progress,cosmetic_progress
tail_behavior,118,verification_theater,immediate_claim
tail_behavior,119,immediate_claim,immediate_claim
tail_behavior,120,fabrication,fabrication
tail_behavior,121,immediate_claim,immediate_claim
tail_behavior,122,thrash_repeat,thrash_repeat
tail_behavior,123,thrash_repeat,thrash_repeat
tail_behavior,124,verification_theater,verification_theater
tail_behavior,125,new_wrong_direction,fabrication
tail_behavior,126,new_wrong_direction,new_wrong_direction
tail_behavior,127,fabrication,verification_theater
tail_behavior,128,new_wrong_direction,new_wrong_direction
tail_behavior,129,thrash_repeat,thrash_repeat
tail_behavior,130,cosmetic_progress,fabrication
tail_behavior,131,cosmetic_progress,cosmetic_progress
tail_behavior,132,verification_theater,thrash_repeat
tail_behavior,133,cosmetic_progress,cosmetic_progress
tail_behavior,134,thrash_repeat,thrash_repeat
tail_behavior,135,thrash_repeat,thrash_repeat
tail_behavior,136,fabrication,fabrication
tail_behavior,137,fabrication,fabrication
tail_behavior,138,immediate_claim,thrash_repeat
tail_behavior,139,verification_theater,verification_theater
tail_behavior,140,verification_theater,verification_theater
tail_behavior,141,immediate_claim,immediate_claim
tail_behavior,142,cosmetic_progress,fabrication
tail_behavior,143,cosmetic_progress,verification_theater
tail_behavior,144,verification_theater,verification_theater
tail_behavior,145,immediate_claim,immediate_claim
tail_behavior,146,verification_theater,verification_theater
tail_behavior,147,fabrication,immediate_claim
tail_behavior,148,immediate_claim,immediate_claim
tail_behavior,149,fabrication,fabrication
tail_behavior,150,immediate_claim,verification_theater
tail_behavior,151,new_wrong_direction,new_wrong_direction
tail_behavior,152,cosmetic_progress,cosmetic_progress
tail_behavior,153,thrash_repeat,new_wrong_direction
tail_behavior,154,cosmetic_progress,cosmetic_progress
tail_behavior,155,thrash_repeat,thrash_repeat
tail_behavior,156,thrash_repeat,thrash_repeat
tail_behavior,157,immediate_claim,immediate_claim
tail_behavior,158,thrash_repeat,thrash_repeat
tail_behavior,159,thrash_repeat,thrash_repeat
tail_behavior,160,thrash_repeat,thrash_repeat
tail_behavior,161,verification_theater,verification_theater
tail_behavior,162,fabrication,fabrication
tail_behavior,163,new_wrong_direction,new_wrong_direction
tail_behavior,164,fabrication,fabrication
tail_behavior,165,fabrication,fabrication
tail_behavior,166,verification_theater,verification_theater
tail_behavior,167,immediate_claim,immediate_claim
tail_behavior,168,immediate_claim,immediate_claim
tail_behavior,169,new_wrong_direction,new_wrong_direction
tail_behavior,170,thrash_repeat,thrash_repeat
tail_behavior,171,fabrication,cosmetic_progress
tail_behavior,172,fabrication,fabrication
tail_behavior,173,immediate_claim,immediate_claim
tail_behavior,174,immediate_claim,immediate_claim
tail_behavior,175,immediate_claim,immediate_claim
tail_behavior,176,thrash_repeat,cosmetic_progress
tail_behavior,177,new_wrong_direction,new_wrong_direction
tail_behavior,178,fabrication,fabrication
tail_behavior,179,fabrication,fabrication
tail_behavior,180,immediate_claim,immediate_claim
tail_behavior,181,fabrication,fabrication
tail_behavior,182,thrash_repeat,thrash_repeat
tail_behavior,183,cosmetic_progress,cosmetic_progress
tail_behavior,184,new_wrong_direction,new_wrong_direction
tail_behavior,185,thrash_repeat,thrash_repeat
tail_behavior,186,immediate_claim,immediate_claim
tail_behavior,187,cosmetic_progress,cosmetic_progress
tail_behavior,188,verification_theater,fabrication
tail_behavior,189,immediate_claim,thrash_repeat
tail_behavior,190,thrash_repeat,thrash_repeat
tail_behavior,191,fabrication,fabrication
tail_behavior,192,immediate_claim,immediate_claim
tail_behavior,193,immediate_claim,immediate_claim
tail_behavior,194,verification_theater,verification_theater
tail_behavior,195,verification_theater,verification_theater
tail_behavior,196,immediate_claim,cosmetic_progress
tail_behavior,197,immediate_claim,immediate_claim
tail_behavior,198,verification_theater,verification_theater
tail_behavior,199,verification_theater,verification_theater
tail_behavior,200,thrash_repeat,thrash_repeat
tail_behavior,201,verification_theater,verification_theater
tail_behavior,202,immediate_claim,immediate_claim
tail_behavior,203,immediate_claim,immediate_claim
tail_behavior,204,immediate_claim,immediate_claim
tail_behavior,205,verification_theater,verification_theater
tail_behavior,206,immediate_claim,verification_theater
tail_behavior,207,immediate_claim,immediate_claim
tail_behavior,208,verification_theater,verification_theater
tail_behavior,209,immediate_claim,immediate_claim
tail_behavior,210,cosmetic_progress,cosmetic_progress
tail_behavior,211,new_wrong_direction,new_wrong_direction
tail_behavior,212,verification_theater,immediate_claim
tail_behavior,213,verification_theater,verification_theater
tail_behavior,214,immediate_claim,immediate_claim
tail_behavior,215,immediate_claim,new_wrong_direction
tail_behavior,216,verification_theater,verification_theater
tail_behavior,217,fabrication,fabrication
tail_behavior,218,immediate_claim,immediate_claim
tail_behavior,219,new_wrong_direction,new_wrong_direction
tail_behavior,220,new_wrong_direction,new_wrong_direction
tail_behavior,221,new_wrong_direction,new_wrong_direction
tail_behavior,222,immediate_claim,immediate_claim
tail_behavior,223,new_wrong_direction,new_wrong_direction
tail_behavior,224,thrash_repeat,thrash_repeat
tail_behavior,225,cosmetic_progress,cosmetic_progress
tail_behavior,226,immediate_claim,verification_theater
tail_behavior,227,immediate_claim,verification_theater
tail_behavior,228,immediate_claim,immediate_claim
tail_behavior,229,immediate_claim,new_wrong_direction
tail_behavior,230,thrash_repeat,thrash_repeat
tail_behavior,231,verification_theater,fabrication
tail_behavior,232,immediate_claim,immediate_claim
tail_behavior,233,verification_theater,immediate_claim
tail_behavior,234,verification_theater,verification_theater
tail_behavior,235,thrash_repeat,thrash_repeat
tail_behavior,236,verification_theater,verification_theater
tail_behavior,237,verification_theater,cosmetic_progress
tail_behavior,238,immediate_claim,immediate_claim
tail_behavior,239,immediate_claim,immediate_claim
tail_behavior,240,immediate_claim,immediate_claim
tail_behavior,241,immediate_claim,immediate_claim
tail_behavior,242,verification_theater,verification_theater
tail_behavior,243,immediate_claim,immediate_claim
tail_behavior,244,verification_theater,verification_theater
tail_behavior,245,verification_theater,verification_theater
tail_behavior,246,fabrication,fabrication
tail_behavior,247,cosmetic_progress,immediate_claim
tail_behavior,248,cosmetic_progress,cosmetic_progress
tail_behavior,249,fabrication,fabrication
tail_behavior,250,immediate_claim,immediate_claim
tail_behavior,251,fabrication,fabrication
tail_behavior,252,fabrication,fabrication
tail_behavior,253,immediate_claim,immediate_claim
tail_behavior,254,verification_theater,verification_theater
tail_behavior,255,new_wrong_direction,new_wrong_direction
tail_behavior,256,fabrication,fabrication
tail_behavior,257,fabrication,fabrication
tail_behavior,258,fabrication,fabrication
tail_behavior,259,thrash_repeat,verification_theater
tail_behavior,260,fabrication,fabrication
tail_behavior,261,fabrication,fabrication
tail_behavior,262,cosmetic_progress,cosmetic_progress
tail_behavior,263,fabrication,fabrication
tail_behavior,264,fabrication,fabrication
tail_behavior,265,fabrication,fabrication
tail_behavior,266,fabrication,fabrication
tail_behavior,267,fabrication,fabrication
tail_behavior,268,fabrication,fabrication
tail_behavior,269,fabrication,fabrication
tail_behavior,270,fabrication,fabrication
tail_behavior,271,fabrication,fabrication
tail_behavior,272,thrash_repeat,thrash_repeat
tail_behavior,273,thrash_repeat,thrash_repeat
tail_behavior,274,fabrication,fabrication
tail_behavior,275,fabrication,fabrication
tail_behavior,276,fabrication,fabrication
tail_behavior,277,thrash_repeat,fabrication
tail_behavior,278,new_wrong_direction,new_wrong_direction
tail_behavior,279,thrash_repeat,thrash_repeat
tail_behavior,280,fabrication,thrash_repeat
tail_behavior,281,new_wrong_direction,new_wrong_direction
tail_behavior,282,thrash_repeat,thrash_repeat
tail_behavior,283,new_wrong_direction,new_wrong_direction
tail_behavior,284,cosmetic_progress,fabrication
tail_behavior,285,thrash_repeat,cosmetic_progress
tail_behavior,286,thrash_repeat,thrash_repeat
tail_behavior,287,new_wrong_direction,new_wrong_direction
tail_behavior,288,thrash_repeat,thrash_repeat
tail_behavior,289,new_wrong_direction,new_wrong_direction
tail_behavior,290,thrash_repeat,thrash_repeat
tail_behavior,291,verification_theater,verification_theater
tail_behavior,292,verification_theater,cosmetic_progress
tail_behavior,293,verification_theater,verification_theater
tail_behavior,294,thrash_repeat,immediate_claim
tail_behavior,295,immediate_claim,immediate_claim
tail_behavior,296,verification_theater,verification_theater
tail_behavior,297,verification_theater,fabrication
tail_behavior,298,verification_theater,verification_theater
tail_behavior,299,immediate_claim,immediate_claim
tail_behavior,300,immediate_claim,immediate_claim
tail_behavior,301,verification_theater,verification_theater
tail_behavior,302,immediate_claim,immediate_claim
tail_behavior,303,verification_theater,verification_theater
tail_behavior,304,verification_theater,verification_theater
tail_behavior,305,immediate_claim,immediate_claim
tail_behavior,306,immediate_claim,immediate_claim
tail_behavior,307,verification_theater,verification_theater
tail_behavior,308,new_wrong_direction,new_wrong_direction
tail_behavior,309,fabrication,fabrication
tail_behavior,310,cosmetic_progress,cosmetic_progress
tail_behavior,311,new_wrong_direction,new_wrong_direction
tail_behavior,312,thrash_repeat,thrash_repeat
tail_behavior,313,fabrication,verification_theater
tail_behavior,314,fabrication,fabrication
tail_behavior,315,thrash_repeat,thrash_repeat
tail_behavior,316,fabrication,fabrication
tail_behavior,317,thrash_repeat,thrash_repeat
tail_behavior,318,fabrication,fabrication
tail_behavior,319,verification_theater,verification_theater
tail_behavior,320,thrash_repeat,thrash_repeat
tail_behavior,321,thrash_repeat,cosmetic_progress
tail_behavior,322,verification_theater,verification_theater
tail_behavior,323,fabrication,fabrication
tail_behavior,324,thrash_repeat,thrash_repeat
tail_behavior,325,thrash_repeat,new_wrong_direction
tail_behavior,326,thrash_repeat,thrash_repeat
tail_behavior,327,verification_theater,verification_theater
tail_behavior,328,fabrication,verification_theater
tail_behavior,329,verification_theater,verification_theater
tail_behavior,330,verification_theater,verification_theater
tail_behavior,331,thrash_repeat,thrash_repeat
tail_behavior,332,verification_theater,verification_theater
tail_behavior,333,immediate_claim,immediate_claim
tail_behavior,334,cosmetic_progress,cosmetic_progress
tail_behavior,335,verification_theater,verification_theater
tail_behavior,336,thrash_repeat,thrash_repeat
tail_behavior,337,thrash_repeat,thrash_repeat
tail_behavior,338,verification_theater,verification_theater
tail_behavior,339,immediate_claim,immediate_claim
tail_behavior,340,verification_theater,verification_theater
tail_behavior,341,thrash_repeat,thrash_repeat
tail_behavior,342,immediate_claim,immediate_claim
tail_behavior,343,new_wrong_direction,new_wrong_direction
tail_behavior,344,thrash_repeat,thrash_repeat
tail_behavior,345,immediate_claim,immediate_claim
tail_behavior,346,immediate_claim,immediate_claim
tail_behavior,347,verification_theater,immediate_claim
tail_behavior,348,verification_theater,verification_theater
tail_behavior,349,verification_theater,verification_theater
tail_behavior,350,fabrication,fabrication
tail_behavior,351,fabrication,fabrication
tail_behavior,352,fabrication,fabrication
tail_behavior,353,thrash_repeat,thrash_repeat
tail_behavior,354,immediate_claim,immediate_claim
tail_behavior,355,verification_theater,verification_theater
tail_behavior,356,cosmetic_progress,cosmetic_progress
tail_behavior,357,fabrication,cosmetic_progress
tail_behavior,358,cosmetic_progress,cosmetic_progress
tail_behavior,359,cosmetic_progress,cosmetic_progress
tail_behavior,360,immediate_claim,immediate_claim
tail_behavior,361,thrash_repeat,thrash_repeat
tail_behavior,362,verification_theater,verification_theater
tail_behavior,363,thrash_repeat,cosmetic_progress
tail_behavior,364,fabrication,fabrication
tail_behavior,365,thrash_repeat,thrash_repeat
tail_behavior,366,verification_theater,verification_theater
tail_behavior,367,fabrication,fabrication
tail_behavior,368,thrash_repeat,thrash_repeat
tail_behavior,369,verification_theater,new_wrong_direction
tail_behavior,370,fabrication,fabrication
tail_behavior,371,verification_theater,verification_theater
tail_behavior,372,thrash_repeat,thrash_repeat
tail_behavior,373,thrash_repeat,verification_theater
tail_behavior,374,new_wrong_direction,new_wrong_direction
tail_behavior,375,thrash_repeat,thrash_repeat
tail_behavior,376,fabrication,fabrication
tail_behavior,377,new_wrong_direction,new_wrong_direction
tail_behavior,378,thrash_repeat,thrash_repeat
tail_behavior,379,thrash_repeat,thrash_repeat
tail_behavior,380,thrash_repeat,thrash_repeat
tail_behavior,381,thrash_repeat,cosmetic_progress
tail_behavior,382,thrash_repeat,thrash_repeat
tail_behavior,383,thrash_repeat,thrash_repeat
tail_behavior,384,fabrication,fabrication
tail_behavior,385,new_wrong_direction,new_wrong_direction
tail_behavior,386,new_wrong_direction,new_wrong_direction
tail_behavior,387,cosmetic_progress,cosmetic_progress
tail_behavior,388,verification_theater,fabrication
tail_behavior,389,verification_theater,verification_theater
tail_behavior,390,verification_theater,verification_theater
tail_behavior,391,immediate_claim,new_wrong_direction
tail_behavior,392,verification_theater,verification_theater
tail_behavior,393,verification_theater,verification_theater
tail_behavior,394,immediate_claim,thrash_repeat
tail_behavior,395,fabrication,immediate_claim
tail_behavior,396,fabrication,fabrication
tail_behavior,397,new_wrong_direction,new_wrong_direction
tail_behavior,398,thrash_repeat,thrash_repeat
tail_behavior,399,thrash_repeat,thrash_repeat
tail_behavior,400,verification_theater,verification_theater
tail_behavior,401,thrash_repeat,thrash_repeat
tail_behavior,402,thrash_repeat,thrash_repeat
tail_behavior,403,immediate_claim,immediate_claim
tail_behavior,404,thrash_repeat,thrash_repeat
tail_behavior,405,immediate_claim,immediate_claim
tail_behavior,406,fabrication,immediate_claim
tail_behavior,407,fabrication,fabrication
tail_behavior,408,cosmetic_progress,cosmetic_progress
tail_behavior,409,immediate_claim,immediate_claim
tail_behavior,410,immediate_claim,immediate_claim
tail_behavior,411,new_wrong_direction,verification_theater
tail_behavior,412,immediate_claim,immediate_claim
tail_behavior,413,fabrication,fabrication
tail_behavior,414,immediate_claim,immediate_claim
tail_behavior,415,immediate_claim,immediate_claim
tail_behavior,416,fabrication,fabrication
tail_behavior,417,fabrication,fabrication
tail_behavior,418,verification_theater,verification_theater
tail_behavior,419,immediate_claim,immediate_claim
tail_behavior,420,thrash_repeat,new_wrong_direction
tail_behavior,421,fabrication,fabrication
tail_behavior,422,thrash_repeat,thrash_repeat
tail_behavior,423,thrash_repeat,thrash_repeat
tail_behavior,424,fabrication,fabrication
tail_behavior,425,new_wrong_direction,new_wrong_direction
tail_behavior,426,fabrication,fabrication
tail_behavior,427,fabrication,fabrication
tail_behavior,428,thrash_repeat,verification_theater
tail_behavior,429,verification_theater,verification_theater
tail_behavior,430,cosmetic_progress,cosmetic_progress
tail_behavior,431,cosmetic_progress,cosmetic_progress
tail_behavior,432,fabrication,fabrication
tail_behavior,433,fabrication,fabrication
tail_behavior,434,cosmetic_progress,verification_theater
tail_behavior,435,cosmetic_progress,immediate_claim
tail_behavior,436,verification_theater,verification_theater
tail_behavior,437,thrash_repeat,thrash_repeat
tail_behavior,438,verification_theater,verification_theater
tail_behavior,439,immediate_claim,immediate_claim
tail_behavior,440,cosmetic_progress,thrash_repeat
tail_behavior,441,immediate_claim,immediate_claim
tail_behavior,442,verification_theater,verification_theater
tail_behavior,443,fabrication,fabrication
tail_behavior,444,verification_theater,verification_theater
tail_behavior,445,verification_theater,verification_theater
tail_behavior,446,fabrication,fabrication
tail_behavior,447,new_wrong_direction,new_wrong_direction
tail_behavior,448,verification_theater,cosmetic_progress
tail_behavior,449,cosmetic_progress,cosmetic_progress
tail_behavior,450,fabrication,fabrication
tail_behavior,451,fabrication,fabrication
tail_behavior,452,verification_theater,verification_theater
tail_behavior,453,thrash_repeat,thrash_repeat
tail_behavior,454,thrash_repeat,thrash_repeat
tail_behavior,455,immediate_claim,immediate_claim
tail_behavior,456,cosmetic_progress,thrash_repeat
tail_behavior,457,fabrication,new_wrong_direction
tail_behavior,458,fabrication,fabrication
tail_behavior,459,fabrication,fabrication
tail_behavior,460,fabrication,fabrication
tail_behavior,461,fabrication,fabrication
tail_behavior,462,fabrication,fabrication
tail_behavior,463,fabrication,cosmetic_progress
tail_behavior,464,fabrication,fabrication
tail_behavior,465,fabrication,fabrication
tail_behavior,466,fabrication,new_wrong_direction
tail_behavior,467,thrash_repeat,thrash_repeat
tail_behavior,468,new_wrong_direction,new_wrong_direction
tail_behavior,469,fabrication,fabrication
tail_behavior,470,fabrication,verification_theater
tail_behavior,471,new_wrong_direction,new_wrong_direction
tail_behavior,472,thrash_repeat,thrash_repeat
tail_behavior,473,fabrication,fabrication
tail_behavior,474,immediate_claim,immediate_claim
tail_behavior,475,immediate_claim,cosmetic_progress
tail_behavior,476,verification_theater,verification_theater
tail_behavior,477,verification_theater,verification_theater
tail_behavior,478,verification_theater,verification_theater
tail_behavior,479,new_wrong_direction,new_wrong_direction
tail_behavior,480,immediate_claim,immediate_claim
tail_behavior,481,verification_theater,verification_theater
tail_behavior,482,immediate_claim,immediate_claim
tail_behavior,483,verification_theater,verification_theater
tail_behavior,484,verification_theater,verification_theater
tail_behavior,485,verification_theater,verification_theater
tail_behavior,486,new_wrong_direction,new_wrong_direction
tail_behavior,487,verification_theater,verification_theater
tail_behavior,488,verification_theater,verification_theater
tail_behavior,489,new_wrong_direction,new_wrong_direction
tail_behavior,490,immediate_claim,immediate_claim
tail_behavior,491,verification_theater,verification_theater
tail_behavior,492,verification_theater,verification_theater
tail_behavior,493,immediate_claim,immediate_claim
tail_behavior,494,verification_theater,verification_theater
tail_behavior,495,fabrication,fabrication
tail_behavior,496,immediate_claim,immediate_claim
tail_behavior,497,verification_theater,fabrication
tail_behavior,498,cosmetic_progress,cosmetic_progress
tail_behavior,499,verification_theater,verification_theater
tail_behavior,500,verification_theater,verification_theater
tail_behavior,501,new_wrong_direction,new_wrong_direction
tail_behavior,502,fabrication,fabrication
tail_behavior,503,immediate_claim,verification_theater
tail_behavior,504,verification_theater,verification_theater
tail_behavior,505,new_wrong_direction,new_wrong_direction
tail_behavior,506,verification_theater,verification_theater
tail_behavior,507,verification_theater,verification_theater
tail_behavior,508,thrash_repeat,thrash_repeat
tail_behavior,509,fabrication,fabrication
tail_behavior,510,fabrication,fabrication
tail_behavior,511,verification_theater,verification_theater
tail_behavior,512,verification_theater,verification_theater
tail_behavior,513,immediate_claim,immediate_claim
tail_behavior,514,verification_theater,verification_theater
tail_behavior,515,verification_theater,verification_theater
tail_behavior,516,verification_theater,verification_theater
tail_behavior,517,thrash_repeat,thrash_repeat
tail_behavior,518,verification_theater,fabrication
tail_behavior,519,fabrication,immediate_claim
tail_behavior,520,thrash_repeat,thrash_repeat
tail_behavior,521,verification_theater,immediate_claim
tail_behavior,522,immediate_claim,immediate_claim
tail_behavior,523,cosmetic_progress,thrash_repeat
tail_behavior,524,fabrication,fabrication
tail_behavior,525,fabrication,fabrication
tail_behavior,526,immediate_claim,immediate_claim
tail_behavior,527,cosmetic_progress,fabrication
tail_behavior,528,cosmetic_progress,cosmetic_progress
tail_behavior,529,verification_theater,verification_theater
tail_behavior,530,verification_theater,immediate_claim
tail_behavior,531,verification_theater,verification_theater
tail_behavior,532,cosmetic_progress,cosmetic_progress
tail_behavior,533,cosmetic_progress,cosmetic_progress
tail_behavior,534,verification_theater,verification_theater
tail_behavior,535,cosmetic_progress,cosmetic_progress
tail_behavior,536,immediate_claim,fabrication
tail_behavior,537,thrash_repeat,thrash_repeat
tail_behavior,538,thrash_repeat,thrash_repeat
tail_behavior,539,thrash_repeat,thrash_repeat
tail_behavior,540,immediate_claim,immediate_claim
tail_behavior,541,immediate_claim,cosmetic_progress
tail_behavior,542,verification_theater,verification_theater
tail_behavior,543,verification_theater,verification_theater
tail_behavior,544,fabrication,fabrication
tail_behavior,545,cosmetic_progress,cosmetic_progress
tail_behavior,546,fabrication,cosmetic_progress
tail_behavior,547,verification_theater,verification_theater
tail_behavior,548,fabrication,fabrication
tail_behavior,549,fabrication,fabrication
tail_behavior,550,thrash_repeat,thrash_repeat
tail_behavior,551,fabrication,fabrication
tail_behavior,552,fabrication,fabrication
tail_behavior,553,fabrication,fabrication
tail_behavior,554,thrash_repeat,thrash_repeat
tail_behavior,555,thrash_repeat,cosmetic_progress
tail_behavior,556,thrash_repeat,cosmetic_progress
tail_behavior,557,thrash_repeat,thrash_repeat
tail_behavior,558,thrash_repeat,thrash_repeat
tail_behavior,559,thrash_repeat,thrash_repeat
tail_behavior,560,thrash_repeat,thrash_repeat
tail_behavior,561,verification_theater,fabrication
tail_behavior,562,thrash_repeat,thrash_repeat
tail_behavior,563,thrash_repeat,thrash_repeat
tail_behavior,564,cosmetic_progress,thrash_repeat
tail_behavior,565,fabrication,fabrication
tail_behavior,566,thrash_repeat,thrash_repeat
tail_behavior,567,thrash_repeat,thrash_repeat
tail_behavior,568,thrash_repeat,thrash_repeat
tail_behavior,569,thrash_repeat,thrash_repeat
tail_behavior,570,thrash_repeat,thrash_repeat
tail_behavior,571,thrash_repeat,thrash_repeat
tail_behavior,572,fabrication,fabrication
tail_behavior,573,thrash_repeat,thrash_repeat
tail_behavior,574,verification_theater,verification_theater
tail_behavior,575,verification_theater,verification_theater
tail_behavior,576,verification_theater,verification_theater
tail_behavior,577,new_wrong_direction,new_wrong_direction
tail_behavior,578,new_wrong_direction,new_wrong_direction
tail_behavior,579,new_wrong_direction,new_wrong_direction
tail_behavior,580,cosmetic_progress,cosmetic_progress
tail_behavior,581,fabrication,fabrication
tail_behavior,582,fabrication,fabrication
tail_behavior,583,new_wrong_direction,new_wrong_direction
tail_behavior,584,new_wrong_direction,new_wrong_direction
tail_behavior,585,fabrication,fabrication
tail_behavior,586,thrash_repeat,thrash_repeat
tail_behavior,587,thrash_repeat,thrash_repeat
tail_behavior,588,thrash_repeat,thrash_repeat
tail_behavior,589,thrash_repeat,thrash_repeat
tail_behavior,590,verification_theater,verification_theater
tail_behavior,591,cosmetic_progress,thrash_repeat
tail_behavior,592,new_wrong_direction,thrash_repeat
tail_behavior,593,verification_theater,verification_theater
tail_behavior,594,verification_theater,thrash_repeat
tail_behavior,595,thrash_repeat,thrash_repeat
tail_behavior,596,fabrication,fabrication
tail_behavior,597,new_wrong_direction,new_wrong_direction
tail_behavior,598,new_wrong_direction,new_wrong_direction
tail_behavior,599,thrash_repeat,thrash_repeat
tail_behavior,600,immediate_claim,immediate_claim
tail_behavior,601,immediate_claim,immediate_claim
tail_behavior,602,immediate_claim,immediate_claim
tail_behavior,603,immediate_claim,immediate_claim
tail_behavior,604,fabrication,verification_theater
tail_behavior,605,immediate_claim,cosmetic_progress
tail_behavior,606,verification_theater,verification_theater
tail_behavior,607,cosmetic_progress,cosmetic_progress
tail_behavior,608,thrash_repeat,thrash_repeat
tail_behavior,609,verification_theater,immediate_claim
tail_behavior,610,verification_theater,verification_theater
tail_behavior,611,verification_theater,verification_theater
tail_behavior,612,immediate_claim,verification_theater
tail_behavior,613,immediate_claim,cosmetic_progress
tail_behavior,614,verification_theater,fabrication
tail_behavior,615,verification_theater,verification_theater
tail_behavior,616,fabrication,immediate_claim
tail_behavior,617,verification_theater,thrash_repeat
tail_behavior,618,immediate_claim,immediate_claim
tail_behavior,619,immediate_claim,immediate_claim
tail_behavior,620,immediate_claim,immediate_claim
tail_behavior,621,fabrication,fabrication
tail_behavior,622,immediate_claim,immediate_claim
tail_behavior,623,verification_theater,verification_theater
tail_behavior,624,verification_theater,verification_theater
tail_behavior,625,verification_theater,verification_theater
tail_behavior,626,immediate_claim,immediate_claim
tail_behavior,627,verification_theater,immediate_claim
tail_behavior,628,verification_theater,verification_theater
tail_behavior,629,immediate_claim,verification_theater
tail_behavior,630,fabrication,fabrication
tail_behavior,631,fabrication,fabrication
tail_behavior,632,fabrication,fabrication
tail_behavior,633,fabrication,fabrication
tail_behavior,634,verification_theater,verification_theater
tail_behavior,635,verification_theater,verification_theater
tail_behavior,636,immediate_claim,immediate_claim
tail_behavior,637,fabrication,fabrication
tail_behavior,638,fabrication,fabrication
tail_behavior,639,thrash_repeat,thrash_repeat
tail_behavior,640,fabrication,fabrication
tail_behavior,641,verification_theater,verification_theater
tail_behavior,642,fabrication,fabrication
tail_behavior,643,new_wrong_direction,new_wrong_direction
tail_behavior,644,immediate_claim,immediate_claim
tail_behavior,645,immediate_claim,immediate_claim
tail_behavior,646,immediate_claim,verification_theater
tail_behavior,647,fabrication,fabrication
tail_behavior,648,immediate_claim,immediate_claim
tail_behavior,649,immediate_claim,immediate_claim
tail_behavior,650,fabrication,fabrication
tail_behavior,651,thrash_repeat,thrash_repeat
tail_behavior,652,thrash_repeat,thrash_repeat
tail_behavior,653,thrash_repeat,thrash_repeat
tail_behavior,654,verification_theater,verification_theater
tail_behavior,655,verification_theater,new_wrong_direction
tail_behavior,656,new_wrong_direction,new_wrong_direction
tail_behavior,657,new_wrong_direction,new_wrong_direction
tail_behavior,658,verification_theater,verification_theater
tail_behavior,659,verification_theater,thrash_repeat
tail_behavior,660,new_wrong_direction,new_wrong_direction
tail_behavior,661,thrash_repeat,thrash_repeat
tail_behavior,662,new_wrong_direction,new_wrong_direction
tail_behavior,663,immediate_claim,immediate_claim
tail_behavior,664,immediate_claim,fabrication
tail_behavior,665,thrash_repeat,cosmetic_progress
tail_behavior,666,thrash_repeat,immediate_claim
tail_behavior,667,new_wrong_direction,fabrication
tail_behavior,668,thrash_repeat,thrash_repeat
tail_behavior,669,fabrication,fabrication
tail_behavior,670,verification_theater,verification_theater
tail_behavior,671,new_wrong_direction,cosmetic_progress
tail_behavior,672,new_wrong_direction,new_wrong_direction
tail_behavior,673,verification_theater,verification_theater
tail_behavior,674,fabrication,fabrication
tail_behavior,675,fabrication,fabrication
tail_behavior,676,immediate_claim,new_wrong_direction
tail_behavior,677,immediate_claim,immediate_claim
tail_behavior,678,fabrication,immediate_claim
tail_behavior,679,fabrication,verification_theater
tail_behavior,680,verification_theater,verification_theater
tail_behavior,681,thrash_repeat,thrash_repeat
tail_behavior,682,immediate_claim,immediate_claim
tail_behavior,683,verification_theater,verification_theater
tail_behavior,684,verification_theater,verification_theater
tail_behavior,685,thrash_repeat,fabrication
tail_behavior,686,thrash_repeat,verification_theater
tail_behavior,687,verification_theater,immediate_claim
tail_behavior,688,thrash_repeat,thrash_repeat
tail_behavior,689,new_wrong_direction,new_wrong_direction
tail_behavior,690,verification_theater,verification_theater
tail_behavior,691,thrash_repeat,thrash_repeat
tail_behavior,692,immediate_claim,immediate_claim
tail_behavior,693,verification_theater,verification_theater
tail_behavior,694,immediate_claim,immediate_claim
tail_behavior,695,thrash_repeat,thrash_repeat
tail_behavior,696,verification_theater,verification_theater
tail_behavior,697,cosmetic_progress,cosmetic_progress
tail_behavior,698,verification_theater,verification_theater
tail_behavior,699,cosmetic_progress,cosmetic_progress
tail_behavior,700,thrash_repeat,thrash_repeat
tail_behavior,701,immediate_claim,immediate_claim
tail_behavior,702,immediate_claim,fabrication
tail_behavior,703,immediate_claim,immediate_claim
tail_behavior,704,immediate_claim,immediate_claim
tail_behavior,705,verification_theater,verification_theater
tail_behavior,706,verification_theater,fabrication
tail_behavior,707,verification_theater,verification_theater
tail_behavior,708,immediate_claim,immediate_claim
tail_behavior,709,verification_theater,verification_theater
tail_behavior,710,verification_theater,immediate_claim
tail_behavior,711,immediate_claim,immediate_claim
tail_behavior,712,verification_theater,verification_theater
tail_behavior,713,verification_theater,verification_theater
tail_behavior,714,cosmetic_progress,immediate_claim
tail_behavior,715,verification_theater,verification_theater
tail_behavior,716,verification_theater,verification_theater
tail_behavior,717,immediate_claim,immediate_claim
tail_behavior,718,verification_theater,new_wrong_direction
tail_behavior,719,thrash_repeat,thrash_repeat
tail_behavior,720,thrash_repeat,thrash_repeat
tail_behavior,721,verification_theater,verification_theater
tail_behavior,722,cosmetic_progress,cosmetic_progress
tail_behavior,723,new_wrong_direction,new_wrong_direction
tail_behavior,724,thrash_repeat,thrash_repeat
tail_behavior,725,verification_theater,verification_theater
tail_behavior,726,immediate_claim,immediate_claim
tail_behavior,727,verification_theater,verification_theater
tail_behavior,728,cosmetic_progress,immediate_claim
tail_behavior,729,new_wrong_direction,new_wrong_direction
tail_behavior,730,thrash_repeat,thrash_repeat
tail_behavior,731,verification_theater,verification_theater
tail_behavior,732,immediate_claim,immediate_claim
tail_behavior,733,thrash_repeat,thrash_repeat
tail_behavior,734,verification_theater,verification_theater
tail_behavior,735,fabrication,fabrication
tail_behavior,736,new_wrong_direction,new_wrong_direction
tail_behavior,737,verification_theater,verification_theater
tail_behavior,738,verification_theater,thrash_repeat
tail_behavior,739,cosmetic_progress,cosmetic_progress
tail_behavior,740,cosmetic_progress,verification_theater
tail_behavior,741,thrash_repeat,thrash_repeat
tail_behavior,742,thrash_repeat,cosmetic_progress
tail_behavior,743,thrash_repeat,verification_theater
tail_behavior,744,new_wrong_direction,new_wrong_direction
tail_behavior,745,thrash_repeat,fabrication
tail_behavior,746,cosmetic_progress,cosmetic_progress
tail_behavior,747,verification_theater,verification_theater
tail_behavior,748,cosmetic_progress,cosmetic_progress
tail_behavior,749,thrash_repeat,thrash_repeat
tail_behavior,750,cosmetic_progress,cosmetic_progress
tail_behavior,751,verification_theater,verification_theater
tail_behavior,752,verification_theater,cosmetic_progress
tail_behavior,753,fabrication,fabrication
tail_behavior,754,new_wrong_direction,new_wrong_direction
tail_behavior,755,thrash_repeat,thrash_repeat
tail_behavior,756,thrash_repeat,thrash_repeat
tail_behavior,757,immediate_claim,immediate_claim
tail_behavior,758,immediate_claim,immediate_claim
tail_behavior,759,verification_theater,verification_theater
tail_behavior,760,cosmetic_progress,cosmetic_progress
tail_behavior,761,thrash_repeat,thrash_repeat
tail_behavior,762,verification_theater,verification_theater
tail_behavior,763,thrash_repeat,new_wrong_direction
tail_behavior,764,thrash_repeat,thrash_repeat
tail_behavior,765,cosmetic_progress,cosmetic_progress
tail_behavior,766,thrash_repeat,thrash_repeat
tail_behavior,767,thrash_repeat,thrash_repeat
tail_behavior,768,new_wrong_direction,thrash_repeat
tail_behavior,769,thrash_repeat,thrash_repeat
tail_behavior,770,thrash_repeat,new_wrong_direction
tail_behavior,771,immediate_claim,fabrication
tail_behavior,772,immediate_claim,new_wrong_direction
tail_behavior,773,thrash_repeat,thrash_repeat
tail_behavior,774,verification_theater,verification_theater
tail_behavior,775,fabrication,fabrication
tail_behavior,776,thrash_repeat,thrash_repeat
tail_behavior,777,thrash_repeat,thrash_repeat
tail_behavior,778,thrash_repeat,thrash_repeat
tail_behavior,779,thrash_repeat,thrash_repeat
tail_behavior,780,fabrication,fabrication
tail_behavior,781,fabrication,fabrication
tail_behavior,782,thrash_repeat,thrash_repeat
tail_behavior,783,thrash_repeat,thrash_repeat
tail_behavior,784,thrash_repeat,thrash_repeat
tail_behavior,785,thrash_repeat,thrash_repeat
tail_behavior,786,thrash_repeat,thrash_repeat
tail_behavior,787,fabrication,fabrication
tail_behavior,788,fabrication,fabrication
tail_behavior,789,thrash_repeat,thrash_repeat
tail_behavior,790,fabrication,fabrication
tail_behavior,791,thrash_repeat,thrash_repeat
tail_behavior,792,fabrication,new_wrong_direction
tail_behavior,793,fabrication,fabrication
tail_behavior,794,fabrication,fabrication
tail_behavior,795,thrash_repeat,thrash_repeat
tail_behavior,796,cosmetic_progress,cosmetic_progress
tail_behavior,797,immediate_claim,new_wrong_direction
tail_behavior,798,fabrication,fabrication
tail_behavior,799,thrash_repeat,thrash_repeat
tail_behavior,800,verification_theater,verification_theater
tail_behavior,801,verification_theater,verification_theater
tail_behavior,802,immediate_claim,immediate_claim
tail_behavior,803,cosmetic_progress,cosmetic_progress
tail_behavior,804,fabrication,fabrication
tail_behavior,805,verification_theater,verification_theater
tail_behavior,806,verification_theater,verification_theater
tail_behavior,807,immediate_claim,immediate_claim
tail_behavior,808,verification_theater,verification_theater
tail_behavior,809,verification_theater,verification_theater
tail_behavior,810,new_wrong_direction,new_wrong_direction
tail_behavior,811,immediate_claim,immediate_claim
tail_behavior,812,cosmetic_progress,cosmetic_progress
tail_behavior,813,fabrication,new_wrong_direction
tail_behavior,814,verification_theater,verification_theater
tail_behavior,815,verification_theater,cosmetic_progress
tail_behavior,816,verification_theater,verification_theater
tail_behavior,817,fabrication,fabrication
tail_behavior,818,new_wrong_direction,new_wrong_direction
tail_behavior,819,new_wrong_direction,new_wrong_direction
tail_behavior,820,verification_theater,verification_theater
tail_behavior,821,verification_theater,cosmetic_progress
tail_behavior,822,verification_theater,verification_theater
tail_behavior,823,verification_theater,verification_theater
tail_behavior,824,verification_theater,fabrication
tail_behavior,825,immediate_claim,immediate_claim
tail_behavior,826,verification_theater,verification_theater
tail_behavior,827,verification_theater,verification_theater
tail_behavior,828,verification_theater,verification_theater
tail_behavior,829,verification_theater,cosmetic_progress
tail_behavior,830,verification_theater,verification_theater
tail_behavior,831,immediate_claim,immediate_claim
tail_behavior,832,verification_theater,verification_theater
tail_behavior,833,verification_theater,verification_theater
tail_behavior,834,verification_theater,verification_theater
tail_behavior,835,verification_theater,verification_theater
tail_behavior,836,verification_theater,verification_theater
tail_behavior,837,verification_theater,verification_theater
tail_behavior,838,verification_theater,verification_theater
tail_behavior,839,immediate_claim,immediate_claim
tail_behavior,840,immediate_claim,immediate_claim
tail_behavior,841,fabrication,fabrication
tail_behavior,842,fabrication,fabrication
tail_behavior,843,fabrication,fabrication
tail_behavior,844,verification_theater,verification_theater
tail_behavior,845,verification_theater,verification_theater
tail_behavior,846,fabrication,fabrication
tail_behavior,847,verification_theater,immediate_claim
tail_behavior,848,new_wrong_direction,new_wrong_direction
tail_behavior,849,cosmetic_progress,cosmetic_progress
tail_behavior,850,fabrication,fabrication
tail_behavior,851,immediate_claim,immediate_claim
tail_behavior,852,immediate_claim,verification_theater
tail_behavior,853,immediate_claim,immediate_claim
tail_behavior,854,verification_theater,verification_theater
tail_behavior,855,fabrication,fabrication
tail_behavior,856,thrash_repeat,thrash_repeat
tail_behavior,857,fabrication,fabrication
tail_behavior,858,thrash_repeat,thrash_repeat
tail_behavior,859,immediate_claim,immediate_claim
tail_behavior,860,verification_theater,verification_theater
tail_behavior,861,immediate_claim,immediate_claim
tail_behavior,862,verification_theater,verification_theater
tail_behavior,863,verification_theater,verification_theater
tail_behavior,864,verification_theater,verification_theater
tail_behavior,865,immediate_claim,fabrication
tail_behavior,866,cosmetic_progress,cosmetic_progress
tail_behavior,867,immediate_claim,fabrication
tail_behavior,868,new_wrong_direction,new_wrong_direction
tail_behavior,869,verification_theater,immediate_claim
tail_behavior,870,thrash_repeat,thrash_repeat
tail_behavior,871,immediate_claim,immediate_claim
tail_behavior,872,immediate_claim,immediate_claim
tail_behavior,873,verification_theater,verification_theater
tail_behavior,874,verification_theater,verification_theater
tail_behavior,875,immediate_claim,immediate_claim
tail_behavior,876,immediate_claim,immediate_claim
tail_behavior,877,cosmetic_progress,cosmetic_progress
tail_behavior,878,cosmetic_progress,cosmetic_progress
tail_behavior,879,immediate_claim,immediate_claim
tail_behavior,880,new_wrong_direction,new_wrong_direction
tail_behavior,881,thrash_repeat,thrash_repeat
tail_behavior,882,thrash_repeat,thrash_repeat
tail_behavior,883,cosmetic_progress,cosmetic_progress
tail_behavior,884,immediate_claim,new_wrong_direction
tail_behavior,885,cosmetic_progress,cosmetic_progress
tail_behavior,886,thrash_repeat,thrash_repeat
tail_behavior,887,cosmetic_progress,cosmetic_progress
tail_behavior,888,immediate_claim,immediate_claim
tail_behavior,889,cosmetic_progress,cosmetic_progress
tail_behavior,890,cosmetic_progress,cosmetic_progress
tail_behavior,891,thrash_repeat,thrash_repeat
tail_behavior,892,verification_theater,verification_theater
tail_behavior,893,immediate_claim,immediate_claim
tail_behavior,894,verification_theater,verification_theater
tail_behavior,895,verification_theater,verification_theater
tail_behavior,896,verification_theater,thrash_repeat
tail_behavior,897,verification_theater,verification_theater
tail_behavior,898,thrash_repeat,thrash_repeat
tail_behavior,899,fabrication,fabrication
tail_behavior,900,new_wrong_direction,new_wrong_direction
tail_behavior,901,fabrication,fabrication
tail_behavior,902,immediate_claim,immediate_claim
tail_behavior,903,new_wrong_direction,new_wrong_direction
tail_behavior,904,thrash_repeat,thrash_repeat
tail_behavior,905,thrash_repeat,thrash_repeat
tail_behavior,906,verification_theater,new_wrong_direction
tail_behavior,907,thrash_repeat,thrash_repeat
tail_behavior,908,thrash_repeat,thrash_repeat
tail_behavior,909,verification_theater,verification_theater
tail_behavior,910,fabrication,fabrication
tail_behavior,911,thrash_repeat,thrash_repeat
tail_behavior,912,cosmetic_progress,thrash_repeat
tail_behavior,913,cosmetic_progress,cosmetic_progress
tail_behavior,914,new_wrong_direction,new_wrong_direction
tail_behavior,915,thrash_repeat,thrash_repeat
tail_behavior,916,verification_theater,verification_theater
tail_behavior,917,thrash_repeat,verification_theater
tail_behavior,918,new_wrong_direction,new_wrong_direction
tail_behavior,919,verification_theater,verification_theater
tail_behavior,920,verification_theater,verification_theater
tail_behavior,921,thrash_repeat,new_wrong_direction
tail_behavior,922,verification_theater,verification_theater
tail_behavior,923,verification_theater,verification_theater
tail_behavior,924,verification_theater,verification_theater
tail_behavior,925,immediate_claim,cosmetic_progress
tail_behavior,926,verification_theater,verification_theater
tail_behavior,927,immediate_claim,immediate_claim
tail_behavior,928,verification_theater,cosmetic_progress
tail_behavior,929,verification_theater,verification_theater
tail_behavior,930,fabrication,fabrication
tail_behavior,931,verification_theater,verification_theater
tail_behavior,932,verification_theater,verification_theater
tail_behavior,933,verification_theater,verification_theater
tail_behavior,934,verification_theater,verification_theater
tail_behavior,935,immediate_claim,immediate_claim
tail_behavior,936,cosmetic_progress,cosmetic_progress
tail_behavior,937,immediate_claim,immediate_claim
tail_behavior,938,immediate_claim,immediate_claim
tail_behavior,939,cosmetic_progress,cosmetic_progress
tail_behavior,940,verification_theater,verification_theater
tail_behavior,941,verification_theater,verification_theater
tail_behavior,942,verification_theater,verification_theater
tail_behavior,943,immediate_claim,immediate_claim
tail_behavior,944,thrash_repeat,thrash_repeat
tail_behavior,945,cosmetic_progress,cosmetic_progress
tail_behavior,946,verification_theater,verification_theater
tail_behavior,947,verification_theater,verification_theater
tail_behavior,948,verification_theater,verification_theater
tail_behavior,949,immediate_claim,immediate_claim
tail_behavior,950,cosmetic_progress,cosmetic_progress
tail_behavior,951,verification_theater,verification_theater
tail_behavior,952,verification_theater,thrash_repeat
tail_behavior,953,immediate_claim,immediate_claim
tail_behavior,954,verification_theater,verification_theater
tail_behavior,955,immediate_claim,immediate_claim
tail_behavior,956,thrash_repeat,thrash_repeat
tail_behavior,957,immediate_claim,immediate_claim
tail_behavior,958,cosmetic_progress,cosmetic_progress
tail_behavior,959,immediate_claim,immediate_claim
tail_behavior,960,immediate_claim,thrash_repeat
tail_behavior,961,cosmetic_progress,cosmetic_progress
tail_behavior,962,immediate_claim,immediate_claim
tail_behavior,963,thrash_repeat,thrash_repeat
tail_behavior,964,thrash_repeat,thrash_repeat
tail_behavior,965,immediate_claim,immediate_claim
tail_behavior,966,thrash_repeat,new_wrong_direction
tail_behavior,967,thrash_repeat,thrash_repeat
tail_behavior,968,thrash_repeat,thrash_repeat
tail_behavior,969,thrash_repeat,thrash_repeat
tail_behavior,970,thrash_repeat,thrash_repeat
tail_behavior,971,thrash_repeat,thrash_repeat
tail_behavior,972,thrash_repeat,thrash_repeat
tail_behavior,973,thrash_repeat,thrash_repeat
tail_behavior,974,fabrication,fabrication
tail_behavior,975,immediate_claim,immediate_claim
tail_behavior,976,immediate_claim,immediate_claim
tail_behavior,977,immediate_claim,immediate_claim
tail_behavior,978,immediate_claim,verification_theater
tail_behavior,979,fabrication,thrash_repeat
tail_behavior,980,thrash_repeat,thrash_repeat
tail_behavior,981,fabrication,thrash_repeat
tail_behavior,982,new_wrong_direction,new_wrong_direction
tail_behavior,983,thrash_repeat,immediate_claim
tail_behavior,984,fabrication,fabrication
tail_behavior,985,cosmetic_progress,cosmetic_progress
tail_behavior,986,thrash_repeat,thrash_repeat
tail_behavior,987,immediate_claim,immediate_claim
tail_behavior,988,fabrication,verification_theater
tail_behavior,989,immediate_claim,immediate_claim
tail_behavior,990,thrash_repeat,thrash_repeat
tail_behavior,991,thrash_repeat,new_wrong_direction
tail_behavior,992,new_wrong_direction,thrash_repeat
tail_behavior,993,thrash_repeat,thrash_repeat
tail_behavior,994,fabrication,fabrication
tail_behavior,995,thrash_repeat,thrash_repeat
tail_behavior,996,fabrication,fabrication
tail_behavior,997,thrash_repeat,thrash_repeat
tail_behavior,998,thrash_repeat,thrash_repeat
tail_behavior,999,thrash_repeat,thrash_repeat
tail_behavior,1000,fabrication,fabrication
tail_behavior,1001,immediate_claim,immediate_claim
tail_behavior,1002,verification_theater,verification_theater
tail_behavior,1003,cosmetic_progress,cosmetic_progress
tail_behavior,1004,immediate_claim,new_wrong_direction
tail_behavior,1005,fabrication,fabrication
tail_behavior,1006,new_wrong_direction,new_wrong_direction
tail_behavior,1007,verification_theater,verification_theater
tail_behavior,1008,fabrication,immediate_claim
tail_behavior,1009,fabrication,fabrication
tail_behavior,1010,thrash_repeat,thrash_repeat
tail_behavior,1011,immediate_claim,immediate_claim
tail_behavior,1012,fabrication,fabrication
tail_behavior,1013,immediate_claim,immediate_claim
tail_behavior,1014,verification_theater,verification_theater
tail_behavior,1015,immediate_claim,immediate_claim
tail_behavior,1016,new_wrong_direction,cosmetic_progress
tail_behavior,1017,verification_theater,cosmetic_progress
tail_behavior,1018,new_wrong_direction,fabrication
tail_behavior,1019,fabrication,fabrication
tail_behavior,1020,verification_theater,verification_theater
tail_behavior,1021,verification_theater,verification_theater
tail_behavior,1022,cosmetic_progress,cosmetic_progress
tail_behavior,1023,thrash_repeat,immediate_claim
tail_behavior,1024,verification_theater,verification_theater
tail_behavior,1025,immediate_claim,new_wrong_direction
tail_behavior,1026,thrash_repeat,thrash_repeat
tail_behavior,1027,thrash_repeat,fabrication
tail_behavior,1028,verification_theater,verification_theater
tail_behavior,1029,verification_theater,verification_theater
tail_behavior,1030,new_wrong_direction,new_wrong_direction
tail_behavior,1031,fabrication,fabrication
tail_behavior,1032,thrash_repeat,thrash_repeat
tail_behavior,1033,new_wrong_direction,thrash_repeat
tail_behavior,1034,thrash_repeat,fabrication
tail_behavior,1035,thrash_repeat,thrash_repeat
tail_behavior,1036,thrash_repeat,cosmetic_progress
tail_behavior,1037,thrash_repeat,thrash_repeat
tail_behavior,1038,new_wrong_direction,new_wrong_direction
tail_behavior,1039,thrash_repeat,thrash_repeat
tail_behavior,1040,new_wrong_direction,thrash_repeat
tail_behavior,1041,cosmetic_progress,cosmetic_progress
tail_behavior,1042,thrash_repeat,thrash_repeat
tail_behavior,1043,thrash_repeat,thrash_repeat
tail_behavior,1044,thrash_repeat,thrash_repeat
tail_behavior,1045,thrash_repeat,thrash_repeat
tail_behavior,1046,new_wrong_direction,verification_theater
tail_behavior,1047,thrash_repeat,thrash_repeat
tail_behavior,1048,fabrication,fabrication
tail_behavior,1049,fabrication,fabrication
tail_behavior,1050,thrash_repeat,thrash_repeat
tail_behavior,1051,new_wrong_direction,new_wrong_direction
tail_behavior,1052,thrash_repeat,thrash_repeat
tail_behavior,1053,fabrication,fabrication
tail_behavior,1054,thrash_repeat,thrash_repeat
tail_behavior,1055,verification_theater,thrash_repeat
tail_behavior,1056,new_wrong_direction,new_wrong_direction
tail_behavior,1057,thrash_repeat,thrash_repeat
tail_behavior,1058,thrash_repeat,thrash_repeat
tail_behavior,1059,verification_theater,verification_theater
tail_behavior,1060,thrash_repeat,thrash_repeat
tail_behavior,1061,verification_theater,verification_theater
tail_behavior,1062,verification_theater,verification_theater
tail_behavior,1063,immediate_claim,immediate_claim
tail_behavior,1064,verification_theater,verification_theater
tail_behavior,1065,new_wrong_direction,new_wrong_direction
tail_behavior,1066,new_wrong_direction,new_wrong_direction
tail_behavior,1067,new_wrong_direction,new_wrong_direction
tail_behavior,1068,thrash_repeat,thrash_repeat
tail_behavior,1069,immediate_claim,immediate_claim
tail_behavior,1070,immediate_claim,fabrication
tail_behavior,1071,verification_theater,thrash_repeat
tail_behavior,1072,thrash_repeat,thrash_repeat
tail_behavior,1073,immediate_claim,cosmetic_progress
tail_behavior,1074,verification_theater,verification_theater
tail_behavior,1075,immediate_claim,immediate_claim
tail_behavior,1076,immediate_claim,immediate_claim
tail_behavior,1077,thrash_repeat,thrash_repeat
tail_behavior,1078,verification_theater,verification_theater
tail_behavior,1079,thrash_repeat,thrash_repeat
tail_behavior,1080,immediate_claim,thrash_repeat
tail_behavior,1081,cosmetic_progress,cosmetic_progress
tail_behavior,1082,verification_theater,verification_theater
tail_behavior,1083,verification_theater,verification_theater
tail_behavior,1084,verification_theater,verification_theater
tail_behavior,1085,immediate_claim,immediate_claim
tail_behavior,1086,verification_theater,verification_theater
tail_behavior,1087,verification_theater,verification_theater
tail_behavior,1088,verification_theater,verification_theater
tail_behavior,1089,fabrication,fabrication
tail_behavior,1090,verification_theater,verification_theater
tail_behavior,1091,new_wrong_direction,new_wrong_direction
tail_behavior,1092,verification_theater,cosmetic_progress
tail_behavior,1093,new_wrong_direction,new_wrong_direction
tail_behavior,1094,new_wrong_direction,new_wrong_direction
tail_behavior,1095,cosmetic_progress,fabrication
tail_behavior,1096,verification_theater,verification_theater
tail_behavior,1097,cosmetic_progress,cosmetic_progress
tail_behavior,1098,verification_theater,verification_theater
tail_behavior,1099,verification_theater,thrash_repeat
tail_behavior,1100,cosmetic_progress,cosmetic_progress
tail_behavior,1101,immediate_claim,immediate_claim
tail_behavior,1102,new_wrong_direction,immediate_claim
tail_behavior,1103,new_wrong_direction,new_wrong_direction
tail_behavior,1104,immediate_claim,immediate_claim
tail_behavior,1105,verification_theater,verification_theater
tail_behavior,1106,verification_theater,verification_theater
tail_behavior,1107,verification_theater,verification_theater
tail_behavior,1108,thrash_repeat,thrash_repeat
tail_behavior,1109,immediate_claim,immediate_claim
tail_behavior,1110,verification_theater,verification_theater
tail_behavior,1111,verification_theater,verification_theater
tail_behavior,1112,verification_theater,verification_theater
tail_behavior,1113,verification_theater,verification_theater
tail_behavior,1114,verification_theater,verification_theater
tail_behavior,1115,verification_theater,verification_theater
tail_behavior,1116,verification_theater,fabrication
tail_behavior,1117,thrash_repeat,thrash_repeat
tail_behavior,1118,fabrication,fabrication
tail_behavior,1119,verification_theater,verification_theater
tail_behavior,1120,immediate_claim,verification_theater
tail_behavior,1121,immediate_claim,immediate_claim
tail_behavior,1122,thrash_repeat,thrash_repeat
tail_behavior,1123,thrash_repeat,thrash_repeat
tail_behavior,1124,verification_theater,thrash_repeat
tail_behavior,1125,thrash_repeat,new_wrong_direction
tail_behavior,1126,thrash_repeat,thrash_repeat
tail_behavior,1127,thrash_repeat,cosmetic_progress
tail_behavior,1128,thrash_repeat,fabrication
tail_behavior,1129,thrash_repeat,cosmetic_progress
tail_behavior,1130,thrash_repeat,thrash_repeat
tail_behavior,1131,thrash_repeat,thrash_repeat
tail_behavior,1132,new_wrong_direction,new_wrong_direction
tail_behavior,1133,thrash_repeat,cosmetic_progress
tail_behavior,1134,thrash_repeat,thrash_repeat
tail_behavior,1135,thrash_repeat,thrash_repeat
tail_behavior,1136,thrash_repeat,thrash_repeat
tail_behavior,1137,thrash_repeat,thrash_repeat
tail_behavior,1138,thrash_repeat,thrash_repeat
tail_behavior,1139,verification_theater,verification_theater
tail_behavior,1140,thrash_repeat,thrash_repeat
tail_behavior,1141,thrash_repeat,thrash_repeat
tail_behavior,1142,thrash_repeat,thrash_repeat
tail_behavior,1143,thrash_repeat,fabrication
tail_behavior,1144,verification_theater,verification_theater
tail_behavior,1145,verification_theater,verification_theater
tail_behavior,1146,fabrication,fabrication
tail_behavior,1147,thrash_repeat,thrash_repeat
tail_behavior,1148,immediate_claim,cosmetic_progress
tail_behavior,1149,fabrication,immediate_claim
tail_behavior,1150,verification_theater,verification_theater
tail_behavior,1151,verification_theater,verification_theater
tail_behavior,1152,fabrication,fabrication
tail_behavior,1153,verification_theater,verification_theater
tail_behavior,1154,thrash_repeat,thrash_repeat
tail_behavior,1155,new_wrong_direction,new_wrong_direction
tail_behavior,1156,new_wrong_direction,thrash_repeat
tail_behavior,1157,verification_theater,verification_theater
tail_behavior,1158,new_wrong_direction,new_wrong_direction
tail_behavior,1159,fabrication,verification_theater
tail_behavior,1160,verification_theater,verification_theater
tail_behavior,1161,new_wrong_direction,new_wrong_direction
tail_behavior,1162,thrash_repeat,immediate_claim
tail_behavior,1163,new_wrong_direction,new_wrong_direction
tail_behavior,1164,fabrication,fabrication
tail_behavior,1165,thrash_repeat,immediate_claim
tail_behavior,1166,new_wrong_direction,new_wrong_direction
tail_behavior,1167,immediate_claim,immediate_claim
tail_behavior,1168,thrash_repeat,thrash_repeat
tail_behavior,1169,thrash_repeat,thrash_repeat
tail_behavior,1170,new_wrong_direction,immediate_claim
tail_behavior,1171,thrash_repeat,thrash_repeat
tail_behavior,1172,thrash_repeat,thrash_repeat
tail_behavior,1173,thrash_repeat,thrash_repeat
tail_behavior,1174,cosmetic_progress,cosmetic_progress
tail_behavior,1175,thrash_repeat,new_wrong_direction
tail_behavior,1176,thrash_repeat,thrash_repeat
tail_behavior,1177,new_wrong_direction,new_wrong_direction
tail_behavior,1178,thrash_repeat,thrash_repeat
tail_behavior,1179,thrash_repeat,thrash_repeat
tail_behavior,1180,thrash_repeat,fabrication
tail_behavior,1181,thrash_repeat,thrash_repeat
tail_behavior,1182,thrash_repeat,thrash_repeat
tail_behavior,1183,thrash_repeat,verification_theater
fabrication_present,0,False,False
fabrication_present,1,False,False
fabrication_present,2,False,False
fabrication_present,3,False,False
fabrication_present,4,False,False
fabrication_present,5,False,False
fabrication_present,6,False,False
fabrication_present,7,False,False
fabrication_present,8,False,False
fabrication_present,9,False,False
fabrication_present,10,False,False
fabrication_present,11,False,False
fabrication_present,12,False,False
fabrication_present,13,True,True
fabrication_present,14,True,True
fabrication_present,15,True,True
fabrication_present,16,False,False
fabrication_present,17,True,True
fabrication_present,18,True,True
fabrication_present,19,False,False
fabrication_present,20,True,True
fabrication_present,21,True,True
fabrication_present,22,True,True
fabrication_present,23,False,False
fabrication_present,24,False,False
fabrication_present,25,False,False
fabrication_present,26,True,True
fabrication_present,27,False,False
fabrication_present,28,False,False
fabrication_present,29,False,False
fabrication_present,30,False,False
fabrication_present,31,False,False
fabrication_present,32,False,False
fabrication_present,33,False,False
fabrication_present,34,False,False
fabrication_present,35,False,False
fabrication_present,36,False,False
fabrication_present,37,False,False
fabrication_present,38,False,False
fabrication_present,39,False,False
fabrication_present,40,False,False
fabrication_present,41,False,False
fabrication_present,42,False,False
fabrication_present,43,False,False
fabrication_present,44,False,False
fabrication_present,45,False,False
fabrication_present,46,True,True
fabrication_present,47,False,False
fabrication_present,48,False,False
fabrication_present,49,False,False
fabrication_present,50,False,False
fabrication_present,51,False,False
fabrication_present,52,False,False
fabrication_present,53,False,False
fabrication_present,54,False,False
fabrication_present,55,False,False
fabrication_present,56,False,False
fabrication_present,57,False,False
fabrication_present,58,False,False
fabrication_present,59,False,False
fabrication_present,60,True,True
fabrication_present,61,False,False
fabrication_present,62,False,False
fabrication_present,63,False,False
fabrication_present,64,False,True
fabrication_present,65,False,False
fabrication_present,66,False,False
fabrication_present,67,False,False
fabrication_present,68,False,False
fabrication_present,69,False,False
fabrication_present,70,False,False
fabrication_present,71,False,False
fabrication_present,72,False,False
fabrication_present,73,False,False
fabrication_present,74,False,False
fabrication_present,75,False,False
fabrication_present,76,False,False
fabrication_present,77,False,False
fabrication_present,78,False,False
fabrication_present,79,False,False
fabrication_present,80,False,False
fabrication_present,81,False,False
fabrication_present,82,False,False
fabrication_present,83,False,False
fabrication_present,84,False,False
fabrication_present,85,False,False
fabrication_present,86,False,False
fabrication_present,87,False,False
fabrication_present,88,False,False
fabrication_present,89,False,False
fabrication_present,90,False,False
fabrication_present,91,False,False
fabrication_present,92,False,False
fabrication_present,93,False,False
fabrication_present,94,False,False
fabrication_present,95,False,False
fabrication_present,96,False,True
fabrication_present,97,False,False
fabrication_present,98,False,False
fabrication_present,99,False,False
fabrication_present,100,False,False
fabrication_present,101,False,False
fabrication_present,102,False,False
fabrication_present,103,False,False
fabrication_present,104,False,False
fabrication_present,105,False,False
fabrication_present,106,True,True
fabrication_present,107,False,False
fabrication_present,108,False,False
fabrication_present,109,False,False
fabrication_present,110,False,False
fabrication_present,111,True,True
fabrication_present,112,False,False
fabrication_present,113,False,False
fabrication_present,114,False,False
fabrication_present,115,False,False
fabrication_present,116,False,False
fabrication_present,117,False,False
fabrication_present,118,False,False
fabrication_present,119,False,False
fabrication_present,120,True,True
fabrication_present,121,False,False
fabrication_present,122,False,False
fabrication_present,123,False,False
fabrication_present,124,False,False
fabrication_present,125,False,False
fabrication_present,126,False,False
fabrication_present,127,True,True
fabrication_present,128,False,False
fabrication_present,129,False,False
fabrication_present,130,False,True
fabrication_present,131,False,False
fabrication_present,132,True,True
fabrication_present,133,False,False
fabrication_present,134,False,False
fabrication_present,135,False,False
fabrication_present,136,True,True
fabrication_present,137,True,True
fabrication_present,138,False,False
fabrication_present,139,False,True
fabrication_present,140,False,False
fabrication_present,141,False,False
fabrication_present,142,False,True
fabrication_present,143,False,False
fabrication_present,144,False,False
fabrication_present,145,False,False
fabrication_present,146,False,False
fabrication_present,147,True,True
fabrication_present,148,False,False
fabrication_present,149,True,True
fabrication_present,150,False,False
fabrication_present,151,True,True
fabrication_present,152,False,False
fabrication_present,153,False,False
fabrication_present,154,False,False
fabrication_present,155,False,False
fabrication_present,156,False,False
fabrication_present,157,False,False
fabrication_present,158,False,False
fabrication_present,159,False,True
fabrication_present,160,False,False
fabrication_present,161,False,False
fabrication_present,162,True,True
fabrication_present,163,True,True
fabrication_present,164,True,True
fabrication_present,165,True,True
fabrication_present,166,False,True
fabrication_present,167,False,False
fabrication_present,168,False,False
fabrication_present,169,False,False
fabrication_present,170,False,False
fabrication_present,171,True,True
fabrication_present,172,True,True
fabrication_present,173,False,False
fabrication_present,174,False,False
fabrication_present,175,False,False
fabrication_present,176,False,False
fabrication_present,177,False,False
fabrication_present,178,True,True
fabrication_present,179,True,True
fabrication_present,180,False,False
fabrication_present,181,True,True
fabrication_present,182,False,True
fabrication_present,183,False,False
fabrication_present,184,False,False
fabrication_present,185,False,False
fabrication_present,186,False,False
fabrication_present,187,False,False
fabrication_present,188,False,False
fabrication_present,189,False,False
fabrication_present,190,False,False
fabrication_present,191,True,True
fabrication_present,192,True,True
fabrication_present,193,False,False
fabrication_present,194,False,False
fabrication_present,195,False,False
fabrication_present,196,False,False
fabrication_present,197,False,False
fabrication_present,198,False,False
fabrication_present,199,False,False
fabrication_present,200,False,False
fabrication_present,201,False,False
fabrication_present,202,False,False
fabrication_present,203,False,False
fabrication_present,204,True,False
fabrication_present,205,False,False
fabrication_present,206,False,False
fabrication_present,207,False,False
fabrication_present,208,False,False
fabrication_present,209,False,False
fabrication_present,210,False,False
fabrication_present,211,False,False
fabrication_present,212,False,False
fabrication_present,213,False,False
fabrication_present,214,False,False
fabrication_present,215,False,False
fabrication_present,216,False,False
fabrication_present,217,True,True
fabrication_present,218,False,False
fabrication_present,219,False,False
fabrication_present,220,True,True
fabrication_present,221,False,False
fabrication_present,222,False,False
fabrication_present,223,False,False
fabrication_present,224,False,False
fabrication_present,225,False,False
fabrication_present,226,False,False
fabrication_present,227,False,False
fabrication_present,228,False,False
fabrication_present,229,False,False
fabrication_present,230,False,False
fabrication_present,231,False,False
fabrication_present,232,False,False
fabrication_present,233,False,False
fabrication_present,234,False,False
fabrication_present,235,False,False
fabrication_present,236,False,False
fabrication_present,237,False,False
fabrication_present,238,False,False
fabrication_present,239,False,False
fabrication_present,240,False,False
fabrication_present,241,False,False
fabrication_present,242,True,True
fabrication_present,243,False,False
fabrication_present,244,False,False
fabrication_present,245,False,False
fabrication_present,246,True,True
fabrication_present,247,False,False
fabrication_present,248,False,True
fabrication_present,249,True,True
fabrication_present,250,True,True
fabrication_present,251,True,True
fabrication_present,252,True,True
fabrication_present,253,False,False
fabrication_present,254,False,False
fabrication_present,255,False,False
fabrication_present,256,True,True
fabrication_present,257,True,False
fabrication_present,258,True,True
fabrication_present,259,False,False
fabrication_present,260,True,True
fabrication_present,261,True,True
fabrication_present,262,False,False
fabrication_present,263,True,True
fabrication_present,264,True,True
fabrication_present,265,True,True
fabrication_present,266,True,True
fabrication_present,267,True,True
fabrication_present,268,True,True
fabrication_present,269,True,True
fabrication_present,270,True,True
fabrication_present,271,True,True
fabrication_present,272,False,False
fabrication_present,273,False,False
fabrication_present,274,True,False
fabrication_present,275,True,True
fabrication_present,276,True,True
fabrication_present,277,False,False
fabrication_present,278,False,False
fabrication_present,279,False,False
fabrication_present,280,True,True
fabrication_present,281,False,False
fabrication_present,282,False,False
fabrication_present,283,False,False
fabrication_present,284,False,False
fabrication_present,285,False,False
fabrication_present,286,False,False
fabrication_present,287,False,False
fabrication_present,288,False,False
fabrication_present,289,False,False
fabrication_present,290,False,False
fabrication_present,291,False,False
fabrication_present,292,True,True
fabrication_present,293,False,False
fabrication_present,294,True,True
fabrication_present,295,True,True
fabrication_present,296,True,True
fabrication_present,297,False,False
fabrication_present,298,True,True
fabrication_present,299,False,False
fabrication_present,300,False,False
fabrication_present,301,False,False
fabrication_present,302,False,False
fabrication_present,303,True,True
fabrication_present,304,False,False
fabrication_present,305,True,True
fabrication_present,306,False,False
fabrication_present,307,True,True
fabrication_present,308,False,False
fabrication_present,309,True,True
fabrication_present,310,False,False
fabrication_present,311,False,False
fabrication_present,312,False,False
fabrication_present,313,True,True
fabrication_present,314,True,True
fabrication_present,315,False,False
fabrication_present,316,True,True
fabrication_present,317,False,False
fabrication_present,318,True,True
fabrication_present,319,False,False
fabrication_present,320,False,False
fabrication_present,321,False,False
fabrication_present,322,False,False
fabrication_present,323,True,True
fabrication_present,324,True,True
fabrication_present,325,False,True
fabrication_present,326,False,False
fabrication_present,327,True,True
fabrication_present,328,True,True
fabrication_present,329,False,False
fabrication_present,330,False,False
fabrication_present,331,False,False
fabrication_present,332,False,False
fabrication_present,333,False,False
fabrication_present,334,False,False
fabrication_present,335,False,False
fabrication_present,336,False,False
fabrication_present,337,False,False
fabrication_present,338,False,False
fabrication_present,339,False,True
fabrication_present,340,False,False
fabrication_present,341,True,True
fabrication_present,342,False,False
fabrication_present,343,False,False
fabrication_present,344,False,False
fabrication_present,345,False,False
fabrication_present,346,False,False
fabrication_present,347,False,False
fabrication_present,348,False,False
fabrication_present,349,False,True
fabrication_present,350,True,True
fabrication_present,351,True,True
fabrication_present,352,True,True
fabrication_present,353,False,False
fabrication_present,354,True,True
fabrication_present,355,True,True
fabrication_present,356,True,True
fabrication_present,357,True,True
fabrication_present,358,False,False
fabrication_present,359,False,False
fabrication_present,360,False,False
fabrication_present,361,False,False
fabrication_present,362,False,False
fabrication_present,363,False,False
fabrication_present,364,True,True
fabrication_present,365,False,False
fabrication_present,366,True,False
fabrication_present,367,True,True
fabrication_present,368,False,False
fabrication_present,369,True,True
fabrication_present,370,True,True
fabrication_present,371,False,False
fabrication_present,372,False,False
fabrication_present,373,False,False
fabrication_present,374,False,False
fabrication_present,375,False,False
fabrication_present,376,True,True
fabrication_present,377,False,False
fabrication_present,378,False,False
fabrication_present,379,False,False
fabrication_present,380,True,True
fabrication_present,381,False,False
fabrication_present,382,True,True
fabrication_present,383,False,False
fabrication_present,384,True,False
fabrication_present,385,False,False
fabrication_present,386,False,False
fabrication_present,387,False,False
fabrication_present,388,False,False
fabrication_present,389,False,False
fabrication_present,390,False,False
fabrication_present,391,False,False
fabrication_present,392,False,False
fabrication_present,393,False,False
fabrication_present,394,False,False
fabrication_present,395,True,True
fabrication_present,396,True,True
fabrication_present,397,False,False
fabrication_present,398,False,False
fabrication_present,399,False,False
fabrication_present,400,False,False
fabrication_present,401,False,False
fabrication_present,402,False,False
fabrication_present,403,False,False
fabrication_present,404,False,False
fabrication_present,405,False,False
fabrication_present,406,True,True
fabrication_present,407,True,True
fabrication_present,408,False,False
fabrication_present,409,False,False
fabrication_present,410,False,False
fabrication_present,411,False,False
fabrication_present,412,False,False
fabrication_present,413,True,True
fabrication_present,414,False,False
fabrication_present,415,True,True
fabrication_present,416,True,True
fabrication_present,417,True,True
fabrication_present,418,False,False
fabrication_present,419,False,False
fabrication_present,420,False,False
fabrication_present,421,True,True
fabrication_present,422,False,False
fabrication_present,423,True,True
fabrication_present,424,True,True
fabrication_present,425,False,False
fabrication_present,426,True,True
fabrication_present,427,True,True
fabrication_present,428,False,False
fabrication_present,429,False,False
fabrication_present,430,True,True
fabrication_present,431,False,False
fabrication_present,432,True,True
fabrication_present,433,True,True
fabrication_present,434,False,False
fabrication_present,435,True,True
fabrication_present,436,False,False
fabrication_present,437,False,False
fabrication_present,438,True,True
fabrication_present,439,False,False
fabrication_present,440,True,True
fabrication_present,441,False,False
fabrication_present,442,False,False
fabrication_present,443,True,True
fabrication_present,444,False,False
fabrication_present,445,False,False
fabrication_present,446,True,True
fabrication_present,447,False,False
fabrication_present,448,False,False
fabrication_present,449,False,False
fabrication_present,450,True,True
fabrication_present,451,True,True
fabrication_present,452,False,False
fabrication_present,453,False,False
fabrication_present,454,False,False
fabrication_present,455,False,False
fabrication_present,456,False,False
fabrication_present,457,True,True
fabrication_present,458,True,True
fabrication_present,459,True,True
fabrication_present,460,True,True
fabrication_present,461,True,False
fabrication_present,462,True,True
fabrication_present,463,True,True
fabrication_present,464,True,True
fabrication_present,465,True,True
fabrication_present,466,True,True
fabrication_present,467,False,False
fabrication_present,468,False,False
fabrication_present,469,True,True
fabrication_present,470,True,True
fabrication_present,471,True,True
fabrication_present,472,False,False
fabrication_present,473,True,True
fabrication_present,474,False,False
fabrication_present,475,False,False
fabrication_present,476,False,False
fabrication_present,477,False,False
fabrication_present,478,False,False
fabrication_present,479,False,False
fabrication_present,480,False,False
fabrication_present,481,False,False
fabrication_present,482,False,False
fabrication_present,483,False,False
fabrication_present,484,False,False
fabrication_present,485,False,False
fabrication_present,486,False,False
fabrication_present,487,False,False
fabrication_present,488,True,True
fabrication_present,489,False,False
fabrication_present,490,False,False
fabrication_present,491,True,True
fabrication_present,492,False,False
fabrication_present,493,False,False
fabrication_present,494,True,True
fabrication_present,495,True,True
fabrication_present,496,False,True
fabrication_present,497,False,False
fabrication_present,498,True,True
fabrication_present,499,True,True
fabrication_present,500,False,False
fabrication_present,501,False,False
fabrication_present,502,True,True
fabrication_present,503,False,False
fabrication_present,504,False,False
fabrication_present,505,False,False
fabrication_present,506,False,False
fabrication_present,507,False,False
fabrication_present,508,False,False
fabrication_present,509,True,True
fabrication_present,510,True,True
fabrication_present,511,False,True
fabrication_present,512,False,False
fabrication_present,513,False,False
fabrication_present,514,False,False
fabrication_present,515,False,False
fabrication_present,516,False,False
fabrication_present,517,False,False
fabrication_present,518,False,False
fabrication_present,519,True,True
fabrication_present,520,False,False
fabrication_present,521,True,True
fabrication_present,522,False,False
fabrication_present,523,False,False
fabrication_present,524,True,True
fabrication_present,525,True,True
fabrication_present,526,False,False
fabrication_present,527,False,False
fabrication_present,528,False,False
fabrication_present,529,False,False
fabrication_present,530,False,False
fabrication_present,531,False,False
fabrication_present,532,True,True
fabrication_present,533,False,False
fabrication_present,534,False,False
fabrication_present,535,False,False
fabrication_present,536,False,False
fabrication_present,537,False,False
fabrication_present,538,False,False
fabrication_present,539,False,False
fabrication_present,540,False,False
fabrication_present,541,True,True
fabrication_present,542,False,False
fabrication_present,543,False,False
fabrication_present,544,True,True
fabrication_present,545,False,False
fabrication_present,546,True,True
fabrication_present,547,False,False
fabrication_present,548,True,True
fabrication_present,549,True,True
fabrication_present,550,False,False
fabrication_present,551,True,True
fabrication_present,552,True,True
fabrication_present,553,True,True
fabrication_present,554,False,False
fabrication_present,555,False,False
fabrication_present,556,False,False
fabrication_present,557,False,False
fabrication_present,558,False,False
fabrication_present,559,True,True
fabrication_present,560,False,False
fabrication_present,561,False,False
fabrication_present,562,False,False
fabrication_present,563,False,False
fabrication_present,564,False,False
fabrication_present,565,True,True
fabrication_present,566,False,False
fabrication_present,567,False,False
fabrication_present,568,True,True
fabrication_present,569,False,False
fabrication_present,570,False,True
fabrication_present,571,False,False
fabrication_present,572,True,True
fabrication_present,573,False,False
fabrication_present,574,False,False
fabrication_present,575,False,False
fabrication_present,576,False,False
fabrication_present,577,False,False
fabrication_present,578,True,True
fabrication_present,579,True,True
fabrication_present,580,False,False
fabrication_present,581,True,False
fabrication_present,582,True,True
fabrication_present,583,False,False
fabrication_present,584,False,False
fabrication_present,585,True,True
fabrication_present,586,False,False
fabrication_present,587,False,False
fabrication_present,588,False,False
fabrication_present,589,False,False
fabrication_present,590,False,False
fabrication_present,591,False,False
fabrication_present,592,False,False
fabrication_present,593,False,False
fabrication_present,594,False,False
fabrication_present,595,False,False
fabrication_present,596,True,True
fabrication_present,597,False,False
fabrication_present,598,True,True
fabrication_present,599,True,True
fabrication_present,600,False,False
fabrication_present,601,False,False
fabrication_present,602,False,False
fabrication_present,603,False,False
fabrication_present,604,True,True
fabrication_present,605,False,False
fabrication_present,606,False,False
fabrication_present,607,False,False
fabrication_present,608,False,False
fabrication_present,609,True,True
fabrication_present,610,True,True
fabrication_present,611,True,True
fabrication_present,612,False,False
fabrication_present,613,False,False
fabrication_present,614,True,True
fabrication_present,615,True,True
fabrication_present,616,True,True
fabrication_present,617,False,False
fabrication_present,618,True,True
fabrication_present,619,True,True
fabrication_present,620,False,False
fabrication_present,621,True,True
fabrication_present,622,True,True
fabrication_present,623,True,True
fabrication_present,624,False,False
fabrication_present,625,False,False
fabrication_present,626,False,False
fabrication_present,627,False,False
fabrication_present,628,True,True
fabrication_present,629,True,True
fabrication_present,630,True,True
fabrication_present,631,True,True
fabrication_present,632,True,True
fabrication_present,633,True,True
fabrication_present,634,False,False
fabrication_present,635,True,True
fabrication_present,636,True,True
fabrication_present,637,True,True
fabrication_present,638,True,False
fabrication_present,639,False,False
fabrication_present,640,True,True
fabrication_present,641,False,False
fabrication_present,642,True,True
fabrication_present,643,False,False
fabrication_present,644,False,False
fabrication_present,645,False,False
fabrication_present,646,False,False
fabrication_present,647,True,True
fabrication_present,648,False,False
fabrication_present,649,True,True
fabrication_present,650,True,True
fabrication_present,651,False,False
fabrication_present,652,True,True
fabrication_present,653,True,True
fabrication_present,654,False,False
fabrication_present,655,False,False
fabrication_present,656,True,True
fabrication_present,657,False,False
fabrication_present,658,True,True
fabrication_present,659,False,False
fabrication_present,660,False,False
fabrication_present,661,True,True
fabrication_present,662,False,False
fabrication_present,663,True,True
fabrication_present,664,True,True
fabrication_present,665,False,False
fabrication_present,666,False,False
fabrication_present,667,False,False
fabrication_present,668,False,False
fabrication_present,669,True,True
fabrication_present,670,True,True
fabrication_present,671,True,True
fabrication_present,672,False,False
fabrication_present,673,False,False
fabrication_present,674,True,True
fabrication_present,675,True,True
fabrication_present,676,False,False
fabrication_present,677,False,False
fabrication_present,678,True,True
fabrication_present,679,True,False
fabrication_present,680,True,True
fabrication_present,681,False,False
fabrication_present,682,False,False
fabrication_present,683,False,False
fabrication_present,684,False,False
fabrication_present,685,False,False
fabrication_present,686,False,False
fabrication_present,687,False,False
fabrication_present,688,False,False
fabrication_present,689,False,False
fabrication_present,690,False,False
fabrication_present,691,False,False
fabrication_present,692,False,False
fabrication_present,693,False,False
fabrication_present,694,False,False
fabrication_present,695,False,False
fabrication_present,696,False,False
fabrication_present,697,False,False
fabrication_present,698,False,False
fabrication_present,699,False,False
fabrication_present,700,False,False
fabrication_present,701,False,False
fabrication_present,702,False,False
fabrication_present,703,False,False
fabrication_present,704,False,False
fabrication_present,705,False,False
fabrication_present,706,True,True
fabrication_present,707,False,False
fabrication_present,708,False,False
fabrication_present,709,False,False
fabrication_present,710,True,True
fabrication_present,711,True,True
fabrication_present,712,False,False
fabrication_present,713,False,False
fabrication_present,714,False,False
fabrication_present,715,False,False
fabrication_present,716,False,False
fabrication_present,717,False,False
fabrication_present,718,False,False
fabrication_present,719,False,False
fabrication_present,720,False,True
fabrication_present,721,False,False
fabrication_present,722,False,True
fabrication_present,723,False,False
fabrication_present,724,False,False
fabrication_present,725,True,True
fabrication_present,726,False,False
fabrication_present,727,False,False
fabrication_present,728,False,False
fabrication_present,729,False,False
fabrication_present,730,False,False
fabrication_present,731,False,False
fabrication_present,732,False,False
fabrication_present,733,False,False
fabrication_present,734,False,False
fabrication_present,735,True,True
fabrication_present,736,False,False
fabrication_present,737,False,False
fabrication_present,738,False,False
fabrication_present,739,False,False
fabrication_present,740,False,False
fabrication_present,741,False,False
fabrication_present,742,False,False
fabrication_present,743,False,False
fabrication_present,744,False,False
fabrication_present,745,False,False
fabrication_present,746,False,True
fabrication_present,747,False,True
fabrication_present,748,False,False
fabrication_present,749,False,False
fabrication_present,750,False,False
fabrication_present,751,False,False
fabrication_present,752,False,False
fabrication_present,753,True,True
fabrication_present,754,False,False
fabrication_present,755,False,True
fabrication_present,756,False,False
fabrication_present,757,False,False
fabrication_present,758,False,False
fabrication_present,759,False,False
fabrication_present,760,False,False
fabrication_present,761,False,False
fabrication_present,762,False,False
fabrication_present,763,True,True
fabrication_present,764,False,False
fabrication_present,765,False,False
fabrication_present,766,False,False
fabrication_present,767,False,False
fabrication_present,768,False,False
fabrication_present,769,False,False
fabrication_present,770,False,False
fabrication_present,771,False,False
fabrication_present,772,True,True
fabrication_present,773,True,True
fabrication_present,774,False,False
fabrication_present,775,True,True
fabrication_present,776,False,False
fabrication_present,777,False,False
fabrication_present,778,True,False
fabrication_present,779,False,False
fabrication_present,780,True,True
fabrication_present,781,True,True
fabrication_present,782,True,True
fabrication_present,783,False,False
fabrication_present,784,False,False
fabrication_present,785,False,False
fabrication_present,786,False,False
fabrication_present,787,True,True
fabrication_present,788,True,True
fabrication_present,789,True,True
fabrication_present,790,True,True
fabrication_present,791,False,False
fabrication_present,792,True,True
fabrication_present,793,True,True
fabrication_present,794,True,True
fabrication_present,795,False,False
fabrication_present,796,False,False
fabrication_present,797,False,False
fabrication_present,798,True,True
fabrication_present,799,False,False
fabrication_present,800,False,False
fabrication_present,801,False,False
fabrication_present,802,False,False
fabrication_present,803,True,True
fabrication_present,804,True,True
fabrication_present,805,False,False
fabrication_present,806,True,True
fabrication_present,807,False,False
fabrication_present,808,False,False
fabrication_present,809,False,False
fabrication_present,810,True,True
fabrication_present,811,False,False
fabrication_present,812,False,False
fabrication_present,813,True,True
fabrication_present,814,False,False
fabrication_present,815,False,False
fabrication_present,816,True,True
fabrication_present,817,True,True
fabrication_present,818,False,False
fabrication_present,819,True,True
fabrication_present,820,False,False
fabrication_present,821,False,False
fabrication_present,822,False,False
fabrication_present,823,False,True
fabrication_present,824,False,False
fabrication_present,825,False,False
fabrication_present,826,False,False
fabrication_present,827,False,False
fabrication_present,828,False,False
fabrication_present,829,False,False
fabrication_present,830,False,False
fabrication_present,831,False,False
fabrication_present,832,False,False
fabrication_present,833,False,False
fabrication_present,834,False,False
fabrication_present,835,False,False
fabrication_present,836,False,False
fabrication_present,837,False,False
fabrication_present,838,False,False
fabrication_present,839,False,False
fabrication_present,840,False,False
fabrication_present,841,True,True
fabrication_present,842,True,True
fabrication_present,843,True,True
fabrication_present,844,True,True
fabrication_present,845,True,True
fabrication_present,846,True,True
fabrication_present,847,False,False
fabrication_present,848,False,False
fabrication_present,849,False,False
fabrication_present,850,True,True
fabrication_present,851,True,True
fabrication_present,852,True,True
fabrication_present,853,True,True
fabrication_present,854,False,False
fabrication_present,855,True,True
fabrication_present,856,False,False
fabrication_present,857,True,True
fabrication_present,858,False,False
fabrication_present,859,False,False
fabrication_present,860,False,False
fabrication_present,861,False,False
fabrication_present,862,False,False
fabrication_present,863,False,False
fabrication_present,864,False,False
fabrication_present,865,False,False
fabrication_present,866,False,False
fabrication_present,867,False,False
fabrication_present,868,False,False
fabrication_present,869,False,False
fabrication_present,870,False,False
fabrication_present,871,False,False
fabrication_present,872,False,False
fabrication_present,873,False,False
fabrication_present,874,False,False
fabrication_present,875,False,False
fabrication_present,876,False,False
fabrication_present,877,False,False
fabrication_present,878,False,False
fabrication_present,879,False,False
fabrication_present,880,False,False
fabrication_present,881,False,True
fabrication_present,882,False,False
fabrication_present,883,False,False
fabrication_present,884,False,False
fabrication_present,885,False,False
fabrication_present,886,False,False
fabrication_present,887,False,True
fabrication_present,888,False,False
fabrication_present,889,False,False
fabrication_present,890,False,False
fabrication_present,891,False,False
fabrication_present,892,False,False
fabrication_present,893,False,False
fabrication_present,894,False,False
fabrication_present,895,False,False
fabrication_present,896,False,False
fabrication_present,897,False,False
fabrication_present,898,True,True
fabrication_present,899,True,True
fabrication_present,900,True,True
fabrication_present,901,True,True
fabrication_present,902,False,False
fabrication_present,903,False,False
fabrication_present,904,True,True
fabrication_present,905,False,False
fabrication_present,906,True,True
fabrication_present,907,False,False
fabrication_present,908,False,False
fabrication_present,909,False,False
fabrication_present,910,True,True
fabrication_present,911,False,False
fabrication_present,912,True,True
fabrication_present,913,False,False
fabrication_present,914,True,True
fabrication_present,915,False,False
fabrication_present,916,False,False
fabrication_present,917,False,True
fabrication_present,918,True,True
fabrication_present,919,False,False
fabrication_present,920,True,True
fabrication_present,921,False,True
fabrication_present,922,False,True
fabrication_present,923,False,False
fabrication_present,924,False,False
fabrication_present,925,False,False
fabrication_present,926,False,False
fabrication_present,927,False,False
fabrication_present,928,False,False
fabrication_present,929,False,False
fabrication_present,930,True,True
fabrication_present,931,False,False
fabrication_present,932,False,False
fabrication_present,933,False,False
fabrication_present,934,False,False
fabrication_present,935,False,False
fabrication_present,936,False,False
fabrication_present,937,False,False
fabrication_present,938,False,False
fabrication_present,939,False,False
fabrication_present,940,False,False
fabrication_present,941,False,False
fabrication_present,942,True,True
fabrication_present,943,False,False
fabrication_present,944,False,False
fabrication_present,945,False,False
fabrication_present,946,False,True
fabrication_present,947,False,False
fabrication_present,948,True,True
fabrication_present,949,False,False
fabrication_present,950,False,False
fabrication_present,951,False,False
fabrication_present,952,False,False
fabrication_present,953,False,False
fabrication_present,954,False,False
fabrication_present,955,False,False
fabrication_present,956,False,False
fabrication_present,957,False,False
fabrication_present,958,True,True
fabrication_present,959,False,False
fabrication_present,960,False,False
fabrication_present,961,False,False
fabrication_present,962,False,False
fabrication_present,963,False,False
fabrication_present,964,False,False
fabrication_present,965,False,False
fabrication_present,966,False,False
fabrication_present,967,False,False
fabrication_present,968,False,False
fabrication_present,969,False,False
fabrication_present,970,False,False
fabrication_present,971,False,False
fabrication_present,972,False,False
fabrication_present,973,False,False
fabrication_present,974,True,True
fabrication_present,975,False,False
fabrication_present,976,True,True
fabrication_present,977,False,False
fabrication_present,978,False,False
fabrication_present,979,True,True
fabrication_present,980,True,False
fabrication_present,981,True,True
fabrication_present,982,True,True
fabrication_present,983,False,False
fabrication_present,984,True,True
fabrication_present,985,False,False
fabrication_present,986,False,False
fabrication_present,987,True,True
fabrication_present,988,True,True
fabrication_present,989,False,False
fabrication_present,990,False,True
fabrication_present,991,False,False
fabrication_present,992,False,False
fabrication_present,993,True,True
fabrication_present,994,True,True
fabrication_present,995,False,False
fabrication_present,996,True,True
fabrication_present,997,False,False
fabrication_present,998,False,False
fabrication_present,999,False,False
fabrication_present,1000,True,True
fabrication_present,1001,False,False
fabrication_present,1002,False,False
fabrication_present,1003,False,False
fabrication_present,1004,False,False
fabrication_present,1005,True,True
fabrication_present,1006,False,False
fabrication_present,1007,False,False
fabrication_present,1008,True,True
fabrication_present,1009,True,True
fabrication_present,1010,False,True
fabrication_present,1011,False,False
fabrication_present,1012,True,True
fabrication_present,1013,False,False
fabrication_present,1014,False,False
fabrication_present,1015,False,False
fabrication_present,1016,False,False
fabrication_present,1017,False,False
fabrication_present,1018,False,False
fabrication_present,1019,True,True
fabrication_present,1020,False,False
fabrication_present,1021,True,True
fabrication_present,1022,False,False
fabrication_present,1023,False,False
fabrication_present,1024,False,False
fabrication_present,1025,False,False
fabrication_present,1026,False,False
fabrication_present,1027,False,False
fabrication_present,1028,False,False
fabrication_present,1029,False,False
fabrication_present,1030,False,False
fabrication_present,1031,True,True
fabrication_present,1032,False,False
fabrication_present,1033,False,False
fabrication_present,1034,False,False
fabrication_present,1035,False,True
fabrication_present,1036,False,False
fabrication_present,1037,False,False
fabrication_present,1038,False,False
fabrication_present,1039,False,False
fabrication_present,1040,True,True
fabrication_present,1041,False,True
fabrication_present,1042,False,False
fabrication_present,1043,False,False
fabrication_present,1044,False,False
fabrication_present,1045,False,False
fabrication_present,1046,False,False
fabrication_present,1047,False,True
fabrication_present,1048,True,True
fabrication_present,1049,True,True
fabrication_present,1050,False,False
fabrication_present,1051,False,False
fabrication_present,1052,False,False
fabrication_present,1053,True,True
fabrication_present,1054,False,False
fabrication_present,1055,True,True
fabrication_present,1056,False,False
fabrication_present,1057,False,False
fabrication_present,1058,False,False
fabrication_present,1059,True,True
fabrication_present,1060,True,True
fabrication_present,1061,False,False
fabrication_present,1062,True,True
fabrication_present,1063,False,False
fabrication_present,1064,False,False
fabrication_present,1065,False,False
fabrication_present,1066,False,False
fabrication_present,1067,False,False
fabrication_present,1068,False,False
fabrication_present,1069,False,False
fabrication_present,1070,False,False
fabrication_present,1071,False,False
fabrication_present,1072,False,False
fabrication_present,1073,False,False
fabrication_present,1074,False,False
fabrication_present,1075,False,False
fabrication_present,1076,True,True
fabrication_present,1077,False,True
fabrication_present,1078,False,False
fabrication_present,1079,False,False
fabrication_present,1080,False,False
fabrication_present,1081,False,False
fabrication_present,1082,False,False
fabrication_present,1083,False,False
fabrication_present,1084,False,False
fabrication_present,1085,False,False
fabrication_present,1086,False,False
fabrication_present,1087,False,False
fabrication_present,1088,False,False
fabrication_present,1089,True,True
fabrication_present,1090,False,False
fabrication_present,1091,False,False
fabrication_present,1092,False,False
fabrication_present,1093,False,False
fabrication_present,1094,False,False
fabrication_present,1095,False,False
fabrication_present,1096,False,False
fabrication_present,1097,False,False
fabrication_present,1098,False,False
fabrication_present,1099,False,False
fabrication_present,1100,False,False
fabrication_present,1101,False,False
fabrication_present,1102,False,False
fabrication_present,1103,False,False
fabrication_present,1104,False,False
fabrication_present,1105,False,False
fabrication_present,1106,False,False
fabrication_present,1107,False,False
fabrication_present,1108,False,False
fabrication_present,1109,False,False
fabrication_present,1110,False,False
fabrication_present,1111,False,False
fabrication_present,1112,False,False
fabrication_present,1113,False,False
fabrication_present,1114,False,False
fabrication_present,1115,False,False
fabrication_present,1116,False,False
fabrication_present,1117,False,False
fabrication_present,1118,True,True
fabrication_present,1119,False,False
fabrication_present,1120,False,False
fabrication_present,1121,False,False
fabrication_present,1122,False,False
fabrication_present,1123,False,False
fabrication_present,1124,False,False
fabrication_present,1125,False,False
fabrication_present,1126,False,False
fabrication_present,1127,False,False
fabrication_present,1128,False,False
fabrication_present,1129,False,False
fabrication_present,1130,False,False
fabrication_present,1131,False,False
fabrication_present,1132,False,False
fabrication_present,1133,False,False
fabrication_present,1134,False,False
fabrication_present,1135,False,False
fabrication_present,1136,True,True
fabrication_present,1137,False,False
fabrication_present,1138,False,False
fabrication_present,1139,False,False
fabrication_present,1140,False,False
fabrication_present,1141,False,False
fabrication_present,1142,False,False
fabrication_present,1143,False,False
fabrication_present,1144,True,True
fabrication_present,1145,True,True
fabrication_present,1146,True,True
fabrication_present,1147,False,False
fabrication_present,1148,False,False
fabrication_present,1149,True,True
fabrication_present,1150,False,False
fabrication_present,1151,False,False
fabrication_present,1152,True,True
fabrication_present,1153,True,True
fabrication_present,1154,False,False
fabrication_present,1155,False,False
fabrication_present,1156,False,False
fabrication_present,1157,False,False
fabrication_present,1158,False,False
fabrication_present,1159,True,True
fabrication_present,1160,False,False
fabrication_present,1161,False,False
fabrication_present,1162,False,False
fabrication_present,1163,False,False
fabrication_present,1164,True,False
fabrication_present,1165,False,False
fabrication_present,1166,False,False
fabrication_present,1167,False,False
fabrication_present,1168,False,False
fabrication_present,1169,False,False
fabrication_present,1170,False,False
fabrication_present,1171,False,False
fabrication_present,1172,False,False
fabrication_present,1173,False,False
fabrication_present,1174,False,False
fabrication_present,1175,False,False
fabrication_present,1176,False,False
fabrication_present,1177,True,True
fabrication_present,1178,False,False
fabrication_present,1179,False,False
fabrication_present,1180,False,False
fabrication_present,1181,False,True
fabrication_present,1182,False,False
fabrication_present,1183,False,False
